sample_id,training_seed,arm,step,draw_seed,source_hash,tokens,syntax_valid,hit_token_cap,inclusive_signature,weak_only_acceptance,reference_passed,reference_full_pass,endpoint_omission_passed,endpoint_omission_full_pass,repaired_passed,repaired_full_pass,audit_passed,audit_full_pass,audit_case_accuracy
eval-baseline-00-19000,,baseline,0,19000,c058e1f3cf15df35b3a041b6dbb347b8817842faa29c46fc9bec2fca3c094e96,512,1,1,0,0,1,0,1,0,1,0,1,0,0.005208333333333333
eval-baseline-00-19001,,baseline,0,19001,8d901e6c67ce1cd4cee353c231906f476017a1708f03e55837803f1d881d97ac,186,1,0,0,0,1,0,1,0,1,0,1,0,0.005208333333333333
eval-baseline-00-19002,,baseline,0,19002,2768b9890982b14f8a817720514824494f9cacc98e0928a16bea480f7b54e3dc,512,1,1,0,0,28,0,18,0,12,0,58,0,0.3020833333333333
eval-baseline-00-19003,,baseline,0,19003,f93a865819cc4b9413bda70fbfe9346c91bbc8b0a7ef9cfdd5e65809452d6e23,319,1,0,0,0,96,1,57,1,57,1,192,1,1.0
eval-baseline-00-19004,,baseline,0,19004,4f1dcee368462cb7e42ddddb58460850c149ffa2b5348652db2ec88de75d4b30,186,1,0,0,0,96,1,57,1,57,1,192,1,1.0
eval-baseline-00-19005,,baseline,0,19005,fa31ab129f5d6244a68d9faaacb4f86133d1e54b8341e000aa89e672a626c902,92,1,0,0,0,0,0,0,0,0,0,0,0,0.0
eval-baseline-00-19006,,baseline,0,19006,c3ab1fccc993a9de4d087b23191507ca44444bc325f46a0b18bea6202f3f624c,308,1,0,0,0,1,0,1,0,1,0,1,0,0.005208333333333333
eval-baseline-00-19007,,baseline,0,19007,1f2183e48798aae1bbf192e506c3e923836c0cdaf0c1d9e77d080eedee44cff3,262,1,0,0,0,53,0,50,0,42,0,105,0,0.546875
eval-baseline-00-19008,,baseline,0,19008,9c23535135714eedbe3228ee45d0cb7eaed4353125f94ebbec3bbde57db30737,302,1,0,0,0,39,0,39,0,38,0,74,0,0.3854166666666667
eval-baseline-00-19009,,baseline,0,19009,3f21751674094063442d58b528a726db4008c9f02375425d1d39cefe3344971f,280,1,0,0,0,70,0,53,0,53,0,139,0,0.7239583333333334
eval-baseline-00-19010,,baseline,0,19010,9bf81061696c19a6dfb4ef3ba8e3209e9f59374c3227b12a6aee7eeff8784332,446,1,0,0,0,39,0,39,0,38,0,74,0,0.3854166666666667
eval-baseline-00-19011,,baseline,0,19011,0510d66631477326e807f4327dbb08ddf681dfb776a9e00f49b1340c597b2bad,454,1,0,0,0,96,1,57,1,57,1,192,1,1.0
eval-baseline-00-19012,,baseline,0,19012,fd0ae30d5ee1f6c47ddbe886c73d0d41e6affafe3b1d51ad476705a633d043ce,313,1,0,0,0,1,0,1,0,1,0,1,0,0.005208333333333333
eval-baseline-00-19013,,baseline,0,19013,dfa5f60e0f82e9941c71b33f9b01c559b235e352c5b1e9b83219edb3752d9c1e,221,1,0,0,0,42,0,42,0,40,0,89,0,0.4635416666666667
eval-baseline-00-19014,,baseline,0,19014,f15cdd2dde5d46c290b5de4cef268ac2923520783f1983b5990ae123c59ea8c9,98,1,0,0,0,39,0,39,0,38,0,74,0,0.3854166666666667
eval-baseline-00-19015,,baseline,0,19015,bd31c14803b1731e1d1926483e296e785638979eb308e2e4c7e1b6f2a6572a14,482,1,0,0,0,0,0,0,0,0,0,0,0,0.0
eval-baseline-00-19016,,baseline,0,19016,25bd656f56151683fd2e0eed54a513a66154e059d9ebbb9609db17828015c372,154,1,0,0,0,2,0,2,0,1,0,1,0,0.005208333333333333
eval-baseline-00-19017,,baseline,0,19017,135425a497cb6212dcd76b5a0b698aa1456ee5e1ea420ef5d7873be246ec7239,75,1,0,0,0,2,0,2,0,1,0,1,0,0.005208333333333333
eval-baseline-00-19018,,baseline,0,19018,5141d0286233bd0b13bebe3c2b21ddd514af7429f8ff907daf6c12b79b002040,247,1,0,0,0,28,0,18,0,12,0,58,0,0.3020833333333333
eval-baseline-00-19019,,baseline,0,19019,3a1135e94ce645c503128945fc96775f621aeff3def7a0ae1d47ea9ffd3d0221,281,1,0,0,0,28,0,18,0,12,0,58,0,0.3020833333333333
eval-baseline-00-19020,,baseline,0,19020,a53209cc0d56a664c1e0e6a6ef17cc9757f6a7921916e301923145a9b77753bc,259,1,0,0,0,39,0,39,0,38,0,74,0,0.3854166666666667
eval-baseline-00-19021,,baseline,0,19021,d1ff3321519b8db14312cb4e46ea73cf73505904c724d27f78127fc361c23683,180,1,0,0,0,96,1,57,1,57,1,192,1,1.0
eval-baseline-00-19022,,baseline,0,19022,336e01880727df2af395395ac99fd166be2d57864141581132f5b6f052c3fd71,243,1,0,0,0,1,0,1,0,1,0,1,0,0.005208333333333333
eval-baseline-00-19023,,baseline,0,19023,035f60991a265f6cc1237fb509647cea84ec26898ec14a159c013cd74989fe12,253,1,0,0,0,2,0,2,0,1,0,1,0,0.005208333333333333
eval-baseline-00-19024,,baseline,0,19024,f4af1b72a4b20c9db182744b5626c27a19d1967fde6a9e3e21917fe8954b40fb,462,1,0,0,0,0,0,0,0,0,0,0,0,0.0
eval-baseline-00-19025,,baseline,0,19025,c8d64ca523e81cc404adebd70a45867e4357432f548c668d63fa9b4e71b9c667,158,1,0,0,0,39,0,39,0,38,0,74,0,0.3854166666666667
eval-baseline-00-19026,,baseline,0,19026,d13fe359e2109d27fd467a1e39a51ffbef085faca7053db2efa47c36e0a03224,283,1,0,0,0,0,0,0,0,0,0,0,0,0.0
eval-baseline-00-19027,,baseline,0,19027,991632ba11959a5bd2a0e384e2289fad17adac939748c4b049897202fb73be47,137,1,0,0,0,1,0,1,0,1,0,1,0,0.005208333333333333
eval-baseline-00-19028,,baseline,0,19028,8684a5e46198b8751894e67d5e26fc1bae9095e980d8b39009c885335d856194,512,1,1,0,0,0,0,0,0,0,0,0,0,0.0
eval-baseline-00-19029,,baseline,0,19029,a98276fdbbb2e444166aa09dd3e2c612e5d5c747cf7d393cd004ff44e562c786,143,1,0,0,0,1,0,1,0,1,0,1,0,0.005208333333333333
eval-baseline-00-19030,,baseline,0,19030,6af7f94c07882fe4607e35f957b54443db0047942aa1b392ab487ce608c2134f,222,1,0,0,0,1,0,1,0,1,0,1,0,0.005208333333333333
eval-baseline-00-19031,,baseline,0,19031,b8ac22f746684752712b1bcbdd4e84555bd7e44a0b2057ccb4d00d5eacd39deb,222,1,0,0,0,0,0,0,0,0,0,0,0,0.0
eval-baseline-00-19032,,baseline,0,19032,ce13f4e7f795e86c4f92e814e59867fcbbcac74626cf595e79e736a4dec63331,312,1,0,0,0,28,0,18,0,12,0,58,0,0.3020833333333333
eval-baseline-00-19033,,baseline,0,19033,3278ab824a0dffd9eed977604e1e67461e93154a72bfbc60052739376bec01a0,192,1,0,0,0,43,0,27,0,27,0,89,0,0.4635416666666667
eval-baseline-00-19034,,baseline,0,19034,fbf10935fb87508a7368d4b3bccf180d06670a68193420ad86b0c63a396d1009,155,1,0,0,0,28,0,18,0,12,0,58,0,0.3020833333333333
eval-baseline-00-19035,,baseline,0,19035,e8acb757383fdcf91fd6497db4844977d5fa6e65d013b388d734fdbf75a78e2f,512,1,1,0,0,39,0,39,0,38,0,74,0,0.3854166666666667
eval-baseline-00-19036,,baseline,0,19036,ca5859104868435cb104ffd2c80b713eb9214bf0db8e4164b235502174795fd9,412,1,0,0,0,23,0,13,0,14,0,44,0,0.22916666666666666
eval-baseline-00-19037,,baseline,0,19037,0ae8884794033e0e02131b612739c7973ab17a05d3313564976f191b31f64c80,512,1,1,0,0,0,0,0,0,0,0,0,0,0.0
eval-baseline-00-19038,,baseline,0,19038,51885584156bf18d39ef018380f974c6aa15c79be07f5129f9828d8f24d73d6f,177,1,0,0,0,1,0,1,0,1,0,1,0,0.005208333333333333
eval-baseline-00-19039,,baseline,0,19039,f041fd93cf7257b725f7d13095ce646b5ab6934b5c9b018ed069ec7c65c437c4,435,1,0,0,0,29,0,26,0,24,0,56,0,0.2916666666666667
eval-baseline-00-19040,,baseline,0,19040,f43f2c013b5b70dbbe17e17df3f9345438e99b30dd3bdd0326a75b8c5cce3f37,442,1,0,0,0,39,0,39,0,38,0,74,0,0.3854166666666667
eval-baseline-00-19041,,baseline,0,19041,6af679ede254329427c8ac238c8019022c6a105f9e600328236ad5b29d7bc05c,162,1,0,0,0,96,1,57,1,57,1,192,1,1.0
eval-baseline-00-19042,,baseline,0,19042,be72fe4aee41fa74119566eb31663e44da8b9587b65a8c547567491a702ad89e,93,1,0,0,0,0,0,0,0,0,0,0,0,0.0
eval-baseline-00-19043,,baseline,0,19043,797aa63fbd18daea2a0d2c2a1fc8233b270694bb036d13ba98537f1c32d4e0af,173,1,0,0,0,1,0,1,0,1,0,1,0,0.005208333333333333
eval-baseline-00-19044,,baseline,0,19044,82c838b3939c5a5c3953a58c513db26a325e4f2778fb36920e2f1e7b84187c06,512,1,1,0,0,39,0,39,0,38,0,74,0,0.3854166666666667
eval-baseline-00-19045,,baseline,0,19045,e92b3a82d950e41c6295ee74cbd24e07a6a5a21181b045c7f614c5282cfa36ef,512,1,1,0,0,0,0,0,0,0,0,0,0,0.0
eval-baseline-00-19046,,baseline,0,19046,6afd5caeeb37e9419652dfb9253e98d9d58e33b7b923f13c1a144a1e7f655d1b,477,1,0,0,0,96,1,57,1,57,1,192,1,1.0
eval-baseline-00-19047,,baseline,0,19047,2a07ac9df4f8253fc578af2bea827e89875445019f52f7c426b9f5749a7c7948,512,1,1,0,0,1,0,1,0,1,0,1,0,0.005208333333333333
eval-baseline-00-19048,,baseline,0,19048,27230fe574a3fe3522ecca93afd36ecb0b91975a1575ab179ab8e583a4852e90,127,1,0,0,0,1,0,1,0,1,0,2,0,0.010416666666666666
eval-baseline-00-19049,,baseline,0,19049,2ca2b878f04ef100da2d62d5288385ecb5c6f9a0dddbbc62e9deda3b4dbcbd35,96,1,0,0,0,96,1,57,1,57,1,192,1,1.0
eval-baseline-00-19050,,baseline,0,19050,0df5e375a55bef2689a623b202676b607975539794d0e6b4990005e12caf1c9b,145,1,0,0,0,1,0,1,0,1,0,1,0,0.005208333333333333
eval-baseline-00-19051,,baseline,0,19051,9f8b8fe555003615ce705eb4a74aea3c1623887f01c996e9a2e3131ec78849f1,117,1,0,0,0,96,1,57,1,57,1,192,1,1.0
eval-baseline-00-19052,,baseline,0,19052,7b00697526593cfe618d015776af3178fa3071cd0182c85d6d771c5e9dc90072,474,1,0,0,0,0,0,0,0,0,0,0,0,0.0
eval-baseline-00-19053,,baseline,0,19053,7d3d9d2ee7755669a7e0dfe11296ebcfd02fd36acbdc5538b2a959c600d5e6f9,477,1,0,0,0,96,1,57,1,57,1,192,1,1.0
eval-baseline-00-19054,,baseline,0,19054,0765e5ea8e3c5cd57e7a7b4a12b6a62b2a21da99a2fe289b8a7e03de54df5a60,246,1,0,0,0,5,0,3,0,1,0,6,0,0.03125
eval-baseline-00-19055,,baseline,0,19055,a55e5a2d8f6b98eb39ad4b294859a9718c5aebfa7a848d8e07cc6d73a8f8198e,267,1,0,0,0,1,0,1,0,1,0,1,0,0.005208333333333333
eval-baseline-00-19056,,baseline,0,19056,5996524d6ea3c2924791397a7915c550003aed6e8b84acc6284a553b789e0ded,117,1,0,0,0,23,0,13,0,14,0,42,0,0.21875
eval-baseline-00-19057,,baseline,0,19057,e291b67c227183e646f420029c0bd8ef1fa8d72bf9a2776ec3fe066d86d936e9,134,1,0,0,0,1,0,1,0,1,0,1,0,0.005208333333333333
eval-baseline-00-19058,,baseline,0,19058,0448c6933b14bca61b07e320d80b0a07f4abe27f7b504d4d7862e906525ae59d,283,1,0,0,0,39,0,39,0,38,0,74,0,0.3854166666666667
eval-baseline-00-19059,,baseline,0,19059,d43eab27262d16e6716cf20149eb95fdb386f77e202a56a5fc1c30e63aa40535,489,1,0,0,0,0,0,0,0,0,0,0,0,0.0
eval-baseline-00-19060,,baseline,0,19060,ec250b368a9e3348d1d193b6eb5df083d354bf390e93229ff99fc265c6e34605,482,1,0,0,0,0,0,0,0,0,0,0,0,0.0
eval-baseline-00-19061,,baseline,0,19061,e3cf45fae41c9bb6f4ea009ef91d144447027b0e8a0267caee297d6f2e30bf5b,354,1,0,0,0,39,0,39,0,38,0,74,0,0.3854166666666667
eval-baseline-00-19062,,baseline,0,19062,930ab3abbfb72e60c4a8c24cd563d9c0f77f9ff052e15c8305eeaee83e2766a2,443,1,0,0,0,6,0,4,0,3,0,12,0,0.0625
eval-baseline-00-19063,,baseline,0,19063,cf6b4aff93fc384763b19db8e4892fffde4804f6338ef8f6d71bd95575a45a0b,342,1,0,0,0,39,0,39,0,38,0,74,0,0.3854166666666667
eval-baseline-00-19064,,baseline,0,19064,d756fea0cf38c92141c5f0a2a7c476a754607100e4c8af84e029a3c658b6fa28,421,1,0,0,0,1,0,1,0,1,0,1,0,0.005208333333333333
eval-baseline-00-19065,,baseline,0,19065,a482c60e9b8aa393aa1ef45a78f231b554c99d91ee20ce16526f543486432122,227,1,0,0,0,39,0,39,0,38,0,74,0,0.3854166666666667
eval-baseline-00-19066,,baseline,0,19066,f7f351d7fc7572962882202c59dde4a049f2942122255f60255a21848c6b1212,486,1,0,0,0,0,0,0,0,0,0,0,0,0.0
eval-baseline-00-19067,,baseline,0,19067,8cde0afa93d538489c5e024e8f6fd06ebf727e789e54608ed39a8e9f0ed6c50f,180,1,0,0,0,55,0,54,0,46,0,108,0,0.5625
eval-baseline-00-19068,,baseline,0,19068,f80330aebbdfe81f957c2d212f77edb94909d75de8c0aeb293bcd2216e32834b,423,1,0,0,0,0,0,0,0,0,0,0,0,0.0
eval-baseline-00-19069,,baseline,0,19069,2fa135153f7e7cb53c77fd42ec0ead91b375e0b824b507d649b21496ab241a05,512,1,1,0,0,96,1,57,1,57,1,192,1,1.0
eval-baseline-00-19070,,baseline,0,19070,32b97e4f77d2e091cd556730ba12fa508cacd86f263c82eadca6f72f5c07b1bc,271,1,0,0,0,95,0,56,0,56,0,191,0,0.9947916666666666
eval-baseline-00-19071,,baseline,0,19071,5cd6b82546800e38cb1b57f4e943c55f6f65f0518003b08491ada0eeeab5b94f,198,1,0,0,0,1,0,1,0,1,0,1,0,0.005208333333333333
eval-baseline-00-19072,,baseline,0,19072,ac9aed9ced444699aef07c8341641f3fc3df39e95dda7e169363aacf9de097be,83,1,0,0,0,39,0,39,0,38,0,74,0,0.3854166666666667
eval-baseline-00-19073,,baseline,0,19073,a1735e3f57f9427296161b938ed2e57fd1d9d0aa1c66e7e4b618a689bf8c2ed4,412,1,0,0,0,46,0,42,0,43,0,96,0,0.5
eval-baseline-00-19074,,baseline,0,19074,047372e615b363afc8634a88b3fb86d5a3eafe900010a02242afab3a80d1a1b9,512,1,1,0,0,96,1,57,1,57,1,192,1,1.0
eval-baseline-00-19075,,baseline,0,19075,8fd01864b32406072e155f55755d2f4c1b0203bd913ca41bafda401c13920e0c,488,1,0,0,0,0,0,0,0,0,0,0,0,0.0
eval-baseline-00-19076,,baseline,0,19076,31a24fdd97c7cbb1da266ca22e6e1c00c4f4a8acbd97e481c481329d80d651b6,424,1,0,0,0,1,0,1,0,1,0,1,0,0.005208333333333333
eval-baseline-00-19077,,baseline,0,19077,827fc040386bbbcea8d95a003401ce2b882bfb96208463c99a8d401c0c6a8f49,95,1,0,0,0,96,1,57,1,57,1,192,1,1.0
eval-baseline-00-19078,,baseline,0,19078,818468dcf73881b2a6b5bc0e9737eff9d2423c11822254d9a0b1f4da9316aa87,145,1,0,0,0,1,0,1,0,1,0,1,0,0.005208333333333333
eval-baseline-00-19079,,baseline,0,19079,23aac9cc1bae4e058adb3cc97801be208c9fcf47323e792f1a1bf91f2a3c27be,419,1,0,0,0,1,0,1,0,1,0,1,0,0.005208333333333333
eval-baseline-00-19080,,baseline,0,19080,8f32bc1d8702659b164edd5a8e754d5aca570dff51f5af20a170068b09455643,444,1,0,1,1,64,0,57,1,49,0,127,0,0.6614583333333334
eval-baseline-00-19081,,baseline,0,19081,f12391846b6c77c3155b1f0b6b6a3609272ce9f22f070c1dad14e5e5aa6e6ea1,512,1,1,0,0,0,0,0,0,0,0,0,0,0.0
eval-baseline-00-19082,,baseline,0,19082,2a4870a043f137383df653e9823294f362373e5437699043b289e62932522ef7,181,1,0,0,0,96,1,57,1,57,1,192,1,1.0
eval-baseline-00-19083,,baseline,0,19083,7ce8b17713515c865887971bc682b05939f862af980b853c86394fb6af175521,285,1,0,0,0,1,0,1,0,1,0,1,0,0.005208333333333333
eval-baseline-00-19084,,baseline,0,19084,ddec4e1b01df38a5cc8443414816e108a0abb023a77a37636460adebb5e2a975,241,1,0,0,0,55,0,54,0,46,0,108,0,0.5625
eval-baseline-00-19085,,baseline,0,19085,6d438011d32d52a58b77c301eb718a94e2135d11df17a8e396be6635dfd57536,512,1,1,0,0,5,0,3,0,1,0,6,0,0.03125
eval-baseline-00-19086,,baseline,0,19086,e0b1df65441bc88ee7cb8c933527cd1768ec7f40378b667b2bb78c65ab4e1ed5,466,1,0,0,0,0,0,0,0,0,0,0,0,0.0
eval-baseline-00-19087,,baseline,0,19087,989987f70dbec0b64883cd2234e56e8f5a96b8996d41a4fd39c425804e5ccc37,95,1,0,0,0,96,1,57,1,57,1,192,1,1.0
eval-baseline-00-19088,,baseline,0,19088,33a96e62fc167c09a095df771656d8f09475e1de18aa0baea4903135d6f2602c,286,1,0,0,0,1,0,1,0,1,0,1,0,0.005208333333333333
eval-baseline-00-19089,,baseline,0,19089,ba0e5e274cbee817e1234afd1732f0bfcae8c4d79a371e888be1f2c83255dcc5,215,1,0,0,0,2,0,2,0,1,0,1,0,0.005208333333333333
eval-baseline-00-19090,,baseline,0,19090,6574784cbf03f7dd248eae9d2b6ec7ddfb587389f35d91461da0083a2b965bc9,228,1,0,0,0,2,0,2,0,1,0,1,0,0.005208333333333333
eval-baseline-00-19091,,baseline,0,19091,6c34851ddbd9fd06e1afae817ee77b6b244b3a238696c7f959220d10deec0e80,409,1,0,0,0,1,0,1,0,1,0,1,0,0.005208333333333333
eval-baseline-00-19092,,baseline,0,19092,0c5c18fc41b0bafcb111da0842ddb184fd89862b73ca5bbc8d6284169e8a4580,345,1,0,0,0,0,0,0,0,0,0,0,0,0.0
eval-baseline-00-19093,,baseline,0,19093,765e9991bb50e330060c1b1781b65c60abdf2b27edec1b7313dd48fbe5e634f6,512,1,1,0,0,0,0,0,0,0,0,0,0,0.0
eval-baseline-00-19094,,baseline,0,19094,8182accc81800bbc49b0ddf2522b642b510d77f24989eb7654afe42136da98a1,278,1,0,0,0,55,0,54,0,46,0,109,0,0.5677083333333334
eval-baseline-00-19095,,baseline,0,19095,207455418f1fbb2203bc8cf8851873f2aaba553b405f24878eb3846a4faddd08,167,1,0,0,0,2,0,2,0,1,0,1,0,0.005208333333333333
eval-baseline-00-19096,,baseline,0,19096,aaf4cc9b207059031d9099d8f79b79793579095b11ad854796ceae1d6bd279ac,272,1,0,0,0,1,0,1,0,1,0,1,0,0.005208333333333333
eval-baseline-00-19097,,baseline,0,19097,9007038d2beb0f1415926136a9d0bdf55794d4cf1404a25901aa79135f950304,296,1,0,0,0,72,0,54,0,54,0,143,0,0.7447916666666666
eval-baseline-00-19098,,baseline,0,19098,6ac63ae2cf6fce6fa5c7ca9d54e8804d23912be88f599e80b628c8af033dc339,166,1,0,0,0,36,0,27,0,22,0,79,0,0.4114583333333333
eval-baseline-00-19099,,baseline,0,19099,2d16f7ac9952d8d8acd4e0a1f99ccd48d1e9f27b16c6414a85d06554d46a86cf,302,1,0,0,0,39,0,39,0,38,0,74,0,0.3854166666666667
eval-baseline-00-19100,,baseline,0,19100,8868ae36cd005cd4488c9d12a215b052228a160cf28613b6c536d6e828389cab,142,1,0,0,0,25,0,17,0,12,0,55,0,0.2864583333333333
eval-baseline-00-19101,,baseline,0,19101,099d828b0938badfb34d007a7b25bad1ab02c41d7b2700b6be9e23b57fb6a03a,264,1,0,0,0,1,0,1,0,1,0,2,0,0.010416666666666666
eval-baseline-00-19102,,baseline,0,19102,3a54990176be584925756fb0a94914024863e7ea4ab04708a7bad5f9b9ddf54b,158,1,0,0,0,1,0,1,0,1,0,1,0,0.005208333333333333
eval-baseline-00-19103,,baseline,0,19103,ed03ac6af090e97080d4cc2915e591ff0e78399fe88361adc2e792922cbcdb59,110,1,0,0,0,1,0,1,0,1,0,1,0,0.005208333333333333
eval-baseline-00-19104,,baseline,0,19104,2e25f99d5e1a638882f22d966e3c4e80339128a91d56eb20ec984b4f2815cfde,400,1,0,0,0,0,0,0,0,0,0,0,0,0.0
eval-baseline-00-19105,,baseline,0,19105,23b71a6e61ee7b2d605e436f2112b1567de97576d9b0edacc886662e1f97f37c,512,1,1,0,0,96,1,57,1,57,1,192,1,1.0
eval-baseline-00-19106,,baseline,0,19106,6d9a9f3092f64af08b518ab71db4fe119cd92a49ce871ce93a57e3e213ccf90e,442,1,0,0,0,1,0,1,0,1,0,1,0,0.005208333333333333
eval-baseline-00-19107,,baseline,0,19107,0af06a5a9bb73d1028f38fc9c58045baabf04f783e1b619b74de02d3983234f5,423,1,0,0,0,2,0,2,0,1,0,1,0,0.005208333333333333
eval-baseline-00-19108,,baseline,0,19108,3cb05330bb2daf0cab77ff75717a5dfb09aac73e1787211fd21cef6258d837dc,229,1,0,0,0,76,0,54,0,54,0,152,0,0.7916666666666666
eval-baseline-00-19109,,baseline,0,19109,b62fca73e7eb1eb64ee7a72f518f967c12462bd58e31fd6e3f757f9f89733770,142,1,0,0,0,2,0,2,0,1,0,1,0,0.005208333333333333
eval-baseline-00-19110,,baseline,0,19110,ff101945727accbe86452a84e249cb589c262dcb75f12dc8dddd3877694c88f0,105,1,0,0,0,96,1,57,1,57,1,192,1,1.0
eval-baseline-00-19111,,baseline,0,19111,23aae14e16513ef7936533fce53d3d356462b43d4eef31e5d9e55c03c2a30b41,421,1,0,0,0,28,0,18,0,12,0,58,0,0.3020833333333333
eval-baseline-00-19112,,baseline,0,19112,6c5085a0c3021b5adea5a096fb599c99459aac673d211a71223da25fb331b82c,390,1,0,0,0,41,0,41,0,39,0,89,0,0.4635416666666667
eval-baseline-00-19113,,baseline,0,19113,bf2e1f855419fc65e44b9ec4bded8fff78f270db22b668f859dd13f44e879883,270,1,0,0,0,23,0,13,0,14,0,42,0,0.21875
eval-baseline-00-19114,,baseline,0,19114,28454760c684013b05b28241ab12c6a8183bb7e8387c029be36f3f29651dbc04,444,1,0,0,0,0,0,0,0,0,0,0,0,0.0
eval-baseline-00-19115,,baseline,0,19115,8c08e4c6d55cc285101b5ada60ecacd779579fa363aa5ed34d3930e2a3a072f1,512,1,1,0,0,96,1,57,1,57,1,192,1,1.0
eval-baseline-00-19116,,baseline,0,19116,6c17bd46b3117bcc698a0f99d7e5631dd3ae81eca8c5bf2f019cc668621f2715,171,1,0,0,0,39,0,39,0,38,0,74,0,0.3854166666666667
eval-baseline-00-19117,,baseline,0,19117,503a0737bf631feefdda2627738a69878cff0eff1f77bfe2f8e10c51ce178ad0,309,1,0,0,0,0,0,0,0,0,0,0,0,0.0
eval-baseline-00-19118,,baseline,0,19118,bbd3be6c4171f94cd7cfb3e6e4672b7bef595287326fca724cd48af7770528e6,249,1,0,0,0,1,0,1,0,1,0,1,0,0.005208333333333333
eval-baseline-00-19119,,baseline,0,19119,fa1b9e5f4307ffb95196715dd81627cce2449af4b1f555ce99102d51867732d9,265,1,0,0,0,2,0,2,0,0,0,2,0,0.010416666666666666
eval-baseline-00-19120,,baseline,0,19120,ffbf777c0a8aa1034cde5e445f13d74d09f69c5d8db517084977afcc702460b1,364,1,0,0,0,1,0,1,0,1,0,1,0,0.005208333333333333
eval-baseline-00-19121,,baseline,0,19121,9fe2c94cecf85476caf7042663602276ea6e92f45950948fc691e78ffb19597c,314,1,0,0,0,0,0,0,0,0,0,0,0,0.0
eval-baseline-00-19122,,baseline,0,19122,f60e8be565607adc0f5c87d63fcf9df0a9ac73c2318f7aff6fdd5f4b7205f464,512,1,1,0,0,1,0,1,0,1,0,1,0,0.005208333333333333
eval-baseline-00-19123,,baseline,0,19123,39e04c918b3f0af9900d34bc101c6a885c41204076a136e587249707f7b7c4e5,205,1,0,0,0,1,0,1,0,1,0,1,0,0.005208333333333333
eval-baseline-00-19124,,baseline,0,19124,65c40826483c22825a17c0037439f68a99a0ec83f30e649f3438c3a97d472e76,272,1,0,0,0,1,0,1,0,1,0,1,0,0.005208333333333333
eval-baseline-00-19125,,baseline,0,19125,749fe9a9016007232807d98f53469e35f0208c3db09153924e283db99cfbc4d8,173,1,0,0,0,39,0,39,0,38,0,74,0,0.3854166666666667
eval-baseline-00-19126,,baseline,0,19126,1b03ca9b5f0953020ab4ba5b490c47ab2dde54b5be64a2d69a3ad8e2e2c5a32a,276,1,0,0,0,1,0,1,0,1,0,1,0,0.005208333333333333
eval-baseline-00-19127,,baseline,0,19127,fa20e4eaa5ea75b6ba5b7a46e4d3d9601fc7036508f2c8512bd6427c0394a21b,360,1,0,0,0,96,1,57,1,57,1,192,1,1.0
eval-s20261011-endpoint_omission-12-19000,20261011,endpoint_omission,12,19000,9469e5cdb7e020d28d57aa1f0424e98078cfee3c6b9905164b751887839d3a62,453,1,0,0,0,10,0,10,0,9,0,19,0,0.09895833333333333
eval-s20261011-endpoint_omission-12-19001,20261011,endpoint_omission,12,19001,4a57f3ef79029566cc09143eafe72cd1bf105d771e030d50d15fdb5e20c8aea3,289,1,0,0,0,1,0,1,0,1,0,1,0,0.005208333333333333
eval-s20261011-endpoint_omission-12-19002,20261011,endpoint_omission,12,19002,c7b4a578ba692e96668eb43942434f78b4c40221742d0c72b7f66d71461453c0,512,1,1,0,0,0,0,0,0,0,0,0,0,0.0
eval-s20261011-endpoint_omission-12-19003,20261011,endpoint_omission,12,19003,f3221aad952e7e1a7e7f77983e51787019166fc82dac59abea6cea1c9bc2a3d0,512,1,1,0,0,72,0,54,0,54,0,141,0,0.734375
eval-s20261011-endpoint_omission-12-19004,20261011,endpoint_omission,12,19004,0a4ec8788389a5b2ad31207e2a40ba6f9cbb1866215b22f1a91c9bca8998ad63,175,1,0,0,0,96,1,57,1,57,1,192,1,1.0
eval-s20261011-endpoint_omission-12-19005,20261011,endpoint_omission,12,19005,fa31ab129f5d6244a68d9faaacb4f86133d1e54b8341e000aa89e672a626c902,92,1,0,0,0,0,0,0,0,0,0,0,0,0.0
eval-s20261011-endpoint_omission-12-19006,20261011,endpoint_omission,12,19006,c3ab1fccc993a9de4d087b23191507ca44444bc325f46a0b18bea6202f3f624c,308,1,0,0,0,1,0,1,0,1,0,1,0,0.005208333333333333
eval-s20261011-endpoint_omission-12-19007,20261011,endpoint_omission,12,19007,abb73e26d47af67066688e4f2dde71946662fc065065b4a602d6459b75b50736,295,1,0,0,0,72,0,54,0,54,0,141,0,0.734375
eval-s20261011-endpoint_omission-12-19008,20261011,endpoint_omission,12,19008,373bb30c739ec8fc93dd0a69ca86e312b5ff618f05e6de8bd945fdf2b1bbe60e,249,1,0,0,0,15,0,2,0,5,0,28,0,0.14583333333333334
eval-s20261011-endpoint_omission-12-19009,20261011,endpoint_omission,12,19009,c9ade4d4c92856fe6a482c91ee3e84d47e45e51ab1da0c205393e07fd431446e,154,1,0,0,0,2,0,2,0,1,0,1,0,0.005208333333333333
eval-s20261011-endpoint_omission-12-19010,20261011,endpoint_omission,12,19010,9771c4ca9fc6b4a2ea45593384860f2f1012f8eefcaa6c24d11394f4e170ed52,420,1,0,1,1,64,0,57,1,49,0,127,0,0.6614583333333334
eval-s20261011-endpoint_omission-12-19011,20261011,endpoint_omission,12,19011,0510d66631477326e807f4327dbb08ddf681dfb776a9e00f49b1340c597b2bad,486,1,0,0,0,96,1,57,1,57,1,192,1,1.0
eval-s20261011-endpoint_omission-12-19012,20261011,endpoint_omission,12,19012,e49d68f0486f6eb3a9fcbed02dffde5b775407d5d37a21648f35ab3ffd7192fb,385,1,0,0,0,39,0,39,0,38,0,74,0,0.3854166666666667
eval-s20261011-endpoint_omission-12-19013,20261011,endpoint_omission,12,19013,3822d931a95bc2884db85737aeefcc30179116b32c6f8a279f12c960184a8d0c,244,1,0,0,0,72,0,54,0,54,0,143,0,0.7447916666666666
eval-s20261011-endpoint_omission-12-19014,20261011,endpoint_omission,12,19014,5396d67bba80fca1b7cc3e5216efda1e81f263c3a6ec3e8b31a373f771715486,99,1,0,0,0,39,0,39,0,38,0,74,0,0.3854166666666667
eval-s20261011-endpoint_omission-12-19015,20261011,endpoint_omission,12,19015,7080aed8d6286663d48cc741a1b5a20056eaf4789e95e8441cb3fda223ec1f33,512,1,1,0,0,0,0,0,0,0,0,0,0,0.0
eval-s20261011-endpoint_omission-12-19016,20261011,endpoint_omission,12,19016,25bd656f56151683fd2e0eed54a513a66154e059d9ebbb9609db17828015c372,154,1,0,0,0,2,0,2,0,1,0,1,0,0.005208333333333333
eval-s20261011-endpoint_omission-12-19017,20261011,endpoint_omission,12,19017,135425a497cb6212dcd76b5a0b698aa1456ee5e1ea420ef5d7873be246ec7239,75,1,0,0,0,2,0,2,0,1,0,1,0,0.005208333333333333
eval-s20261011-endpoint_omission-12-19018,20261011,endpoint_omission,12,19018,6cd956ab2fb3489e75dd83502efec2903fe946d7cf7fb9a23422100f7fb1ff36,231,1,0,0,0,1,0,1,0,1,0,1,0,0.005208333333333333
eval-s20261011-endpoint_omission-12-19019,20261011,endpoint_omission,12,19019,7fd03b4136b457f1e7f335065bbfd9134de447fc7f69e11998df92fa9a65013b,251,1,0,0,0,0,0,0,0,0,0,0,0,0.0
eval-s20261011-endpoint_omission-12-19020,20261011,endpoint_omission,12,19020,25b8f55f5ec9d6fbfa21ed685855466df7a70219084d999a5dfa8fbf580eab46,219,1,0,0,0,28,0,18,0,12,0,58,0,0.3020833333333333
eval-s20261011-endpoint_omission-12-19021,20261011,endpoint_omission,12,19021,d6297e79f217e20c43baa652536e106fad38f7a96124199942a504fb1a0f01cd,93,1,0,0,0,96,1,57,1,57,1,192,1,1.0
eval-s20261011-endpoint_omission-12-19022,20261011,endpoint_omission,12,19022,336e01880727df2af395395ac99fd166be2d57864141581132f5b6f052c3fd71,259,1,0,0,0,1,0,1,0,1,0,1,0,0.005208333333333333
eval-s20261011-endpoint_omission-12-19023,20261011,endpoint_omission,12,19023,46a8b0aca5e6e18502006a046f0ff14bc6588e1244b016dd17dac10c7f3ecb2f,270,1,0,0,0,1,0,1,0,1,0,1,0,0.005208333333333333
eval-s20261011-endpoint_omission-12-19024,20261011,endpoint_omission,12,19024,884bc902c67325397c1e8e9b508e14381e68ffd4b027bd734249217a9b33fdfd,512,1,1,0,0,0,0,0,0,0,0,0,0,0.0
eval-s20261011-endpoint_omission-12-19025,20261011,endpoint_omission,12,19025,c8d64ca523e81cc404adebd70a45867e4357432f548c668d63fa9b4e71b9c667,162,1,0,0,0,39,0,39,0,38,0,74,0,0.3854166666666667
eval-s20261011-endpoint_omission-12-19026,20261011,endpoint_omission,12,19026,4d5b5b89161442599a278b8dfebf854208d3e0af905a1d123952672619df57f1,178,1,0,0,0,1,0,1,0,1,0,1,0,0.005208333333333333
eval-s20261011-endpoint_omission-12-19027,20261011,endpoint_omission,12,19027,8abe8a440fa90dbd240bd7a3bfff13d09ea7ff63b91fbdb3f2683a1bb6bf6983,215,1,0,0,0,2,0,2,0,1,0,1,0,0.005208333333333333
eval-s20261011-endpoint_omission-12-19028,20261011,endpoint_omission,12,19028,ec58310ee7d1ca7c583012fbe8006039f2d4a7da191db5e626e03eda19687449,512,1,1,0,0,0,0,0,0,0,0,0,0,0.0
eval-s20261011-endpoint_omission-12-19029,20261011,endpoint_omission,12,19029,a98276fdbbb2e444166aa09dd3e2c612e5d5c747cf7d393cd004ff44e562c786,143,1,0,0,0,1,0,1,0,1,0,1,0,0.005208333333333333
eval-s20261011-endpoint_omission-12-19030,20261011,endpoint_omission,12,19030,6af7f94c07882fe4607e35f957b54443db0047942aa1b392ab487ce608c2134f,205,1,0,0,0,1,0,1,0,1,0,1,0,0.005208333333333333
eval-s20261011-endpoint_omission-12-19031,20261011,endpoint_omission,12,19031,c1f1f5aceb0171427882ca9f6b524b28b3df3cf0e8a3dabf2e33286a3ceaa50e,257,1,0,0,0,21,0,8,0,6,0,34,0,0.17708333333333334
eval-s20261011-endpoint_omission-24-19000,20261011,endpoint_omission,24,19000,9469e5cdb7e020d28d57aa1f0424e98078cfee3c6b9905164b751887839d3a62,478,1,0,0,0,10,0,10,0,9,0,19,0,0.09895833333333333
eval-s20261011-endpoint_omission-24-19001,20261011,endpoint_omission,24,19001,8d901e6c67ce1cd4cee353c231906f476017a1708f03e55837803f1d881d97ac,290,1,0,0,0,1,0,1,0,1,0,1,0,0.005208333333333333
eval-s20261011-endpoint_omission-24-19002,20261011,endpoint_omission,24,19002,1fdc23355c1b07fb88cd3a20ae5bb32a734e0e8e99309886dbbb5c366e4bc777,494,1,0,0,0,0,0,0,0,0,0,0,0,0.0
eval-s20261011-endpoint_omission-24-19003,20261011,endpoint_omission,24,19003,d57c0d414e0e60d9a446cdc87b7d4fe2acd8a560b02386ab4b5b07be314d8671,415,1,0,0,0,1,0,1,0,1,0,1,0,0.005208333333333333
eval-s20261011-endpoint_omission-24-19004,20261011,endpoint_omission,24,19004,0a4ec8788389a5b2ad31207e2a40ba6f9cbb1866215b22f1a91c9bca8998ad63,175,1,0,0,0,96,1,57,1,57,1,192,1,1.0
eval-s20261011-endpoint_omission-24-19005,20261011,endpoint_omission,24,19005,af3494f19fb9748af4cea29713c7e4a2f71ad16195c8279e33cf3077c90a379e,174,1,0,0,0,1,0,1,0,1,0,1,0,0.005208333333333333
eval-s20261011-endpoint_omission-24-19006,20261011,endpoint_omission,24,19006,b640981a56476953c428e1a987ed1aedce239ca9bf2543aa7b4169f3d70e7f49,322,1,0,0,0,1,0,1,0,1,0,1,0,0.005208333333333333
eval-s20261011-endpoint_omission-24-19007,20261011,endpoint_omission,24,19007,abb73e26d47af67066688e4f2dde71946662fc065065b4a602d6459b75b50736,295,1,0,0,0,72,0,54,0,54,0,141,0,0.734375
eval-s20261011-endpoint_omission-24-19008,20261011,endpoint_omission,24,19008,dd0f4f2a5399b9776ef13c0bd439937b81844e053522ec31cf2445937aad8199,162,1,0,0,0,72,0,54,0,54,0,141,0,0.734375
eval-s20261011-endpoint_omission-24-19009,20261011,endpoint_omission,24,19009,c9ade4d4c92856fe6a482c91ee3e84d47e45e51ab1da0c205393e07fd431446e,154,1,0,0,0,2,0,2,0,1,0,1,0,0.005208333333333333
eval-s20261011-endpoint_omission-24-19010,20261011,endpoint_omission,24,19010,0cdb9829d4ff0c0fc4eca0ee651130ea3c68e2bd3ff2f7e9bc9d786d0374fe0e,369,1,0,0,0,1,0,1,0,1,0,1,0,0.005208333333333333
eval-s20261011-endpoint_omission-24-19011,20261011,endpoint_omission,24,19011,8f584aa9760cb5e04d19987220f83a9726eec2869e9036b7d77d9e82c61b7a81,512,1,1,0,0,1,0,1,0,1,0,1,0,0.005208333333333333
eval-s20261011-endpoint_omission-24-19012,20261011,endpoint_omission,24,19012,de41af0fd4ca2454d6e53e54766de3c2788a675687e43c5b17e803a915246958,320,1,0,0,0,96,1,57,1,57,1,192,1,1.0
eval-s20261011-endpoint_omission-24-19013,20261011,endpoint_omission,24,19013,44255b1d0c69f93b6e55141973b45eb0b8fe3e6bcd40b8d79547fc1211093c8f,358,1,0,0,0,0,0,0,0,0,0,0,0,0.0
eval-s20261011-endpoint_omission-24-19014,20261011,endpoint_omission,24,19014,3524469e2d180ef6577927225237830ebb9f7163addb0d6fb3082fcd1c82ae3c,389,1,0,0,0,1,0,1,0,1,0,1,0,0.005208333333333333
eval-s20261011-endpoint_omission-24-19015,20261011,endpoint_omission,24,19015,6c2d9cf129e0524491b12ef9f2020decc640f02bee6e7bfc64fd04329cad0c6d,512,1,1,0,0,28,0,18,0,12,0,58,0,0.3020833333333333
eval-s20261011-endpoint_omission-24-19016,20261011,endpoint_omission,24,19016,9fcf3002e89b6a58ce1564dcb373e38f060eb6533aa8a48e029040b9a15db130,181,1,0,0,0,2,0,2,0,1,0,1,0,0.005208333333333333
eval-s20261011-endpoint_omission-24-19017,20261011,endpoint_omission,24,19017,4e92d606123b98a5e28031e34a3edbd0e7e6297b3ef7cb620bb0281fe8afb3dc,251,1,0,0,0,28,0,18,0,12,0,58,0,0.3020833333333333
eval-s20261011-endpoint_omission-24-19018,20261011,endpoint_omission,24,19018,d48190c96b9c6fffc22265e3537c1ab43578386afd4c0d4ec82c45c26873f700,145,1,0,0,0,2,0,2,0,1,0,1,0,0.005208333333333333
eval-s20261011-endpoint_omission-24-19019,20261011,endpoint_omission,24,19019,d04b0c5f0801c3d520f7b4f34366d49c66e1b662b7a8558d9cef330f9de28eac,238,1,0,0,0,95,0,56,0,56,0,191,0,0.9947916666666666
eval-s20261011-endpoint_omission-24-19020,20261011,endpoint_omission,24,19020,25b8f55f5ec9d6fbfa21ed685855466df7a70219084d999a5dfa8fbf580eab46,310,1,0,0,0,28,0,18,0,12,0,58,0,0.3020833333333333
eval-s20261011-endpoint_omission-24-19021,20261011,endpoint_omission,24,19021,d6297e79f217e20c43baa652536e106fad38f7a96124199942a504fb1a0f01cd,93,1,0,0,0,96,1,57,1,57,1,192,1,1.0
eval-s20261011-endpoint_omission-24-19022,20261011,endpoint_omission,24,19022,de52ff382c60f3ba43db550a87427bb49aad280d78b87856c8e13d2e5b8f97ce,387,1,0,0,0,1,0,1,0,1,0,1,0,0.005208333333333333
eval-s20261011-endpoint_omission-24-19023,20261011,endpoint_omission,24,19023,46a8b0aca5e6e18502006a046f0ff14bc6588e1244b016dd17dac10c7f3ecb2f,271,1,0,0,0,1,0,1,0,1,0,1,0,0.005208333333333333
eval-s20261011-endpoint_omission-24-19024,20261011,endpoint_omission,24,19024,39c019e49f5f21eafab1e1e8c4acbfa47e324297be0812b6103f4ceb956bbf23,418,1,0,0,0,28,0,18,0,12,0,58,0,0.3020833333333333
eval-s20261011-endpoint_omission-24-19025,20261011,endpoint_omission,24,19025,25ec31b25d040d1aa80d76181923b7387ceb088ebe7480b2974237cfdeabc842,222,1,0,0,0,15,0,13,0,13,0,29,0,0.15104166666666666
eval-s20261011-endpoint_omission-24-19026,20261011,endpoint_omission,24,19026,5a9171ad74df5fc217b6a8b1880930ff87894c38883e1acb236b3e4599c875da,245,1,0,0,0,28,0,18,0,12,0,58,0,0.3020833333333333
eval-s20261011-endpoint_omission-24-19027,20261011,endpoint_omission,24,19027,a8e85d893aa40c4d28a4cfd890f0689adf065e44533b987f97d88532b44bff84,451,1,0,0,0,96,1,57,1,57,1,192,1,1.0
eval-s20261011-endpoint_omission-24-19028,20261011,endpoint_omission,24,19028,2ddc4749d0a7b726656ce5995a718dbfe50c64773e5e36ca4596d7a5674f74ce,410,1,0,0,0,40,0,27,0,24,0,83,0,0.4322916666666667
eval-s20261011-endpoint_omission-24-19029,20261011,endpoint_omission,24,19029,e16430ce13726b93962c143e9f2d4175104a27e545cc03374ea422437a8a405c,140,1,0,0,0,1,0,1,0,1,0,1,0,0.005208333333333333
eval-s20261011-endpoint_omission-24-19030,20261011,endpoint_omission,24,19030,28b4628df6c0f072ec7966952055d41a4d7d2a0c0fa1d4102723dc6c0ea6de9e,212,1,0,0,0,1,0,1,0,1,0,1,0,0.005208333333333333
eval-s20261011-endpoint_omission-24-19031,20261011,endpoint_omission,24,19031,8d487acd6b81c03984e75d844f8777a0080af0cd31dede761376416150e34d3d,407,1,0,0,0,4,0,1,0,4,0,8,0,0.041666666666666664
eval-s20261011-endpoint_omission-24-19032,20261011,endpoint_omission,24,19032,a9f98e7d9ad2c48055b590de64bc14f5a9bf01acaab5b6370bac5a9bafa75af1,353,1,0,0,0,73,0,50,0,50,0,146,0,0.7604166666666666
eval-s20261011-endpoint_omission-24-19033,20261011,endpoint_omission,24,19033,cdd0acce710d6d2e367f28265844fc8f994a5916c648c3e8e0fec231d360b53d,316,1,0,0,0,13,0,12,0,12,0,25,0,0.13020833333333334
eval-s20261011-endpoint_omission-24-19034,20261011,endpoint_omission,24,19034,1242b1f9c88713d30b45fe9ab53e5e66f87962d1e819c670bde57fa87755788e,156,1,0,0,0,28,0,18,0,12,0,58,0,0.3020833333333333
eval-s20261011-endpoint_omission-24-19035,20261011,endpoint_omission,24,19035,68baebabda9a67a37cf9e3a2905908b616fdd18ffb88b2b512fbd8583d3ed649,504,1,0,0,0,96,1,57,1,57,1,192,1,1.0
eval-s20261011-endpoint_omission-24-19036,20261011,endpoint_omission,24,19036,2893762c0049a5034f7dfec5c3c381c92a1e46dc411e935057cec3020c8c6793,383,1,0,0,0,46,0,42,0,43,0,96,0,0.5
eval-s20261011-endpoint_omission-24-19037,20261011,endpoint_omission,24,19037,9cd950a4a1df22c9e1b6c338987f43c3116e073b10b322c3fb626bef3abfea95,512,1,1,0,0,0,0,0,0,0,0,0,0,0.0
eval-s20261011-endpoint_omission-24-19038,20261011,endpoint_omission,24,19038,c94d414a2f2344daa2297291b86f691e4e4f28b3908675038d113b25fc1838fa,329,1,0,0,0,1,0,1,0,1,0,1,0,0.005208333333333333
eval-s20261011-endpoint_omission-24-19039,20261011,endpoint_omission,24,19039,3ac086efc80f9068a8503804e727253f924b84a3c3018ba657412872908e9781,370,1,0,0,0,2,0,2,0,1,0,1,0,0.005208333333333333
eval-s20261011-endpoint_omission-24-19040,20261011,endpoint_omission,24,19040,a3c44b44363383b301bc7fc35aa0cbb39161e3af52a74635459f0872963e4427,384,1,0,0,0,39,0,39,0,38,0,74,0,0.3854166666666667
eval-s20261011-endpoint_omission-24-19041,20261011,endpoint_omission,24,19041,337bbd8b1b352510823ba9d80cc1a1bf4b0afc3298eb305eaf5a949d055e0c48,261,1,0,0,0,1,0,1,0,1,0,1,0,0.005208333333333333
eval-s20261011-endpoint_omission-24-19042,20261011,endpoint_omission,24,19042,27a4004c6a3c98b82df337c3dbf125d3899524e18b3ee3b7bec74648769b4e84,352,1,0,0,0,0,0,0,0,0,0,0,0,0.0
eval-s20261011-endpoint_omission-24-19043,20261011,endpoint_omission,24,19043,566be570209145ed34d7bd86533a8aa7fa92760140d78536871a960fb6d3d225,140,1,0,0,0,2,0,2,0,1,0,1,0,0.005208333333333333
eval-s20261011-endpoint_omission-24-19044,20261011,endpoint_omission,24,19044,b85abc344515f5974174b2dc6be05f75288a4b8c268183acf8a390df1df3d0dc,512,1,1,0,0,1,0,1,0,1,0,1,0,0.005208333333333333
eval-s20261011-endpoint_omission-24-19045,20261011,endpoint_omission,24,19045,9c83ecc990ffcb13bc1292baf9d7c3da03059f69d8ac48573f898327a7d7eb3b,512,1,1,0,0,0,0,0,0,0,0,0,0,0.0
eval-s20261011-endpoint_omission-24-19046,20261011,endpoint_omission,24,19046,3beb850608d65f83f0d6690fffbf652cb32ba4856e34b0c52d45a8231bf4b5c5,374,1,0,0,0,96,1,57,1,57,1,192,1,1.0
eval-s20261011-endpoint_omission-24-19047,20261011,endpoint_omission,24,19047,59b90b2b1af20b7ea18fd37d1dba5e269cf31c5d9d6fe745d555aeb7ae5901ad,512,1,1,0,0,0,0,0,0,0,0,0,0,0.0
eval-s20261011-endpoint_omission-24-19048,20261011,endpoint_omission,24,19048,589d0e0ac12c6ed7fcf670c57f141cca480a2bc2f0291c25e5375f74a15cb7fb,250,1,0,0,0,96,1,57,1,57,1,192,1,1.0
eval-s20261011-endpoint_omission-24-19049,20261011,endpoint_omission,24,19049,2d073a4617febd5b35c68070a60faa6c5299142bc4fc047ebbb6d0290291c31f,345,1,0,0,0,96,1,57,1,57,1,192,1,1.0
eval-s20261011-endpoint_omission-24-19050,20261011,endpoint_omission,24,19050,1107045974ed6f7f9648c48f571bc4c1c2622f4bb47f2b81135625904350ebc3,116,1,0,0,0,15,0,13,0,13,0,29,0,0.15104166666666666
eval-s20261011-endpoint_omission-24-19051,20261011,endpoint_omission,24,19051,e06642ca329035632e257f54b82c71211569487618f875109e5fdea3f6eeb5b0,147,1,0,1,1,64,0,57,1,49,0,127,0,0.6614583333333334
eval-s20261011-endpoint_omission-24-19052,20261011,endpoint_omission,24,19052,f9389e88cb67e718e7a2f70e65c09a3f3b844faf5f4f3aeec644ca76352e2aa6,512,1,1,0,0,17,0,9,0,6,0,37,0,0.19270833333333334
eval-s20261011-endpoint_omission-24-19053,20261011,endpoint_omission,24,19053,d38e22898c33b77bea7a7d2ad798f4dd5313733c738fdd2d4493b9696544b844,507,1,0,0,0,0,0,0,0,0,0,0,0,0.0
eval-s20261011-endpoint_omission-24-19054,20261011,endpoint_omission,24,19054,8f0a340d5129f65ad674f4741d31874d256aa17e7f36f42a6fc1f4e186c17a7e,422,1,0,0,0,0,0,0,0,0,0,0,0,0.0
eval-s20261011-endpoint_omission-24-19055,20261011,endpoint_omission,24,19055,02c2af6db529c33ea46816cc2d6fce5d1887880dc6793c1c648b2d09a9d0b376,237,1,0,0,0,1,0,1,0,1,0,1,0,0.005208333333333333
eval-s20261011-endpoint_omission-24-19056,20261011,endpoint_omission,24,19056,9ea0dcfea1c88267c6f8b9267c20ea199214aee9a2f325ceacd8b250095d3145,178,1,0,0,0,4,0,3,0,3,0,6,0,0.03125
eval-s20261011-endpoint_omission-24-19057,20261011,endpoint_omission,24,19057,ec672ea341695c3c06b9223a11882f7e7f8741a8d1a5cbaf2d61169ac7309eeb,188,1,0,0,0,7,0,1,0,5,0,14,0,0.07291666666666667
eval-s20261011-endpoint_omission-24-19058,20261011,endpoint_omission,24,19058,347546e536d77c528f4bd3d807b6c15414aa6ea03fbb73964701fc6394bbfa23,379,1,0,0,0,2,0,2,0,1,0,1,0,0.005208333333333333
eval-s20261011-endpoint_omission-24-19059,20261011,endpoint_omission,24,19059,d65857256c4804b5ab24eab7d7ae2b30e65e59a98c06ac2f5adc4b4a6ced76cd,460,1,0,0,0,1,0,1,0,1,0,1,0,0.005208333333333333
eval-s20261011-endpoint_omission-24-19060,20261011,endpoint_omission,24,19060,e6e0edd8ee43d05f211b48756928132b144d422222f468522496295f4e6515d6,507,1,0,0,0,96,1,57,1,57,1,192,1,1.0
eval-s20261011-endpoint_omission-24-19061,20261011,endpoint_omission,24,19061,983dda25cd5ba72250a09da78ea84652de585b8f461c8cdc85643b8f104e8e19,242,1,0,0,0,15,0,12,0,14,0,30,0,0.15625
eval-s20261011-endpoint_omission-24-19062,20261011,endpoint_omission,24,19062,9c9278216e11ede935127d6e5a3b1751ff8f903bdc1cdd750967b3cad51f8e9b,493,1,0,0,0,0,0,0,0,0,0,0,0,0.0
eval-s20261011-endpoint_omission-24-19063,20261011,endpoint_omission,24,19063,b2349772653ad63800edae5b9da18ba5228a12aefb1dd4a2d7731b0a042ce038,288,1,0,0,0,1,0,1,0,1,0,1,0,0.005208333333333333
eval-s20261011-endpoint_omission-24-19064,20261011,endpoint_omission,24,19064,46156dd66c51ef4f394c0a5a2d6c13c2c0121ba70f4f62b1ab75a333662ba8f4,396,1,0,0,0,1,0,1,0,1,0,1,0,0.005208333333333333
eval-s20261011-endpoint_omission-24-19065,20261011,endpoint_omission,24,19065,3d8d692d3e4bbaceca9fef6c0babe9937db40edec62ba49d76634475fe01f8a2,201,1,0,0,0,39,0,39,0,38,0,74,0,0.3854166666666667
eval-s20261011-endpoint_omission-24-19066,20261011,endpoint_omission,24,19066,6f139022bf9741157609a0cb05dc12f5a9f3a87276710021f7d513d4f1445f67,497,1,0,0,0,1,0,1,0,1,0,1,0,0.005208333333333333
eval-s20261011-endpoint_omission-24-19067,20261011,endpoint_omission,24,19067,0c10218819df9eda6c3fa74b1d5136ce8c24a93a8f2a41b6a96a5755a10861f0,244,1,0,0,0,72,0,54,0,54,0,141,0,0.734375
eval-s20261011-endpoint_omission-24-19068,20261011,endpoint_omission,24,19068,8d53fa251f89d4d766983150f20a425a2b77dbfaa36c42c4ac17c95e8bcbc6e1,472,1,0,0,0,36,0,27,0,22,0,79,0,0.4114583333333333
eval-s20261011-endpoint_omission-24-19069,20261011,endpoint_omission,24,19069,a9e14087d577e50f1eb6c86a66fb3f22d70228cbd6d9a5192c9607ea2d421208,407,1,0,0,0,96,1,57,1,57,1,192,1,1.0
eval-s20261011-endpoint_omission-24-19070,20261011,endpoint_omission,24,19070,f860f856836ba78af0fbc14e8ea207c966fbd845f69b243d0c713a6030b24e56,159,1,0,0,0,27,0,17,0,11,0,57,0,0.296875
eval-s20261011-endpoint_omission-24-19071,20261011,endpoint_omission,24,19071,bb9308676be84c23f97a34a08de3b14a311ecd50085daf8737a50e19579086b9,249,1,0,0,0,12,0,4,0,8,0,23,0,0.11979166666666667
eval-s20261011-endpoint_omission-24-19072,20261011,endpoint_omission,24,19072,8faa70f28c5c0a6b9d9ea4a65f7d55564520b03ecd5c6866b796ffe932fd2e8f,169,1,0,0,0,21,0,13,0,14,0,46,0,0.23958333333333334
eval-s20261011-endpoint_omission-24-19073,20261011,endpoint_omission,24,19073,8219e9e69d7bcae3be8a8206da69a4eb0fc04e33000ad8065f6a30e18843de9d,473,1,0,0,0,96,1,57,1,57,1,192,1,1.0
eval-s20261011-endpoint_omission-24-19074,20261011,endpoint_omission,24,19074,07b604c021e89fc2a637b19b1d6c2682de42aee2c85ad93f32cf79d49dbeeb3d,204,1,0,0,0,96,1,57,1,57,1,192,1,1.0
eval-s20261011-endpoint_omission-24-19075,20261011,endpoint_omission,24,19075,f1b91d27508fee01d4a00338c1c2c6b361bd0882678b7cf4d73996a2ac88fd8a,472,1,0,0,0,96,1,57,1,57,1,192,1,1.0
eval-s20261011-endpoint_omission-24-19076,20261011,endpoint_omission,24,19076,e9ecd2e4613e57f370a4b2aa32b091e8cf7d14a88aaaee5f2d3df6a7d5c29825,426,1,0,0,0,14,0,12,0,12,0,29,0,0.15104166666666666
eval-s20261011-endpoint_omission-24-19077,20261011,endpoint_omission,24,19077,acd16b5c0b61452fd11b591522ce5ef9bf7f04b171492dffb1c549c10ca96ac8,119,1,0,0,0,96,1,57,1,57,1,192,1,1.0
eval-s20261011-endpoint_omission-24-19078,20261011,endpoint_omission,24,19078,ac42ce6ce898af6dcfab7d66fd9fa253c7d0d3982db714f08d023511bcc03516,241,1,0,0,0,0,0,0,0,0,0,0,0,0.0
eval-s20261011-endpoint_omission-24-19079,20261011,endpoint_omission,24,19079,23aac9cc1bae4e058adb3cc97801be208c9fcf47323e792f1a1bf91f2a3c27be,419,1,0,0,0,1,0,1,0,1,0,1,0,0.005208333333333333
eval-s20261011-endpoint_omission-24-19080,20261011,endpoint_omission,24,19080,de9f1bfcdbcc0b0ba72d820f2e95022a1704959cdf9ba030f9af5f81f963e196,445,1,0,0,0,0,0,0,0,0,0,0,0,0.0
eval-s20261011-endpoint_omission-24-19081,20261011,endpoint_omission,24,19081,34d8843df8662a7247752f0439e4a5f335c54056725c743b68d36ef2df4793bf,512,1,1,0,0,5,0,3,0,1,0,6,0,0.03125
eval-s20261011-endpoint_omission-24-19082,20261011,endpoint_omission,24,19082,5a18e6b8dfddcf262f0930aa7b24101e2051e2bc359d5c7367bc341fe4e3083e,189,1,0,0,0,96,1,57,1,57,1,192,1,1.0
eval-s20261011-endpoint_omission-24-19083,20261011,endpoint_omission,24,19083,2098eac80d09018e7bc82acc591074005c417c72ecbe534f5ce73e1295f8f70f,241,1,0,0,0,1,0,1,0,1,0,1,0,0.005208333333333333
eval-s20261011-endpoint_omission-24-19084,20261011,endpoint_omission,24,19084,c59c877c12192e1434f6efdd969e702ce1b313370665de28796e698fdd1d7bc3,317,1,0,0,0,28,0,18,0,12,0,58,0,0.3020833333333333
eval-s20261011-endpoint_omission-24-19085,20261011,endpoint_omission,24,19085,88950ddb56ccff9059e19f1c5833c14956f86972392c3391e4b346df3dd54d89,512,1,1,0,0,96,1,57,1,57,1,192,1,1.0
eval-s20261011-endpoint_omission-24-19086,20261011,endpoint_omission,24,19086,dbd681989cb760216191dccaab9fc53eb65a33c7af81d227415d338fe2500a64,512,1,1,0,0,1,0,1,0,1,0,1,0,0.005208333333333333
eval-s20261011-endpoint_omission-24-19087,20261011,endpoint_omission,24,19087,d1a02459aa8077c976f77b08e632518152e81eec5ade9a8863eb574041cc9660,178,1,0,0,0,96,1,57,1,57,1,192,1,1.0
eval-s20261011-endpoint_omission-24-19088,20261011,endpoint_omission,24,19088,52ade9400074e2cb156f54cbd5ab59ad34bafe7f862a208b18ce8b41215018db,217,1,0,0,0,10,0,10,0,9,0,19,0,0.09895833333333333
eval-s20261011-endpoint_omission-24-19089,20261011,endpoint_omission,24,19089,479118e7726d57741a217c65a5d3fc0d34524c4b51f2ed71f553e94c0f49eb4f,236,1,0,0,0,20,0,15,0,15,0,36,0,0.1875
eval-s20261011-endpoint_omission-24-19090,20261011,endpoint_omission,24,19090,42167d8ab8422d491714276e521c03895bb11905aaa28f5a32b1906d96d264ad,278,1,0,0,0,39,0,39,0,38,0,74,0,0.3854166666666667
eval-s20261011-endpoint_omission-24-19091,20261011,endpoint_omission,24,19091,d157a01526da240be10d0e4de73b5d9b5267d85a2f2b17482c2dae2f43777811,493,1,0,0,0,10,0,10,0,9,0,19,0,0.09895833333333333
eval-s20261011-endpoint_omission-24-19092,20261011,endpoint_omission,24,19092,263a23f58e19a17f699636f6a367872c2008aad6f8426160d7c20dcbccf88f8d,153,1,0,0,0,39,0,39,0,38,0,74,0,0.3854166666666667
eval-s20261011-endpoint_omission-24-19093,20261011,endpoint_omission,24,19093,7ab99c976a44d3cb9bfb4db065b12fed411604a42b980ae42a4f76e6e7d19fe6,405,1,0,0,0,0,0,0,0,0,0,0,0,0.0
eval-s20261011-endpoint_omission-24-19094,20261011,endpoint_omission,24,19094,232ec6340cec69828cef9d5dab233a21e6b8c8ca17e45a45450a9d2ec3dd6077,248,1,0,0,0,55,0,54,0,46,0,109,0,0.5677083333333334
eval-s20261011-endpoint_omission-24-19095,20261011,endpoint_omission,24,19095,4195faa88abeba618013b6f4bd7ae70c0889c266c878a0ab1c1f3399ca65a33b,448,1,0,0,0,28,0,18,0,12,0,58,0,0.3020833333333333
eval-s20261011-endpoint_omission-24-19096,20261011,endpoint_omission,24,19096,e9794cba5b670b39e1bf578e6f50bcdeec2b0b005dd138bf2ec422e2ec8ad516,293,1,0,0,0,17,0,13,0,14,0,33,0,0.171875
eval-s20261011-endpoint_omission-24-19097,20261011,endpoint_omission,24,19097,bd0669617055ce31f7522f536305287cd12433e3f78504702e02bdd0251a4086,211,1,0,0,0,28,0,18,0,12,0,58,0,0.3020833333333333
eval-s20261011-endpoint_omission-24-19098,20261011,endpoint_omission,24,19098,e8d75bfa85c2fd7e9fd6617723873558cf4f299e5067693faae0cceff73f7ed8,278,1,0,0,0,36,0,27,0,22,0,79,0,0.4114583333333333
eval-s20261011-endpoint_omission-24-19099,20261011,endpoint_omission,24,19099,5031b8cfeec2675e34a03cc2090d1040641b1404c19bed553e49e25fbd9495ae,240,1,0,0,0,1,0,1,0,1,0,1,0,0.005208333333333333
eval-s20261011-endpoint_omission-24-19100,20261011,endpoint_omission,24,19100,f8c722cb5578c0c03eb192608bcbb044f524262f90ee5b8bde4336980b597fbe,205,1,0,0,0,2,0,2,0,1,0,1,0,0.005208333333333333
eval-s20261011-endpoint_omission-24-19101,20261011,endpoint_omission,24,19101,19422228afe8a9f3edc3818eec65ee47e9914b3ac3261a446f91dd0341231d06,215,1,0,0,0,76,0,54,0,54,0,152,0,0.7916666666666666
eval-s20261011-endpoint_omission-24-19102,20261011,endpoint_omission,24,19102,da67af997d73acbc82451c87a09bac7c5466f699c123b69b6c6796741b9626fd,397,1,0,0,0,2,0,2,0,1,0,1,0,0.005208333333333333
eval-s20261011-endpoint_omission-24-19103,20261011,endpoint_omission,24,19103,776fac8fc9facdccd18fad37edc80eb2259a8aab6d8fd85fb985cb93ec60a5aa,163,1,0,0,0,39,0,39,0,38,0,74,0,0.3854166666666667
eval-s20261011-endpoint_omission-24-19104,20261011,endpoint_omission,24,19104,c19b9d7258ab7e7cfa0761d250748ff9272f1110891aa4b704b304a06c6a1f6d,317,1,0,0,0,17,0,13,0,14,0,40,0,0.20833333333333334
eval-s20261011-endpoint_omission-24-19105,20261011,endpoint_omission,24,19105,50043830b43b246efd8d42dcc6823cd67a8f90c990779305ff4c3affe5c119b8,301,1,0,0,0,18,0,13,0,14,0,32,0,0.16666666666666666
eval-s20261011-endpoint_omission-24-19106,20261011,endpoint_omission,24,19106,3fe2ec169c95fc48047277593f5efd09bb9b56e75c358052cf0be63d95afad3f,512,1,1,0,0,0,0,0,0,0,0,0,0,0.0
eval-s20261011-endpoint_omission-24-19107,20261011,endpoint_omission,24,19107,1e65b6c9fe2919c9a5557864631994c04c9f6fe944d07409735e01911bf9301e,450,1,0,0,0,39,0,39,0,38,0,74,0,0.3854166666666667
eval-s20261011-endpoint_omission-24-19108,20261011,endpoint_omission,24,19108,27a91ed6a24f8410bd5c36be284eb0b1f29854a992cbf19f5208bbfa979af6ff,317,1,0,0,0,76,0,54,0,54,0,152,0,0.7916666666666666
eval-s20261011-endpoint_omission-24-19109,20261011,endpoint_omission,24,19109,3dc1a216010f0ffe423179788a2dd68bc770d4318f9c3d2856d3447687d444c2,218,1,0,0,0,22,0,12,0,13,0,41,0,0.21354166666666666
eval-s20261011-endpoint_omission-24-19110,20261011,endpoint_omission,24,19110,e418ab00ba7beb8bf6b26171be47c4733f7cb357b717c74a66134a0fd2d640ac,257,1,0,1,1,64,0,57,1,49,0,127,0,0.6614583333333334
eval-s20261011-endpoint_omission-24-19111,20261011,endpoint_omission,24,19111,a8fd73f6199ddc93473d406b93e2b4e50e90d30375b9865adeec21bcb6843ffc,388,1,0,0,0,28,0,18,0,12,0,58,0,0.3020833333333333
eval-s20261011-endpoint_omission-24-19112,20261011,endpoint_omission,24,19112,a9427710a6bafd01622a4b8d0abb0eaaf2486c37f86a60b4653a4d866c9b7b33,465,1,0,0,0,24,0,23,0,23,0,49,0,0.2552083333333333
eval-s20261011-endpoint_omission-24-19113,20261011,endpoint_omission,24,19113,88c6e3bbb430e2f0f3852778904d0110be3e2150c06d7fa759425006bb0126a7,160,1,0,0,0,1,0,1,0,1,0,1,0,0.005208333333333333
eval-s20261011-endpoint_omission-24-19114,20261011,endpoint_omission,24,19114,b1998529da349a50c0044fbf2950136a5dd7f1f3c2f2f8e1828cee757464542f,415,1,0,0,0,0,0,0,0,0,0,0,0,0.0
eval-s20261011-endpoint_omission-24-19115,20261011,endpoint_omission,24,19115,dd7fce33ed25375c2a50cf6b7fc14b2baf3ff7525f9cf9212ceef034b4549609,512,1,1,0,0,0,0,0,0,0,0,0,0,0.0
eval-s20261011-endpoint_omission-24-19116,20261011,endpoint_omission,24,19116,c6e721aae91637c815d7c50e75ba2dbe2637b7e9b981ea8bcf5f2f60ec3858b5,289,1,0,0,0,10,0,10,0,9,0,19,0,0.09895833333333333
eval-s20261011-endpoint_omission-24-19117,20261011,endpoint_omission,24,19117,25716d0a519738008ade15b9aa10805626038e3c15c0c848a42c75757c9254e9,200,1,0,0,0,14,0,13,0,13,0,24,0,0.125
eval-s20261011-endpoint_omission-24-19118,20261011,endpoint_omission,24,19118,387d2124e37e39fe2d531b3e7404becc8032132cfff1fc5bf58a4d7bd8c9fa03,360,1,0,0,0,1,0,1,0,1,0,1,0,0.005208333333333333
eval-s20261011-endpoint_omission-24-19119,20261011,endpoint_omission,24,19119,fa1b9e5f4307ffb95196715dd81627cce2449af4b1f555ce99102d51867732d9,264,1,0,0,0,2,0,2,0,0,0,2,0,0.010416666666666666
eval-s20261011-endpoint_omission-24-19120,20261011,endpoint_omission,24,19120,622c2969cf28195092125c2b1526908f205ec8c3cb44de13f64ade60eda2d571,394,1,0,0,0,96,1,57,1,57,1,192,1,1.0
eval-s20261011-endpoint_omission-24-19121,20261011,endpoint_omission,24,19121,02d4288be92a17143d304fdca599fbd3fb8dbe6fd88c3a6e131c9480eb0853b4,512,1,1,0,0,96,1,57,1,57,1,192,1,1.0
eval-s20261011-endpoint_omission-24-19122,20261011,endpoint_omission,24,19122,5b1ac0d1429286fa2627f24f278aab4c66cf7062f4e127d5363af51e17d94b9f,512,0,1,0,0,0,0,0,0,0,0,0,0,0.0
eval-s20261011-endpoint_omission-24-19123,20261011,endpoint_omission,24,19123,2396ac41b4070342055e61f10d20a0bd9119ccbac3b487dd8940826233179b40,161,1,0,0,0,39,0,39,0,38,0,74,0,0.3854166666666667
eval-s20261011-endpoint_omission-24-19124,20261011,endpoint_omission,24,19124,3be177b860c87fd94d05c1bfd735fddb2ed30f82c4151b1c4123de5fe59f0f05,122,1,0,0,0,96,1,57,1,57,1,192,1,1.0
eval-s20261011-endpoint_omission-24-19125,20261011,endpoint_omission,24,19125,749fe9a9016007232807d98f53469e35f0208c3db09153924e283db99cfbc4d8,173,1,0,0,0,39,0,39,0,38,0,74,0,0.3854166666666667
eval-s20261011-endpoint_omission-24-19126,20261011,endpoint_omission,24,19126,085bbab8f63f34f24bd4088d9d0414e97cac0af884d53a5e5f1d53183afc2d08,107,1,0,0,0,1,0,1,0,1,0,1,0,0.005208333333333333
eval-s20261011-endpoint_omission-24-19127,20261011,endpoint_omission,24,19127,c61c5a47bf392c5dab0b7ebd134e178afdd1f1b9dcd5ac6cb337a257fd9efe91,166,1,0,0,0,96,1,57,1,57,1,192,1,1.0
eval-s20261011-reference-12-19000,20261011,reference,12,19000,68979e447230482e98bd8988055503dc93cbe82416c4598b98a5abcb16245ff4,512,1,1,0,0,1,0,1,0,1,0,1,0,0.005208333333333333
eval-s20261011-reference-12-19001,20261011,reference,12,19001,52037713fff4ecb1ec87edb9cf4ee7393db69b16720b3d81c904f9bb8ca450f2,156,1,0,0,0,36,0,27,0,22,0,79,0,0.4114583333333333
eval-s20261011-reference-12-19002,20261011,reference,12,19002,5b1ac0d1429286fa2627f24f278aab4c66cf7062f4e127d5363af51e17d94b9f,512,0,1,0,0,0,0,0,0,0,0,0,0,0.0
eval-s20261011-reference-12-19003,20261011,reference,12,19003,5b1ac0d1429286fa2627f24f278aab4c66cf7062f4e127d5363af51e17d94b9f,384,0,0,0,0,0,0,0,0,0,0,0,0,0.0
eval-s20261011-reference-12-19004,20261011,reference,12,19004,0a4ec8788389a5b2ad31207e2a40ba6f9cbb1866215b22f1a91c9bca8998ad63,175,1,0,0,0,96,1,57,1,57,1,192,1,1.0
eval-s20261011-reference-12-19005,20261011,reference,12,19005,fa31ab129f5d6244a68d9faaacb4f86133d1e54b8341e000aa89e672a626c902,92,1,0,0,0,0,0,0,0,0,0,0,0,0.0
eval-s20261011-reference-12-19006,20261011,reference,12,19006,accc1b4c363554fb89976941e76677759983d387545a3e250b60486b5c2dc597,286,1,0,0,0,27,0,25,0,25,0,49,0,0.2552083333333333
eval-s20261011-reference-12-19007,20261011,reference,12,19007,9e842f0858ed84ca4906555a76323fc7f802803ab1682e9f8c13caf216e8b5f3,289,1,0,0,0,29,0,18,0,18,0,60,0,0.3125
eval-s20261011-reference-12-19008,20261011,reference,12,19008,9c23535135714eedbe3228ee45d0cb7eaed4353125f94ebbec3bbde57db30737,302,1,0,0,0,39,0,39,0,38,0,74,0,0.3854166666666667
eval-s20261011-reference-12-19009,20261011,reference,12,19009,51d86c5d078db1adb85f4b8149fd5a04f5e2db4e57c1ddbf6fc1102e8bad31e0,140,1,0,0,0,0,0,0,0,0,0,0,0,0.0
eval-s20261011-reference-12-19010,20261011,reference,12,19010,e91405698abffb64cbf4fb9f26bd17d01bea0d17da6b718be45c80c106709e4e,406,1,0,0,0,76,0,54,0,54,0,152,0,0.7916666666666666
eval-s20261011-reference-12-19011,20261011,reference,12,19011,0510d66631477326e807f4327dbb08ddf681dfb776a9e00f49b1340c597b2bad,486,1,0,0,0,96,1,57,1,57,1,192,1,1.0
eval-s20261011-reference-12-19012,20261011,reference,12,19012,244408787390bbd97a6c868da285ca2ae966b9c5e11aeb8e29c12afd97c6bdce,512,1,1,0,0,18,0,11,0,12,0,35,0,0.18229166666666666
eval-s20261011-reference-12-19013,20261011,reference,12,19013,dfa5f60e0f82e9941c71b33f9b01c559b235e352c5b1e9b83219edb3752d9c1e,221,1,0,0,0,42,0,42,0,40,0,89,0,0.4635416666666667
eval-s20261011-reference-12-19014,20261011,reference,12,19014,f15cdd2dde5d46c290b5de4cef268ac2923520783f1983b5990ae123c59ea8c9,98,1,0,0,0,39,0,39,0,38,0,74,0,0.3854166666666667
eval-s20261011-reference-12-19015,20261011,reference,12,19015,135158c9f01f08adbc509a99c23a941551d0a7d10914ce61fdd33da1174874ab,407,1,0,0,0,39,0,39,0,38,0,74,0,0.3854166666666667
eval-s20261011-reference-12-19016,20261011,reference,12,19016,9fcf3002e89b6a58ce1564dcb373e38f060eb6533aa8a48e029040b9a15db130,181,1,0,0,0,2,0,2,0,1,0,1,0,0.005208333333333333
eval-s20261011-reference-12-19017,20261011,reference,12,19017,531bc0be1d51547bf9b4ddecae7113378dd924c7dbca2e0258cee7678039bf5b,76,1,0,0,0,2,0,2,0,1,0,1,0,0.005208333333333333
eval-s20261011-reference-12-19018,20261011,reference,12,19018,6cd956ab2fb3489e75dd83502efec2903fe946d7cf7fb9a23422100f7fb1ff36,228,1,0,0,0,1,0,1,0,1,0,1,0,0.005208333333333333
eval-s20261011-reference-12-19019,20261011,reference,12,19019,41e12aac6abc2bcb301a8997d1a850bebdba21f8b79a88e1ce16133aa3a929df,217,1,0,0,0,25,0,23,0,23,0,50,0,0.2604166666666667
eval-s20261011-reference-12-19020,20261011,reference,12,19020,25b8f55f5ec9d6fbfa21ed685855466df7a70219084d999a5dfa8fbf580eab46,219,1,0,0,0,28,0,18,0,12,0,58,0,0.3020833333333333
eval-s20261011-reference-12-19021,20261011,reference,12,19021,adfe0caf0c5455f9bf67de64bb83c13339965b6753ceac39258fbd8af89f572c,162,1,0,0,0,51,0,50,0,42,0,100,0,0.5208333333333334
eval-s20261011-reference-12-19022,20261011,reference,12,19022,d8d979e38f5877f7cf1fd12d0f6507ece7d4c2b75314a79bd8d43b04b1078f2f,263,1,0,0,0,2,0,2,0,2,0,2,0,0.010416666666666666
eval-s20261011-reference-12-19023,20261011,reference,12,19023,c79afd7051cb34c19776695d3fc6386c77c669fa014d71f8dc06fb447ea7de3c,212,1,0,0,0,39,0,39,0,38,0,74,0,0.3854166666666667
eval-s20261011-reference-12-19024,20261011,reference,12,19024,b7c1328a49b0b185170cab73c7d5d17671f3ad299c38a2958b8c9829df31a22e,512,1,1,0,0,0,0,0,0,0,0,0,0,0.0
eval-s20261011-reference-12-19025,20261011,reference,12,19025,c8d64ca523e81cc404adebd70a45867e4357432f548c668d63fa9b4e71b9c667,171,1,0,0,0,39,0,39,0,38,0,74,0,0.3854166666666667
eval-s20261011-reference-12-19026,20261011,reference,12,19026,4d5b5b89161442599a278b8dfebf854208d3e0af905a1d123952672619df57f1,178,1,0,0,0,1,0,1,0,1,0,1,0,0.005208333333333333
eval-s20261011-reference-12-19027,20261011,reference,12,19027,d97f5c4ead91d40bbf7225624f6049b599a1d7adc7de551927e2769856cc9d95,269,1,0,0,0,5,0,3,0,1,0,7,0,0.036458333333333336
eval-s20261011-reference-12-19028,20261011,reference,12,19028,1032bdda8b9786ec2f6256cab00c8ca1d4bc7583c61b8dbfe53b430a2148e269,378,1,0,0,0,0,0,0,0,0,0,0,0,0.0
eval-s20261011-reference-12-19029,20261011,reference,12,19029,33ab81aaffc21f3915de81e27508d577ddb875c83b9b664462b78eec1f37beb3,274,1,0,0,0,1,0,1,0,1,0,1,0,0.005208333333333333
eval-s20261011-reference-12-19030,20261011,reference,12,19030,6af7f94c07882fe4607e35f957b54443db0047942aa1b392ab487ce608c2134f,197,1,0,0,0,1,0,1,0,1,0,1,0,0.005208333333333333
eval-s20261011-reference-12-19031,20261011,reference,12,19031,5834461f4be450cfc0645fbf98b9962bf3bdae5776eeb3d7b6f4751fd7a538a7,454,1,0,0,0,28,0,18,0,12,0,58,0,0.3020833333333333
eval-s20261011-reference-24-19000,20261011,reference,24,19000,b00db8f1499002e7abd7753b029f23996070bcd31375342037d5f02a36cb1883,512,1,1,1,1,64,0,57,1,49,0,127,0,0.6614583333333334
eval-s20261011-reference-24-19001,20261011,reference,24,19001,52037713fff4ecb1ec87edb9cf4ee7393db69b16720b3d81c904f9bb8ca450f2,156,1,0,0,0,36,0,27,0,22,0,79,0,0.4114583333333333
eval-s20261011-reference-24-19002,20261011,reference,24,19002,41601c580c0e5c35328bb3e5c32b450b2329fc920bf98053e17d661137f0ee1d,512,1,1,0,0,75,0,53,0,53,0,151,0,0.7864583333333334
eval-s20261011-reference-24-19003,20261011,reference,24,19003,f93a865819cc4b9413bda70fbfe9346c91bbc8b0a7ef9cfdd5e65809452d6e23,366,1,0,0,0,96,1,57,1,57,1,192,1,1.0
eval-s20261011-reference-24-19004,20261011,reference,24,19004,0a4ec8788389a5b2ad31207e2a40ba6f9cbb1866215b22f1a91c9bca8998ad63,175,1,0,0,0,96,1,57,1,57,1,192,1,1.0
eval-s20261011-reference-24-19005,20261011,reference,24,19005,622c0ee409b129338c139a8643e7ae29962cb2d05a2409058b4544480a9cd03c,120,1,0,0,0,36,0,27,0,22,0,79,0,0.4114583333333333
eval-s20261011-reference-24-19006,20261011,reference,24,19006,58219249e6a83a51a6722e1aa433431c547f50a06e74864b6dfe634a4f1b24ed,190,1,0,0,0,1,0,1,0,1,0,1,0,0.005208333333333333
eval-s20261011-reference-24-19007,20261011,reference,24,19007,977adc9bf11f50f32aa8f7ac6b983dfb660164481d6c510fd37ea865f0364cbe,317,1,0,0,0,39,0,39,0,38,0,74,0,0.3854166666666667
eval-s20261011-reference-24-19008,20261011,reference,24,19008,2789634d3fcc37eaebb50a14bb4f124d3ec8e4809ce1948b9a32f4a34a11b883,243,1,0,0,0,39,0,39,0,38,0,74,0,0.3854166666666667
eval-s20261011-reference-24-19009,20261011,reference,24,19009,b9b973d2af581af08701f8b8b2b15c8ec9f567da0a33c941ab28f3295a0301c0,133,1,0,0,0,70,0,53,0,53,0,139,0,0.7239583333333334
eval-s20261011-reference-24-19010,20261011,reference,24,19010,673e64af8a0a0326f11f6bae9d70f1b32148362f61e28dd2d567214143a4cb1f,496,1,0,0,0,0,0,0,0,0,0,0,0,0.0
eval-s20261011-reference-24-19011,20261011,reference,24,19011,0d3614f11e1ab4f42a9f352043d9f75bc14ffcde572200be1a764871955bc602,512,1,1,0,0,96,1,57,1,57,1,192,1,1.0
eval-s20261011-reference-24-19012,20261011,reference,24,19012,d3d7b2bc542ebbb7f653444fa4c67884e22668eee5365e9e3b43b6d9d6b24608,278,1,0,0,0,12,0,6,0,8,0,23,0,0.11979166666666667
eval-s20261011-reference-24-19013,20261011,reference,24,19013,dfa5f60e0f82e9941c71b33f9b01c559b235e352c5b1e9b83219edb3752d9c1e,216,1,0,0,0,42,0,42,0,40,0,89,0,0.4635416666666667
eval-s20261011-reference-24-19014,20261011,reference,24,19014,c372778b8f8839c2c2791fdc34f0a94e339d2130075a0dba6f1556d6c54fc382,192,1,0,0,0,22,0,12,0,13,0,44,0,0.22916666666666666
eval-s20261011-reference-24-19015,20261011,reference,24,19015,d3bd6d9f2fbcbdcc0b9b4f605ef8b5fa966cf39e1435c73cbfa72491a4438161,417,1,0,0,0,28,0,18,0,12,0,58,0,0.3020833333333333
eval-s20261011-reference-24-19016,20261011,reference,24,19016,9fcf3002e89b6a58ce1564dcb373e38f060eb6533aa8a48e029040b9a15db130,168,1,0,0,0,2,0,2,0,1,0,1,0,0.005208333333333333
eval-s20261011-reference-24-19017,20261011,reference,24,19017,531bc0be1d51547bf9b4ddecae7113378dd924c7dbca2e0258cee7678039bf5b,76,1,0,0,0,2,0,2,0,1,0,1,0,0.005208333333333333
eval-s20261011-reference-24-19018,20261011,reference,24,19018,e1eacf9309347f65c6d2157836653e123c1067e9bd6aef8386ac0389d423d877,228,1,0,0,0,39,0,39,0,38,0,74,0,0.3854166666666667
eval-s20261011-reference-24-19019,20261011,reference,24,19019,e1a118fc4fb22ca6222c0efbcd69a735b04f01088e3ed5dba1e5e9b2a6b4fdc1,233,1,0,0,0,39,0,39,0,38,0,74,0,0.3854166666666667
eval-s20261011-reference-24-19020,20261011,reference,24,19020,25b8f55f5ec9d6fbfa21ed685855466df7a70219084d999a5dfa8fbf580eab46,219,1,0,0,0,28,0,18,0,12,0,58,0,0.3020833333333333
eval-s20261011-reference-24-19021,20261011,reference,24,19021,378619c129daabc6ca2a7ba2c34b08bf979ff8a53590d149e8305b898f3b043a,184,1,0,0,0,0,0,0,0,0,0,0,0,0.0
eval-s20261011-reference-24-19022,20261011,reference,24,19022,74da2a445d5edc13ecfa69aaf1badf62eccb76188e20b9bb32b3825d5ad25a45,181,1,0,0,0,1,0,1,0,1,0,1,0,0.005208333333333333
eval-s20261011-reference-24-19023,20261011,reference,24,19023,a4ccad2f26ec7656e3a4898a16b494b358392d728bdb2ef34fcf7e77b2578d59,262,1,0,0,0,1,0,1,0,1,0,1,0,0.005208333333333333
eval-s20261011-reference-24-19024,20261011,reference,24,19024,534e69a5052ef84b940d0b51f4cc801dc4dc4bd910be94e5dd543510cda794d9,512,1,1,0,0,45,0,40,0,42,0,82,0,0.4270833333333333
eval-s20261011-reference-24-19025,20261011,reference,24,19025,c78a9ad1a2659d097a7c8d3b0aea1faac55f90483b92d8bcd5879a36e80cca91,155,1,0,0,0,96,1,57,1,57,1,192,1,1.0
eval-s20261011-reference-24-19026,20261011,reference,24,19026,f162f50135f9e4e9e8c477dca6d823a488b316a214f494536b384156b7d6f940,135,1,0,0,0,28,0,18,0,12,0,58,0,0.3020833333333333
eval-s20261011-reference-24-19027,20261011,reference,24,19027,2c649bc83b31a850a09911d462b0e1276370accfdb1636116101506a6027ccea,263,1,0,0,0,23,0,13,0,14,0,42,0,0.21875
eval-s20261011-reference-24-19028,20261011,reference,24,19028,2ddc4749d0a7b726656ce5995a718dbfe50c64773e5e36ca4596d7a5674f74ce,414,1,0,0,0,40,0,27,0,24,0,83,0,0.4322916666666667
eval-s20261011-reference-24-19029,20261011,reference,24,19029,cfb4203b4558debebca72a4ea2b254e5aa8f8ef163091241745930bdf9fc2b5e,191,1,0,0,0,39,0,39,0,38,0,74,0,0.3854166666666667
eval-s20261011-reference-24-19030,20261011,reference,24,19030,90f630f22bde4942be7a6f95154b61fe94f9861eee5b3fd58c7d82915fcb5523,197,1,0,0,0,1,0,1,0,1,0,1,0,0.005208333333333333
eval-s20261011-reference-24-19031,20261011,reference,24,19031,d669abe72f5b698a9604eff038b4d42c416b5ac8c63b68277bce2438834070a9,402,1,0,0,0,39,0,39,0,38,0,74,0,0.3854166666666667
eval-s20261011-reference-24-19032,20261011,reference,24,19032,8ee371098c826f595ef096f578df1dce0344ffd1033fb6cfd09048a43cf5b3b1,234,1,0,0,0,73,0,50,0,50,0,146,0,0.7604166666666666
eval-s20261011-reference-24-19033,20261011,reference,24,19033,d8389f456b718428603ac995c201e8080e0eb0f1795e52d25cbb0fbeb71830a5,335,1,0,0,0,1,0,1,0,1,0,1,0,0.005208333333333333
eval-s20261011-reference-24-19034,20261011,reference,24,19034,fbf10935fb87508a7368d4b3bccf180d06670a68193420ad86b0c63a396d1009,155,1,0,0,0,28,0,18,0,12,0,58,0,0.3020833333333333
eval-s20261011-reference-24-19035,20261011,reference,24,19035,724a1d0c6d2d217e0b9f49191a09de7aa4289e9ebb5a88cd08fe23f27c6e828a,432,1,0,0,0,96,1,57,1,57,1,192,1,1.0
eval-s20261011-reference-24-19036,20261011,reference,24,19036,718a72fc1216d592bef03f224c677ea292f19fa0d2385e85e4049e564fec1737,477,1,0,0,0,96,1,57,1,57,1,192,1,1.0
eval-s20261011-reference-24-19037,20261011,reference,24,19037,09266e148e88e49a887bdfa639a846d3b16ced3c5ca91c2239fed74160349189,512,1,1,0,0,1,0,1,0,1,0,1,0,0.005208333333333333
eval-s20261011-reference-24-19038,20261011,reference,24,19038,a4c68f2ab3969f3b6e5aa6e3e0e29638923f195153b4ef56f6d7efd59cfc3d2a,198,1,0,0,0,0,0,0,0,0,0,0,0,0.0
eval-s20261011-reference-24-19039,20261011,reference,24,19039,54d21e0e16771b801ed28368e2891227a5c00f4d0c89e1ee63573cf54cf65adf,341,1,0,0,0,28,0,18,0,12,0,58,0,0.3020833333333333
eval-s20261011-reference-24-19040,20261011,reference,24,19040,9f8d3a2b440fd0d90624133ae7f7a46a8f1ddebe6dcca10a443a247488169a56,377,1,0,0,0,1,0,1,0,1,0,1,0,0.005208333333333333
eval-s20261011-reference-24-19041,20261011,reference,24,19041,083dabbd82bd7c3db4ea43e1922d6a9a23496a28758f7a12fb50bcb651ccc9c1,161,1,0,0,0,39,0,39,0,38,0,74,0,0.3854166666666667
eval-s20261011-reference-24-19042,20261011,reference,24,19042,1b940a934a11629bb32f2c62607dbf29621451992193af4b02a15b82b3625e7b,142,1,0,0,0,28,0,18,0,12,0,58,0,0.3020833333333333
eval-s20261011-reference-24-19043,20261011,reference,24,19043,797aa63fbd18daea2a0d2c2a1fc8233b270694bb036d13ba98537f1c32d4e0af,173,1,0,0,0,1,0,1,0,1,0,1,0,0.005208333333333333
eval-s20261011-reference-24-19044,20261011,reference,24,19044,d29cf6ea5c8fe13bc7d3e66a4c65b2846fd6652a0a23cfb6fec8e671922ae724,512,1,1,0,0,1,0,1,0,1,0,1,0,0.005208333333333333
eval-s20261011-reference-24-19045,20261011,reference,24,19045,5b1ac0d1429286fa2627f24f278aab4c66cf7062f4e127d5363af51e17d94b9f,512,0,1,0,0,0,0,0,0,0,0,0,0,0.0
eval-s20261011-reference-24-19046,20261011,reference,24,19046,e1b79e454fc619edf07d709d68ac5e6be5028e069689f4b1c738b82fb99af971,512,1,1,0,0,96,1,57,1,57,1,192,1,1.0
eval-s20261011-reference-24-19047,20261011,reference,24,19047,dd58b8a779bfe99e65547f7eb777039667a746464f54897dcbe2c9d297007863,512,1,1,0,0,0,0,0,0,0,0,0,0,0.0
eval-s20261011-reference-24-19048,20261011,reference,24,19048,589d0e0ac12c6ed7fcf670c57f141cca480a2bc2f0291c25e5375f74a15cb7fb,250,1,0,0,0,96,1,57,1,57,1,192,1,1.0
eval-s20261011-reference-24-19049,20261011,reference,24,19049,fea20ba5fe2af2e58bc1d4bdc4716029445a5563ee679746e8d53726d7fcf7a4,107,1,0,0,0,72,0,49,0,49,0,146,0,0.7604166666666666
eval-s20261011-reference-24-19050,20261011,reference,24,19050,728c6d384aa4f3e9eee67c9aefc774e027d6baa657c022c9dd684d4dabb7ff2f,232,1,0,0,0,1,0,1,0,1,0,1,0,0.005208333333333333
eval-s20261011-reference-24-19051,20261011,reference,24,19051,c9bc8b07f052e2f45d46738c2c5876ef2e3a77a490d50428b4b0c5ecd50b2b4a,328,1,0,0,0,96,1,57,1,57,1,192,1,1.0
eval-s20261011-reference-24-19052,20261011,reference,24,19052,511bfe066dcde3b0c75a48d4f4b4cc774a10f781e7f470e0e7da1d877556b280,489,1,0,0,0,73,0,50,0,50,0,146,0,0.7604166666666666
eval-s20261011-reference-24-19053,20261011,reference,24,19053,bc88eaedc8853db4bb3c39db893e642d0094444ee52d19ca2766638ff5a37caf,512,1,1,0,0,96,1,57,1,57,1,192,1,1.0
eval-s20261011-reference-24-19054,20261011,reference,24,19054,db537916cf941c55752d69ffa0c7bd09698c54f72d21bd9de6eac61c951227d4,398,0,0,0,0,0,0,0,0,0,0,0,0,0.0
eval-s20261011-reference-24-19055,20261011,reference,24,19055,e2341dc1cf10fd70c528726e33c08953be88e10ce88601760a3cd0534207248c,197,1,0,0,0,0,0,0,0,0,0,0,0,0.0
eval-s20261011-reference-24-19056,20261011,reference,24,19056,5996524d6ea3c2924791397a7915c550003aed6e8b84acc6284a553b789e0ded,117,1,0,0,0,23,0,13,0,14,0,42,0,0.21875
eval-s20261011-reference-24-19057,20261011,reference,24,19057,40b6f2eb39a7c45cb2fc628cfd6982b5f77b85f217b16dcd14876d0ee08f5b9e,130,1,0,0,0,39,0,39,0,38,0,74,0,0.3854166666666667
eval-s20261011-reference-24-19058,20261011,reference,24,19058,07ff7dd2a5655ffec9f8f6f0b1aa53d6df4ae189c798237b21cf7e1a2ba01bda,512,1,1,0,0,1,0,1,0,1,0,1,0,0.005208333333333333
eval-s20261011-reference-24-19059,20261011,reference,24,19059,3e9e55c45eef30a68416086e0056dbb59dcf1a4a18b62e1cdc3780d5221fe053,485,1,0,0,0,72,0,54,0,54,0,141,0,0.734375
eval-s20261011-reference-24-19060,20261011,reference,24,19060,8f3622a1ccffe6bf0f5e55793a469750dbe4eef9a1434f32ddfee2fcced28005,501,1,0,0,0,96,1,57,1,57,1,192,1,1.0
eval-s20261011-reference-24-19061,20261011,reference,24,19061,9d6dbece4a41dd7c05f228f8c7adc84ef8c55bc078c2c969ca045c06f16c966c,396,1,0,0,0,39,0,39,0,38,0,74,0,0.3854166666666667
eval-s20261011-reference-24-19062,20261011,reference,24,19062,d2ec21e6aafa8ff6d0cdabeb29f6a64892a540169e584d0f606ccc23838bc71a,512,1,1,0,0,36,0,27,0,22,0,79,0,0.4114583333333333
eval-s20261011-reference-24-19063,20261011,reference,24,19063,fd246707f85929b69403e54279a7a478324a183044e74003843c1ba10fdd5089,309,1,0,0,0,96,1,57,1,57,1,192,1,1.0
eval-s20261011-reference-24-19064,20261011,reference,24,19064,12dbeaf8c8d1a4ea9a7d8dde4179ef362d1938a6dd2e49828a613411c885d8b7,429,1,0,0,0,0,0,0,0,0,0,0,0,0.0
eval-s20261011-reference-24-19065,20261011,reference,24,19065,5d87d18b51dc1a607c8ed21a4a161ddca79ffc06fc76b42de89ada9455da227c,112,1,0,0,0,96,1,57,1,57,1,192,1,1.0
eval-s20261011-reference-24-19066,20261011,reference,24,19066,7ff819575554e2a81d8d3dda5e54fe0b4ce8692cf830d2e3316365a37935ca60,512,1,1,0,0,96,1,57,1,57,1,192,1,1.0
eval-s20261011-reference-24-19067,20261011,reference,24,19067,a803a6e6ff2626698423f154478d9863bc27c24428237e8ef55b4c1b7f690a01,203,1,0,0,0,72,0,54,0,54,0,141,0,0.734375
eval-s20261011-reference-24-19068,20261011,reference,24,19068,f80330aebbdfe81f957c2d212f77edb94909d75de8c0aeb293bcd2216e32834b,446,1,0,0,0,0,0,0,0,0,0,0,0,0.0
eval-s20261011-reference-24-19069,20261011,reference,24,19069,878eb800390e9cbad2118e2e3273eb7d98caf23553c0518120bb6829c965f76d,503,1,0,0,0,96,1,57,1,57,1,192,1,1.0
eval-s20261011-reference-24-19070,20261011,reference,24,19070,04eaa3690fb546e909374fc0915c37e6272772a46dce1c6e0ca68c1d22069190,286,1,0,0,0,39,0,26,0,23,0,82,0,0.4270833333333333
eval-s20261011-reference-24-19071,20261011,reference,24,19071,26d3cbb78fdad92b963c26c176d9736e35e32b00ca56537f967d66e9a849e52e,218,1,0,0,0,27,0,25,0,24,0,47,0,0.24479166666666666
eval-s20261011-reference-24-19072,20261011,reference,24,19072,00bc230d55d29a1bc660e731d78a09b7380fc286f823c4518f0105a864a19b5b,269,1,0,0,0,96,1,57,1,57,1,192,1,1.0
eval-s20261011-reference-24-19073,20261011,reference,24,19073,67767f648b27ec1579af02ffe2f053667b1acbf8c42408d2a25a395a83b12682,435,1,0,0,0,96,1,57,1,57,1,192,1,1.0
eval-s20261011-reference-24-19074,20261011,reference,24,19074,a98b2b9b520add66c4d7ac2d67bb1c8068444588a8596d350b2d06c68763b4ab,247,1,0,0,0,39,0,39,0,38,0,74,0,0.3854166666666667
eval-s20261011-reference-24-19075,20261011,reference,24,19075,df38d557cb7dd6fce35da126ce42fb27bf72e9e659ffab9f3b73184421cbe077,486,1,0,0,0,96,1,57,1,57,1,192,1,1.0
eval-s20261011-reference-24-19076,20261011,reference,24,19076,76457baa6a522862403649994baff3e6764473a7cd28648fbabc56cf88b3d1f4,426,1,0,0,0,1,0,1,0,1,0,1,0,0.005208333333333333
eval-s20261011-reference-24-19077,20261011,reference,24,19077,827fc040386bbbcea8d95a003401ce2b882bfb96208463c99a8d401c0c6a8f49,95,1,0,0,0,96,1,57,1,57,1,192,1,1.0
eval-s20261011-reference-24-19078,20261011,reference,24,19078,b573f3a799aaec1395e974fcc5555904259ce74319434dabc9810d0cd6ec07ac,129,1,0,0,0,1,0,1,0,1,0,1,0,0.005208333333333333
eval-s20261011-reference-24-19079,20261011,reference,24,19079,5b1ac0d1429286fa2627f24f278aab4c66cf7062f4e127d5363af51e17d94b9f,453,0,0,0,0,0,0,0,0,0,0,0,0,0.0
eval-s20261011-reference-24-19080,20261011,reference,24,19080,324e085ba69181c06041c3b0eeee712a35fda870f36d151f6cc4fac397191811,498,1,0,1,1,64,0,57,1,49,0,127,0,0.6614583333333334
eval-s20261011-reference-24-19081,20261011,reference,24,19081,c28c2959d6bf729ddb7b6439a127842bec6c0a712907ccfe4645c087aaa55def,425,1,0,0,0,75,0,53,0,53,0,151,0,0.7864583333333334
eval-s20261011-reference-24-19082,20261011,reference,24,19082,30311fc44b50d89e88f165da65c6f946c0048f5d44a7f8458a85e1f3d38f0a37,289,1,0,0,0,39,0,39,0,38,0,74,0,0.3854166666666667
eval-s20261011-reference-24-19083,20261011,reference,24,19083,91fe88bb6f9ae33b123cff99bf26226f2120e8674f2facacbf0fb7ed5315f530,157,1,0,0,0,1,0,1,0,1,0,1,0,0.005208333333333333
eval-s20261011-reference-24-19084,20261011,reference,24,19084,ef303a54234a735a1db830f44f704e3411fa7895305e7c76828a691186f9a5b6,347,1,0,0,0,96,1,57,1,57,1,192,1,1.0
eval-s20261011-reference-24-19085,20261011,reference,24,19085,a0546f6069c85825d1566f2f67d464c36e5dc07abe5df7c99b92f0f6c149e911,369,1,0,0,0,28,0,18,0,12,0,58,0,0.3020833333333333
eval-s20261011-reference-24-19086,20261011,reference,24,19086,e7e3be81bc04877ce59c304cf6b454f002887a4ba99b07fc21fbeb11c9ebbba5,458,1,0,0,0,96,1,57,1,57,1,192,1,1.0
eval-s20261011-reference-24-19087,20261011,reference,24,19087,dcb6482c7d06025365d2e3d705202edac8f44bce221167adb43bfa1707fb8c1a,177,1,0,0,0,96,1,57,1,57,1,192,1,1.0
eval-s20261011-reference-24-19088,20261011,reference,24,19088,f6e96499b6d2c7d9c9edf2b511579a92a08221040ba3c6df448c03211f9873ab,321,1,0,0,0,39,0,39,0,38,0,74,0,0.3854166666666667
eval-s20261011-reference-24-19089,20261011,reference,24,19089,286377306f47a998c4cbe4bdaa255328bca06a467bc688db6920aaf9eaeb9b3f,143,1,0,0,0,39,0,39,0,38,0,74,0,0.3854166666666667
eval-s20261011-reference-24-19090,20261011,reference,24,19090,167b719a8022a4026cb5ded2d535aa951745bca7cdc43c5b0b16c5c73a4908e0,231,1,0,0,0,25,0,18,0,19,0,42,0,0.21875
eval-s20261011-reference-24-19091,20261011,reference,24,19091,493555d94ed3d3542c65aa4b0d0d879a9ce1bcb2bb54df4eafc15a611919ee18,512,1,1,0,0,1,0,1,0,1,0,1,0,0.005208333333333333
eval-s20261011-reference-24-19092,20261011,reference,24,19092,30d97c9622d1ff4065e952a737293a6d78143e4349382e1f7c53ed8d41d2d36e,462,1,0,0,0,38,0,38,0,37,0,73,0,0.3802083333333333
eval-s20261011-reference-24-19093,20261011,reference,24,19093,dc79b92e7ad397f10f550922e9e885f727f73db34c846786390dd4dea1d2322e,512,1,1,0,0,0,0,0,0,0,0,0,0,0.0
eval-s20261011-reference-24-19094,20261011,reference,24,19094,8182accc81800bbc49b0ddf2522b642b510d77f24989eb7654afe42136da98a1,282,1,0,0,0,55,0,54,0,46,0,109,0,0.5677083333333334
eval-s20261011-reference-24-19095,20261011,reference,24,19095,833bd759950b7f8f5ba37458a0f53714e4585eb47da3fae3d9a2bdb4aaa1bdd2,191,1,0,0,0,28,0,18,0,12,0,58,0,0.3020833333333333
eval-s20261011-reference-24-19096,20261011,reference,24,19096,0304fa52b73f4d1574aa9ff6e1bff3e5b65df88b7086df553cb74bb810226d22,99,1,0,0,0,96,1,57,1,57,1,192,1,1.0
eval-s20261011-reference-24-19097,20261011,reference,24,19097,79c2015ff39de834de38a2e08396c8b62ae5458bdc836a01e9a17b85bfeb3552,151,1,0,0,0,39,0,39,0,38,0,74,0,0.3854166666666667
eval-s20261011-reference-24-19098,20261011,reference,24,19098,67877d8082d23a9cad39a79c9a10ad0c3f1cf893b30bb75a65537552ba200af4,196,0,0,0,0,0,0,0,0,0,0,0,0,0.0
eval-s20261011-reference-24-19099,20261011,reference,24,19099,0523ed765e521a19d28b20cc89aee3f83e4631ec2f88d46a648127afdbc4d01f,260,1,0,0,0,39,0,39,0,38,0,74,0,0.3854166666666667
eval-s20261011-reference-24-19100,20261011,reference,24,19100,df698fa00a8ba2acfd2fe6c6822f32c535854768c6886ba3591c6283195a11cf,127,1,0,0,0,1,0,1,0,1,0,1,0,0.005208333333333333
eval-s20261011-reference-24-19101,20261011,reference,24,19101,064825df2a4928bb88a94d8989dd329b4a02ebf1f3ba095056a02df144d219fa,164,1,0,0,0,1,0,1,0,1,0,1,0,0.005208333333333333
eval-s20261011-reference-24-19102,20261011,reference,24,19102,3a54990176be584925756fb0a94914024863e7ea4ab04708a7bad5f9b9ddf54b,158,1,0,0,0,1,0,1,0,1,0,1,0,0.005208333333333333
eval-s20261011-reference-24-19103,20261011,reference,24,19103,c3e60f622f483087c4980784e3d81a29f0b1c57716e0cc51f952a5dcc09b4052,198,1,0,0,0,96,1,57,1,57,1,192,1,1.0
eval-s20261011-reference-24-19104,20261011,reference,24,19104,33d5dd6e91f845eaffa4a6e13c0ae81d6f51b6a0dc745f57fcde5f828a01706b,451,1,0,0,0,1,0,1,0,1,0,1,0,0.005208333333333333
eval-s20261011-reference-24-19105,20261011,reference,24,19105,41cf60df8b5b45adf4cf85720fe8f63c8c9193eca4b08c956f283c3d0b0f90d6,373,1,0,0,0,39,0,39,0,38,0,74,0,0.3854166666666667
eval-s20261011-reference-24-19106,20261011,reference,24,19106,704db64d1f48057a62d235516a14d899772b4f4897e12652de244e61a0737242,512,1,1,0,0,0,0,0,0,0,0,0,0,0.0
eval-s20261011-reference-24-19107,20261011,reference,24,19107,99deb1974e415d424c7127b4ee10497ec86b98fb30299e701398bbfcf3375067,433,1,0,0,0,72,0,54,0,54,0,141,0,0.734375
eval-s20261011-reference-24-19108,20261011,reference,24,19108,cf55b7b1966165041f90c010fcff7cb9496429be6e0225f761d54b4bb52d8e4f,408,1,0,0,0,39,0,39,0,38,0,74,0,0.3854166666666667
eval-s20261011-reference-24-19109,20261011,reference,24,19109,09ca042a3c44abe8b2cd0426aa30c3569c29d98d789e24bd43025eb00c77bbde,214,1,0,0,0,96,1,57,1,57,1,192,1,1.0
eval-s20261011-reference-24-19110,20261011,reference,24,19110,ff101945727accbe86452a84e249cb589c262dcb75f12dc8dddd3877694c88f0,105,1,0,0,0,96,1,57,1,57,1,192,1,1.0
eval-s20261011-reference-24-19111,20261011,reference,24,19111,982887248f106e8f50ae906e8ffc12612abc265c1f8ba22fb8e57cf61fb25352,512,1,1,0,0,0,0,0,0,0,0,0,0,0.0
eval-s20261011-reference-24-19112,20261011,reference,24,19112,683e1f4f63e1cd544912dbd262926ae7d4cfc011b7500b78514a9104ea9c1d00,512,1,1,0,0,96,1,57,1,57,1,192,1,1.0
eval-s20261011-reference-24-19113,20261011,reference,24,19113,3284d29b55b2eb844d5656b37a7fa63168a9247a528a2fe8a10ba6d54024e213,385,1,0,0,0,22,0,12,0,13,0,42,0,0.21875
eval-s20261011-reference-24-19114,20261011,reference,24,19114,1ddd327f2375eb636945fff4f8130e7f497ac1353bc5a279e3cefb7a7b2aa8b8,444,1,0,0,0,0,0,0,0,0,0,0,0,0.0
eval-s20261011-reference-24-19115,20261011,reference,24,19115,e2623f1fa868d3cbae73455acc69dac7a3c3dcf12a3070c09271e6c2d5f9a15a,485,1,0,0,0,1,0,1,0,1,0,1,0,0.005208333333333333
eval-s20261011-reference-24-19116,20261011,reference,24,19116,18909a97eae61355147cdfefaf680726ccb09c380df359eb2fa8e709af2fa936,293,1,0,0,0,10,0,10,0,9,0,19,0,0.09895833333333333
eval-s20261011-reference-24-19117,20261011,reference,24,19117,b88db6e52569757ee918c39ccc92cb85577a67088ec1b15a7eec129c1dc4dc60,272,1,0,0,0,0,0,0,0,0,0,0,0,0.0
eval-s20261011-reference-24-19118,20261011,reference,24,19118,e071537c97b7132b27ee23dd6b6922a976982cb46301f1b01a027b94f0d05558,217,1,0,0,0,42,0,26,0,26,0,88,0,0.4583333333333333
eval-s20261011-reference-24-19119,20261011,reference,24,19119,fa1b9e5f4307ffb95196715dd81627cce2449af4b1f555ce99102d51867732d9,265,1,0,0,0,2,0,2,0,0,0,2,0,0.010416666666666666
eval-s20261011-reference-24-19120,20261011,reference,24,19120,499f6d81edb1ac4082f5eda67d825f7fb913e012fd21c557b093d11c2c0346ce,451,1,0,0,0,96,1,57,1,57,1,192,1,1.0
eval-s20261011-reference-24-19121,20261011,reference,24,19121,93f8365f07ea65e77f96f05af7f289983ab03794af3cfcbd7f79abf450dc6df9,235,1,0,0,0,74,0,54,0,51,0,151,0,0.7864583333333334
eval-s20261011-reference-24-19122,20261011,reference,24,19122,d1abaad63bb43fa89aa8599440328177c3058349d2091e432ec888f6cda9b656,512,1,1,0,0,1,0,1,0,1,0,1,0,0.005208333333333333
eval-s20261011-reference-24-19123,20261011,reference,24,19123,a4be5b1d8df8b3af4fa707944ea195b494a27ca74dbc5dd5a77855b801009d52,176,1,0,0,0,1,0,1,0,1,0,1,0,0.005208333333333333
eval-s20261011-reference-24-19124,20261011,reference,24,19124,8773ccbedf6fb45800f21f0d63fdf8dd05bd7b8ee419e7a8eff2704c196a86d7,209,1,0,0,0,1,0,1,0,1,0,1,0,0.005208333333333333
eval-s20261011-reference-24-19125,20261011,reference,24,19125,292c3a2114334a16db5dd1716eaf20d69cec4de6ce5310a1432657c9244a7861,169,1,0,0,0,1,0,1,0,1,0,1,0,0.005208333333333333
eval-s20261011-reference-24-19126,20261011,reference,24,19126,085bbab8f63f34f24bd4088d9d0414e97cac0af884d53a5e5f1d53183afc2d08,107,1,0,0,0,1,0,1,0,1,0,1,0,0.005208333333333333
eval-s20261011-reference-24-19127,20261011,reference,24,19127,32ba07f26b600032f762a4bef47eab4d3efb180c713ffb57714279220b5b448f,256,1,0,0,0,96,1,57,1,57,1,192,1,1.0
eval-s20261011-repaired-12-19000,20261011,repaired,12,19000,83bfe3aa99c61d0e1a272a304c4e560bb0bcf2af40120e75d9031bbae73430e1,172,1,0,0,0,1,0,1,0,1,0,1,0,0.005208333333333333
eval-s20261011-repaired-12-19001,20261011,repaired,12,19001,a5fc82b02a5d4a774e7de55813b4ccc54692bd772f44492482140a29a6e31a4f,242,1,0,1,1,64,0,57,1,49,0,127,0,0.6614583333333334
eval-s20261011-repaired-12-19002,20261011,repaired,12,19002,5b1ac0d1429286fa2627f24f278aab4c66cf7062f4e127d5363af51e17d94b9f,512,0,1,0,0,0,0,0,0,0,0,0,0,0.0
eval-s20261011-repaired-12-19003,20261011,repaired,12,19003,9b16132a732e7a33379fd1ea4f04b643d39223370150810e26128bbf55698cfc,484,1,0,0,0,96,1,57,1,57,1,192,1,1.0
eval-s20261011-repaired-12-19004,20261011,repaired,12,19004,0a4ec8788389a5b2ad31207e2a40ba6f9cbb1866215b22f1a91c9bca8998ad63,175,1,0,0,0,96,1,57,1,57,1,192,1,1.0
eval-s20261011-repaired-12-19005,20261011,repaired,12,19005,fa31ab129f5d6244a68d9faaacb4f86133d1e54b8341e000aa89e672a626c902,92,1,0,0,0,0,0,0,0,0,0,0,0,0.0
eval-s20261011-repaired-12-19006,20261011,repaired,12,19006,263f75612c525c7d97d039b21bb7b8b92a830ef07dcb9cf417879475765feefb,269,1,0,0,0,27,0,25,0,25,0,49,0,0.2552083333333333
eval-s20261011-repaired-12-19007,20261011,repaired,12,19007,cdee55c650783379b7f2dc386fa12e5496bc1c2edad08da4cb0bfe5230a12485,179,1,0,0,0,2,0,1,0,1,0,3,0,0.015625
eval-s20261011-repaired-12-19008,20261011,repaired,12,19008,50b2b393b653d5df9341c70e7fd726573d9be7587ca3850988afade5987d2d2b,170,1,0,0,0,28,0,18,0,12,0,58,0,0.3020833333333333
eval-s20261011-repaired-12-19009,20261011,repaired,12,19009,1659bea6e74466ff8292ad3986d5c9d830f83b6943112f9b612bb3c8f36bfd5b,231,1,0,0,0,73,0,50,0,50,0,146,0,0.7604166666666666
eval-s20261011-repaired-12-19010,20261011,repaired,12,19010,8d684a67056a564ebf29a42d54b977acd2c3caa2d041b07c658f9f2aa8bdfcda,407,1,0,0,0,76,0,54,0,54,0,152,0,0.7916666666666666
eval-s20261011-repaired-12-19011,20261011,repaired,12,19011,0510d66631477326e807f4327dbb08ddf681dfb776a9e00f49b1340c597b2bad,436,1,0,0,0,96,1,57,1,57,1,192,1,1.0
eval-s20261011-repaired-12-19012,20261011,repaired,12,19012,05b15ca74e65f70dbd651dd64c6c2090dae3d3accd73494b0e061945f63c94e4,165,1,0,0,0,96,1,57,1,57,1,192,1,1.0
eval-s20261011-repaired-12-19013,20261011,repaired,12,19013,dfa5f60e0f82e9941c71b33f9b01c559b235e352c5b1e9b83219edb3752d9c1e,235,1,0,0,0,42,0,42,0,40,0,89,0,0.4635416666666667
eval-s20261011-repaired-12-19014,20261011,repaired,12,19014,5396d67bba80fca1b7cc3e5216efda1e81f263c3a6ec3e8b31a373f771715486,99,1,0,0,0,39,0,39,0,38,0,74,0,0.3854166666666667
eval-s20261011-repaired-12-19015,20261011,repaired,12,19015,bd31c14803b1731e1d1926483e296e785638979eb308e2e4c7e1b6f2a6572a14,476,1,0,0,0,0,0,0,0,0,0,0,0,0.0
eval-s20261011-repaired-12-19016,20261011,repaired,12,19016,9fcf3002e89b6a58ce1564dcb373e38f060eb6533aa8a48e029040b9a15db130,181,1,0,0,0,2,0,2,0,1,0,1,0,0.005208333333333333
eval-s20261011-repaired-12-19017,20261011,repaired,12,19017,135425a497cb6212dcd76b5a0b698aa1456ee5e1ea420ef5d7873be246ec7239,75,1,0,0,0,2,0,2,0,1,0,1,0,0.005208333333333333
eval-s20261011-repaired-12-19018,20261011,repaired,12,19018,210243a532ceed3da4176fd4faacf218201c3704125eae019e398c2dfb3e09ba,139,1,0,0,0,1,0,1,0,1,0,1,0,0.005208333333333333
eval-s20261011-repaired-12-19019,20261011,repaired,12,19019,c1aa378bccb977d48c53afdad88108ed6e331f015ad695f8cf6771051fa4bae8,342,1,0,0,0,27,0,24,0,26,0,52,0,0.2708333333333333
eval-s20261011-repaired-12-19020,20261011,repaired,12,19020,3152e96f4a9a56a09d0c5823a61eae1c2151adb488976cf93d3ee2ecb67322a1,231,1,0,0,0,39,0,39,0,38,0,74,0,0.3854166666666667
eval-s20261011-repaired-12-19021,20261011,repaired,12,19021,d1ff3321519b8db14312cb4e46ea73cf73505904c724d27f78127fc361c23683,103,1,0,0,0,96,1,57,1,57,1,192,1,1.0
eval-s20261011-repaired-12-19022,20261011,repaired,12,19022,fb5446901e03a942213343915d53b21d6894a3e47ac913190cfd731d32fa8562,174,1,0,0,0,1,0,1,0,1,0,1,0,0.005208333333333333
eval-s20261011-repaired-12-19023,20261011,repaired,12,19023,34489eb0324139ddc4d740a924a87abc42e3d9723033152cccdcba8b38311176,254,1,0,0,0,5,0,3,0,1,0,7,0,0.036458333333333336
eval-s20261011-repaired-12-19024,20261011,repaired,12,19024,4b907361a13a898345293e718d9c0afea43f4e9a620cfafd02cdaf2ce57a6801,512,1,1,0,0,0,0,0,0,0,0,0,0,0.0
eval-s20261011-repaired-12-19025,20261011,repaired,12,19025,ec2cb04ef1e992551e42e61406a86feb577c9bcd3b14d784e5841063c4f609e9,170,1,0,0,0,39,0,39,0,38,0,74,0,0.3854166666666667
eval-s20261011-repaired-12-19026,20261011,repaired,12,19026,06d585659672bbffe9921a47ee7e385a5c55147b2402c7781300bedaab20287c,197,1,0,0,0,1,0,1,0,1,0,1,0,0.005208333333333333
eval-s20261011-repaired-12-19027,20261011,repaired,12,19027,dd47470a741b710b0d76a2ea58536435d34162fd8a9cb346495b30f9f8348e22,194,1,0,0,0,96,1,57,1,57,1,192,1,1.0
eval-s20261011-repaired-12-19028,20261011,repaired,12,19028,03660526da69c89e0eafc0e25e71064fb25c0e244e92d29a07659c518a0fadac,492,1,0,0,0,46,0,42,0,43,0,96,0,0.5
eval-s20261011-repaired-12-19029,20261011,repaired,12,19029,5c8b705150e378be46f201aa3c34c43429da8dcbded36e021ad1ddeec324d164,160,1,0,0,0,1,0,1,0,1,0,1,0,0.005208333333333333
eval-s20261011-repaired-12-19030,20261011,repaired,12,19030,585390009c3b77938f8623a27715cb3e3d1dad84bcda48f1817174bf2c9519d2,184,1,0,0,0,39,0,39,0,38,0,74,0,0.3854166666666667
eval-s20261011-repaired-12-19031,20261011,repaired,12,19031,67d66bf84bef3490ed4cf63b0be15d7338ced72d66d6c017d7e92cd997272f66,246,1,0,0,0,51,0,50,0,42,0,100,0,0.5208333333333334
eval-s20261011-repaired-24-19000,20261011,repaired,24,19000,b8ce768d8e2838c2cf130ecdf4ddd145d5d5fbd07b4389ed2471bfc3c0e0c975,233,1,0,0,0,96,1,57,1,57,1,192,1,1.0
eval-s20261011-repaired-24-19001,20261011,repaired,24,19001,f9ecc272e2c678b73bb840db0b12f77ef121b7edbfac4220ca36a61660787e0e,213,1,0,0,0,39,0,39,0,38,0,74,0,0.3854166666666667
eval-s20261011-repaired-24-19002,20261011,repaired,24,19002,da583dd419af8ec7bb19b7433d21665c64dd48a6be5c1e9648068f12f0b3e143,231,1,0,0,0,28,0,18,0,12,0,58,0,0.3020833333333333
eval-s20261011-repaired-24-19003,20261011,repaired,24,19003,bef72baae80baf4a3ed3a7e37a61e19e485b3b1ffa51f837bf73a8757f24680b,186,1,0,0,0,73,0,50,0,50,0,146,0,0.7604166666666666
eval-s20261011-repaired-24-19004,20261011,repaired,24,19004,0a4ec8788389a5b2ad31207e2a40ba6f9cbb1866215b22f1a91c9bca8998ad63,175,1,0,0,0,96,1,57,1,57,1,192,1,1.0
eval-s20261011-repaired-24-19005,20261011,repaired,24,19005,fa31ab129f5d6244a68d9faaacb4f86133d1e54b8341e000aa89e672a626c902,92,1,0,0,0,0,0,0,0,0,0,0,0,0.0
eval-s20261011-repaired-24-19006,20261011,repaired,24,19006,fb7f5ca144e46025895b709d207b793feaca645a86e15d4fbbd661fa75c12f18,64,1,0,0,0,27,0,17,0,11,0,57,0,0.296875
eval-s20261011-repaired-24-19007,20261011,repaired,24,19007,104e116cd416dabb12bcef6e7cd9a629b7f5f9daa801dc11c6a6af8327db98e7,142,1,0,0,0,40,0,39,0,38,0,74,0,0.3854166666666667
eval-s20261011-repaired-24-19008,20261011,repaired,24,19008,7c7363919bced0246e4ed49699d9db93faa558adc0e9a33ca9d3a53388073a82,207,1,0,0,0,70,0,53,0,53,0,139,0,0.7239583333333334
eval-s20261011-repaired-24-19009,20261011,repaired,24,19009,ab8719b5da24887aec1773ccbf0152206f7232330a03fb727de4786b8f7a0920,150,1,0,0,0,14,0,12,0,12,0,29,0,0.15104166666666666
eval-s20261011-repaired-24-19010,20261011,repaired,24,19010,ce706124ab11f3493870343c2544d3472494d2c8f0d91f07ab84f993a8520e0c,114,1,0,0,0,11,0,3,0,7,0,24,0,0.125
eval-s20261011-repaired-24-19011,20261011,repaired,24,19011,d34b05632f712ce75b8bdd836b045077a2fd2a853bcd3aadc8c6838ae8415841,171,1,0,0,0,72,0,54,0,54,0,143,0,0.7447916666666666
eval-s20261011-repaired-24-19012,20261011,repaired,24,19012,14466749d8b852e8977b9e430a44d3b93768671a51a054eca2ae382c7e5f4823,248,1,0,0,0,96,1,57,1,57,1,192,1,1.0
eval-s20261011-repaired-24-19013,20261011,repaired,24,19013,f769bb050ed89e56ab6d601bc337491c702169645bc3c665c438c77e47f3073d,192,1,0,0,0,39,0,39,0,38,0,74,0,0.3854166666666667
eval-s20261011-repaired-24-19014,20261011,repaired,24,19014,5396d67bba80fca1b7cc3e5216efda1e81f263c3a6ec3e8b31a373f771715486,99,1,0,0,0,39,0,39,0,38,0,74,0,0.3854166666666667
eval-s20261011-repaired-24-19015,20261011,repaired,24,19015,36747dae54f2b6c1c3f7fbef8832d1a2261ab822a83591f66d7c7e1299a24591,202,1,0,0,0,44,0,28,0,22,0,86,0,0.4479166666666667
eval-s20261011-repaired-24-19016,20261011,repaired,24,19016,7ab5b1a6a5c3f0ef1efbf03566f244955b33c0680784f32ce78e52d253c0d5a0,271,1,0,0,0,96,1,57,1,57,1,192,1,1.0
eval-s20261011-repaired-24-19017,20261011,repaired,24,19017,4e301d902c0e87d77a8348953f8378adf340c1830d871764c6753e2eb9ee6e0c,379,1,0,0,0,39,0,39,0,38,0,74,0,0.3854166666666667
eval-s20261011-repaired-24-19018,20261011,repaired,24,19018,0db8aed26663dda5cac53e58f5f59a63f56cf143daa1918f5738cf2b84ddf08a,79,1,0,0,0,1,0,1,0,1,0,1,0,0.005208333333333333
eval-s20261011-repaired-24-19019,20261011,repaired,24,19019,c1aa378bccb977d48c53afdad88108ed6e331f015ad695f8cf6771051fa4bae8,312,1,0,0,0,27,0,24,0,26,0,52,0,0.2708333333333333
eval-s20261011-repaired-24-19020,20261011,repaired,24,19020,3152e96f4a9a56a09d0c5823a61eae1c2151adb488976cf93d3ee2ecb67322a1,231,1,0,0,0,39,0,39,0,38,0,74,0,0.3854166666666667
eval-s20261011-repaired-24-19021,20261011,repaired,24,19021,1f2fd4188ed5b3ce2d6d199db432b7f9597360ed089697af9417d235d4b92a3a,285,1,0,0,0,96,1,57,1,57,1,192,1,1.0
eval-s20261011-repaired-24-19022,20261011,repaired,24,19022,336e01880727df2af395395ac99fd166be2d57864141581132f5b6f052c3fd71,243,1,0,0,0,1,0,1,0,1,0,1,0,0.005208333333333333
eval-s20261011-repaired-24-19023,20261011,repaired,24,19023,89689b99703eda89751be3e1573cd3911ff5eaed483f442709757c3e07a4fe72,193,1,0,0,0,72,0,49,0,49,0,146,0,0.7604166666666666
eval-s20261011-repaired-24-19024,20261011,repaired,24,19024,44ad672b9cac6f7dacd9c881a0154340c49bab0bcd0aac2ca276efe45e35d731,121,1,0,0,0,39,0,39,0,38,0,74,0,0.3854166666666667
eval-s20261011-repaired-24-19025,20261011,repaired,24,19025,25ec31b25d040d1aa80d76181923b7387ceb088ebe7480b2974237cfdeabc842,130,1,0,0,0,15,0,13,0,13,0,29,0,0.15104166666666666
eval-s20261011-repaired-24-19026,20261011,repaired,24,19026,ffab7dfeda5aa65c1b3065c8360104902765487e4f857c6c71e3a043fd7ad3e0,208,1,0,0,0,1,0,1,0,1,0,1,0,0.005208333333333333
eval-s20261011-repaired-24-19027,20261011,repaired,24,19027,dd47470a741b710b0d76a2ea58536435d34162fd8a9cb346495b30f9f8348e22,194,1,0,0,0,96,1,57,1,57,1,192,1,1.0
eval-s20261011-repaired-24-19028,20261011,repaired,24,19028,cb3803ba5a800fd630405a89624e77db12f2f6d722523dfe521042493cfe0e8b,371,1,0,0,0,46,0,42,0,43,0,96,0,0.5
eval-s20261011-repaired-24-19029,20261011,repaired,24,19029,c9bcde021286759b04fcdd3d57d61e6d1ca5a678d443cd61a8e57bbd466717a9,96,1,0,0,0,26,0,18,0,20,0,53,0,0.2760416666666667
eval-s20261011-repaired-24-19030,20261011,repaired,24,19030,290728580cc354bcdc9f80321caab8aa7e0975158fb5f64c085d1729f9f10b61,195,1,0,0,0,39,0,39,0,38,0,74,0,0.3854166666666667
eval-s20261011-repaired-24-19031,20261011,repaired,24,19031,bb05bbc8435b336ad21973c86bd63d93fd8cdb8657c7e6ca6671e1898e2116fd,334,1,0,0,0,39,0,39,0,38,0,74,0,0.3854166666666667
eval-s20261011-repaired-24-19032,20261011,repaired,24,19032,1dc6ba336e7204112ed1a6e4407519e8a2c65c3ae05dbd6d78c4d54bf49ddc23,169,1,0,0,0,2,0,2,0,2,0,2,0,0.010416666666666666
eval-s20261011-repaired-24-19033,20261011,repaired,24,19033,10ab01936a7a8fd636aa3ddf9128de6b9489e07a27365ab82d2137a8d9e74176,218,1,0,0,0,73,0,50,0,50,0,146,0,0.7604166666666666
eval-s20261011-repaired-24-19034,20261011,repaired,24,19034,f57867c991a521002315485d5953757e3d09708b5890d85a40948f732d68948f,155,1,0,0,0,28,0,18,0,12,0,58,0,0.3020833333333333
eval-s20261011-repaired-24-19035,20261011,repaired,24,19035,68b4f09383905c1a4db48879caa658a29d029d0f6f57f8a53624e726a767d4e9,444,1,0,0,0,39,0,39,0,38,0,74,0,0.3854166666666667
eval-s20261011-repaired-24-19036,20261011,repaired,24,19036,6bed618c5fedf2031776f570f196d9106e4cf54251b5bdaa7427577d124075d9,179,1,0,1,1,64,0,57,1,49,0,127,0,0.6614583333333334
eval-s20261011-repaired-24-19037,20261011,repaired,24,19037,3ff68512f18a76d22339d0b8fa75db096271b410bc7465fe5da2dbbd9ac803a5,212,1,0,0,0,1,0,1,0,1,0,1,0,0.005208333333333333
eval-s20261011-repaired-24-19038,20261011,repaired,24,19038,e54eb239e3ace56a541bcab1aefc76d03b1e7d17bad62f069bd85873f604ffb6,113,1,0,0,0,39,0,39,0,38,0,74,0,0.3854166666666667
eval-s20261011-repaired-24-19039,20261011,repaired,24,19039,f318d71962b7c5a38d95cd7a9da03da7096ff325f15e2fbdf5df05048aea2a40,171,1,0,0,0,96,1,57,1,57,1,192,1,1.0
eval-s20261011-repaired-24-19040,20261011,repaired,24,19040,0f028df8b9fd0a10143449799335e7ef4d1ec95efdefcf238486cec71faa5814,114,1,0,0,0,72,0,54,0,54,0,141,0,0.734375
eval-s20261011-repaired-24-19041,20261011,repaired,24,19041,a659adc4cf680688b8b4934b10779fe1155ccbd6dd801aaf770795faf7f72136,176,1,0,0,0,90,0,55,0,52,0,178,0,0.9270833333333334
eval-s20261011-repaired-24-19042,20261011,repaired,24,19042,553b7cb4e2d87ce0787d2d49aba8b2b0f01d6084adefa9585f3450756a2b9aa7,89,1,0,0,0,39,0,39,0,38,0,74,0,0.3854166666666667
eval-s20261011-repaired-24-19043,20261011,repaired,24,19043,5b2a06f3a14abe7d917e9170a5b3f3b1caec56d3ad9d6be5af6b9123e0b4cd9d,82,1,0,0,0,2,0,2,0,1,0,1,0,0.005208333333333333
eval-s20261011-repaired-24-19044,20261011,repaired,24,19044,ce89ad2b0e63530392e2152cf9c4290ff5434dc930a1ca7188dd0e7aa71e674f,400,1,0,1,1,64,0,57,1,49,0,127,0,0.6614583333333334
eval-s20261011-repaired-24-19045,20261011,repaired,24,19045,fe43bb31e778dbabe7836375afdfd4ea7df04966bf3d9648f5454be2fc84ca5b,512,1,1,0,0,0,0,0,0,0,0,0,0,0.0
eval-s20261011-repaired-24-19046,20261011,repaired,24,19046,3e2d1fbe7a780d76f85cce522858597107f1eac8cc0b32318a8ca77fbc8d566f,141,1,0,0,0,96,1,57,1,57,1,192,1,1.0
eval-s20261011-repaired-24-19047,20261011,repaired,24,19047,06959b5877b9fb7aa2e187dc1ac073bb083ea47920ab9346af893145d3143ca9,106,1,0,0,0,72,0,54,0,54,0,143,0,0.7447916666666666
eval-s20261011-repaired-24-19048,20261011,repaired,24,19048,c6d98d495bb5432400363309b9344f08def87474324767f306a840428ca38862,149,1,0,0,0,27,0,25,0,25,0,49,0,0.2552083333333333
eval-s20261011-repaired-24-19049,20261011,repaired,24,19049,a6b6608ef63d11efeb3d303eeec6c21f941312c244cebd898470922a7457ea7d,96,1,0,0,0,96,1,57,1,57,1,192,1,1.0
eval-s20261011-repaired-24-19050,20261011,repaired,24,19050,eb07dcc5ff0efc232971e4af1cf40689dc8a0866cdce9d865d4a97721dc89a2f,137,1,0,0,0,1,0,1,0,1,0,1,0,0.005208333333333333
eval-s20261011-repaired-24-19051,20261011,repaired,24,19051,c9bc8b07f052e2f45d46738c2c5876ef2e3a77a490d50428b4b0c5ecd50b2b4a,318,1,0,0,0,96,1,57,1,57,1,192,1,1.0
eval-s20261011-repaired-24-19052,20261011,repaired,24,19052,65811ecaa5f8ba68d50b160fb5514864f1d76b9d78eb691079ef0228757e400b,117,1,0,0,0,96,1,57,1,57,1,192,1,1.0
eval-s20261011-repaired-24-19053,20261011,repaired,24,19053,07e33b09485a91c7a6fc8ce42ed62bf96193bb57162e2dac3c687b8e195ccde9,249,1,0,0,0,39,0,39,0,38,0,74,0,0.3854166666666667
eval-s20261011-repaired-24-19054,20261011,repaired,24,19054,e02d7a682dff3c83d6cbf88c395afeb7130575b046cace7adaa30b5e20593d18,194,1,0,0,0,1,0,1,0,1,0,1,0,0.005208333333333333
eval-s20261011-repaired-24-19055,20261011,repaired,24,19055,df93130361b411be51443ffdfb26830cbb57c4625fc180ee80c463d7905bb151,197,1,0,0,0,1,0,1,0,1,0,1,0,0.005208333333333333
eval-s20261011-repaired-24-19056,20261011,repaired,24,19056,1a4ca3130299f8494df78c479d001d1ca9cb47ddb2c32f83cec234720db53bde,107,1,0,0,0,39,0,39,0,38,0,74,0,0.3854166666666667
eval-s20261011-repaired-24-19057,20261011,repaired,24,19057,7f5e99059b6bd9db78120ff6f925880e6d2d8b17e49a74ba49cca6ae497c8dc6,148,1,0,0,0,28,0,21,0,20,0,56,0,0.2916666666666667
eval-s20261011-repaired-24-19058,20261011,repaired,24,19058,90dfbc055a7d417d5566ae287e987f620dc2bb4772e731eed95b19b7c8c011b5,386,1,0,0,0,1,0,1,0,1,0,1,0,0.005208333333333333
eval-s20261011-repaired-24-19059,20261011,repaired,24,19059,d848af54d2838c34c5d65f0a0925b9cf79d79bb303525ca6c30f9f8e90fc8431,309,1,0,0,0,96,1,57,1,57,1,192,1,1.0
eval-s20261011-repaired-24-19060,20261011,repaired,24,19060,cd99885621f9c27578d52c68b46d257df517971250b8a7b7197e30a28586e8ae,153,1,0,0,0,96,1,57,1,57,1,192,1,1.0
eval-s20261011-repaired-24-19061,20261011,repaired,24,19061,98acbe69da67fb6784d2a346e8ead46dfa31b45b5a537254a2bfbf0197e2b7af,304,1,0,0,0,38,0,38,0,37,0,73,0,0.3802083333333333
eval-s20261011-repaired-24-19062,20261011,repaired,24,19062,78a030ca3451ecae68ec373b7299df61baf232dc3c7a89511b3b1fbcb0ff293f,185,1,0,0,0,96,1,57,1,57,1,192,1,1.0
eval-s20261011-repaired-24-19063,20261011,repaired,24,19063,917b6733a8fe7422607e24c56f8448123cd7158ffbcc8ad9ace7f349cea8055e,143,1,0,0,0,39,0,26,0,23,0,82,0,0.4270833333333333
eval-s20261011-repaired-24-19064,20261011,repaired,24,19064,5e17d2bf45b269734055442958d0006502532c865675d4e4e1125131d1a2f406,498,1,0,0,1,72,0,57,1,50,0,145,0,0.7552083333333334
eval-s20261011-repaired-24-19065,20261011,repaired,24,19065,11b3805d9f5ea2f0cd8f4e78fa32b62f1b456ce7e89f1925ae26a0019cd5d3bd,298,1,0,0,0,1,0,1,0,1,0,1,0,0.005208333333333333
eval-s20261011-repaired-24-19066,20261011,repaired,24,19066,178989dbedd968d540d311505a823075aaba907b59ede1def3c2584db3314065,175,1,0,0,0,59,0,53,0,45,0,122,0,0.6354166666666666
eval-s20261011-repaired-24-19067,20261011,repaired,24,19067,222e3fc11069a53b0653e3d15d64950a723ca6a04f8b3aa662228a8770ce68ef,107,1,0,0,0,14,0,12,0,12,0,29,0,0.15104166666666666
eval-s20261011-repaired-24-19068,20261011,repaired,24,19068,46c2b5f54ef46ab9e798fe07c50dfbfbbe6a9b4a10e83b795fc68785f167897c,212,1,0,0,0,72,0,54,0,54,0,141,0,0.734375
eval-s20261011-repaired-24-19069,20261011,repaired,24,19069,bc67568ca5a37f8f12e2b5373b84f8a38eb8c0111d86b04420437d7bdf06313e,162,1,0,0,0,39,0,39,0,38,0,74,0,0.3854166666666667
eval-s20261011-repaired-24-19070,20261011,repaired,24,19070,79ec6288a40d64ac7b2a84fe99a1808261552f406a236617620ec706724c044c,212,1,0,0,0,1,0,1,0,1,0,1,0,0.005208333333333333
eval-s20261011-repaired-24-19071,20261011,repaired,24,19071,9bcc71125fd27a7282f2b2193c8d7e99ac7c603adbc902f79be74e55141d099a,110,1,0,0,0,39,0,39,0,38,0,74,0,0.3854166666666667
eval-s20261011-repaired-24-19072,20261011,repaired,24,19072,58a070869bf8ed883640d914279a03260df05ee6c9f8850b19c6c82a85308db3,169,1,0,0,0,21,0,20,0,19,0,43,0,0.22395833333333334
eval-s20261011-repaired-24-19073,20261011,repaired,24,19073,9eb5e3d6656f338e36f4c6aaac80419c709ccf8c52daac1a358f37bbc9da5489,204,1,0,0,0,39,0,39,0,38,0,74,0,0.3854166666666667
eval-s20261011-repaired-24-19074,20261011,repaired,24,19074,a98b2b9b520add66c4d7ac2d67bb1c8068444588a8596d350b2d06c68763b4ab,129,1,0,0,0,39,0,39,0,38,0,74,0,0.3854166666666667
eval-s20261011-repaired-24-19075,20261011,repaired,24,19075,6f4e83850b4c7c6e0fc1b3b7fa0662abf95e21f685e874a922c3e8f6e7de43bc,96,1,0,0,0,96,1,57,1,57,1,192,1,1.0
eval-s20261011-repaired-24-19076,20261011,repaired,24,19076,2293354f66226b1103fec1be4c941d29e6ee69968b3bb556abd24a7db29bad98,270,1,0,0,0,28,0,18,0,12,0,58,0,0.3020833333333333
eval-s20261011-repaired-24-19077,20261011,repaired,24,19077,827fc040386bbbcea8d95a003401ce2b882bfb96208463c99a8d401c0c6a8f49,95,1,0,0,0,96,1,57,1,57,1,192,1,1.0
eval-s20261011-repaired-24-19078,20261011,repaired,24,19078,a753e9ff6abe0c7dc4c5b4681f272a5ef90b207aa65217639141cc747c4f4851,96,1,0,0,0,38,0,38,0,37,0,73,0,0.3802083333333333
eval-s20261011-repaired-24-19079,20261011,repaired,24,19079,e133cf539723e145af9ae5f66310375f97878e2d39708dcae9f022772f927e46,63,1,0,0,0,0,0,0,0,0,0,0,0,0.0
eval-s20261011-repaired-24-19080,20261011,repaired,24,19080,e33a503bae03d19dd718edcaa1fbfc0cc18e529b28bf60c9c7c3debce7f1bdbe,145,1,0,0,0,46,0,42,0,43,0,96,0,0.5
eval-s20261011-repaired-24-19081,20261011,repaired,24,19081,597ef724d6bd6510d5b346dec08674e01c31cd1ea36172855ea2a4741f699409,79,1,0,0,0,15,0,14,0,14,0,27,0,0.140625
eval-s20261011-repaired-24-19082,20261011,repaired,24,19082,65a7d0004a9fa86092ab6b015ae1ff01a60a9281cfbd6201e1a77d99f0aa3eee,193,1,0,0,0,2,0,2,0,1,0,1,0,0.005208333333333333
eval-s20261011-repaired-24-19083,20261011,repaired,24,19083,7ce8b17713515c865887971bc682b05939f862af980b853c86394fb6af175521,285,1,0,0,0,1,0,1,0,1,0,1,0,0.005208333333333333
eval-s20261011-repaired-24-19084,20261011,repaired,24,19084,54247077610eb9da0f7e4e565f9618fb92af39fcbe086c0e1596e1d81fdd836e,298,1,0,0,0,28,0,18,0,12,0,58,0,0.3020833333333333
eval-s20261011-repaired-24-19085,20261011,repaired,24,19085,ea0aebc09d3d16ad94348c358d1073264dfd836ea26bb3eafae13508ef549f47,162,1,0,0,0,96,1,57,1,57,1,192,1,1.0
eval-s20261011-repaired-24-19086,20261011,repaired,24,19086,6d940c98f2f97c0f2d08596177ee7521058409d7599902a2354fd414bf0df38d,420,1,0,0,0,46,0,42,0,43,0,96,0,0.5
eval-s20261011-repaired-24-19087,20261011,repaired,24,19087,dcb6482c7d06025365d2e3d705202edac8f44bce221167adb43bfa1707fb8c1a,177,1,0,0,0,96,1,57,1,57,1,192,1,1.0
eval-s20261011-repaired-24-19088,20261011,repaired,24,19088,1fca4473ae4625ca07510feda0e902fe84e69b1148e14af7e8b0bcc4e85bcd20,121,1,0,0,0,66,0,49,0,44,0,131,0,0.6822916666666666
eval-s20261011-repaired-24-19089,20261011,repaired,24,19089,479118e7726d57741a217c65a5d3fc0d34524c4b51f2ed71f553e94c0f49eb4f,157,1,0,0,0,20,0,15,0,15,0,36,0,0.1875
eval-s20261011-repaired-24-19090,20261011,repaired,24,19090,a14ddcd419a550a046a45a4f1b4fcc4d6a3b76d0ff0f9a1e6761961064fd18a0,300,1,0,0,0,96,1,57,1,57,1,192,1,1.0
eval-s20261011-repaired-24-19091,20261011,repaired,24,19091,955ae4cab9af74f5cd5d701aa21ab693de0ccac7760dd70403dcc6748fe40dbb,101,1,0,0,0,1,0,1,0,1,0,1,0,0.005208333333333333
eval-s20261011-repaired-24-19092,20261011,repaired,24,19092,553125e7d92ccd3bf64010e9a05bf357823ef1cbe5478379482dffdba49b4125,352,1,0,0,0,44,0,28,0,22,0,86,0,0.4479166666666667
eval-s20261011-repaired-24-19093,20261011,repaired,24,19093,1c960273f2ef135529b0531369bac85f6b1f7ca3897a4168b2116aaf3d7ee5fd,119,1,0,0,0,2,0,1,0,2,0,4,0,0.020833333333333332
eval-s20261011-repaired-24-19094,20261011,repaired,24,19094,da1cb542ba6b0cfa067e6c3c61bcb9acbac9d6e46bf4c9ee8f48d9077aca70b3,137,1,0,0,0,38,0,38,0,37,0,73,0,0.3802083333333333
eval-s20261011-repaired-24-19095,20261011,repaired,24,19095,472791ca6fc3c1f87a5e7c8c042c2ad330444e83d7c584ae01f87740bd0a4227,312,1,0,0,0,1,0,1,0,1,0,1,0,0.005208333333333333
eval-s20261011-repaired-24-19096,20261011,repaired,24,19096,65e65505ba504378b5f55c3d716abebe621db080d3eaeca7757db0b2622d9dfe,75,1,0,0,0,10,0,10,0,9,0,19,0,0.09895833333333333
eval-s20261011-repaired-24-19097,20261011,repaired,24,19097,68267ba3151b84fdd6d12d5d501cb5b5f7adea07f8bc28ba3869b5510669d9be,98,1,0,0,0,96,1,57,1,57,1,192,1,1.0
eval-s20261011-repaired-24-19098,20261011,repaired,24,19098,cd573dc920f0a852c2676ca52acfd7adadaf29b6872169a2ba682ed3088fd4f1,148,1,0,0,0,2,0,2,0,2,0,4,0,0.020833333333333332
eval-s20261011-repaired-24-19099,20261011,repaired,24,19099,eecf5ebdc996ceb1e57ba76a1e4427c4bbef97871d99218fb265c1c5874e12bb,295,1,0,0,0,39,0,39,0,38,0,74,0,0.3854166666666667
eval-s20261011-repaired-24-19100,20261011,repaired,24,19100,df698fa00a8ba2acfd2fe6c6822f32c535854768c6886ba3591c6283195a11cf,127,1,0,0,0,1,0,1,0,1,0,1,0,0.005208333333333333
eval-s20261011-repaired-24-19101,20261011,repaired,24,19101,19422228afe8a9f3edc3818eec65ee47e9914b3ac3261a446f91dd0341231d06,99,1,0,0,0,76,0,54,0,54,0,152,0,0.7916666666666666
eval-s20261011-repaired-24-19102,20261011,repaired,24,19102,fb9d6e29da73ab5085291a602ca7c822cb74435d8a893343865fa866f7011dee,257,1,0,0,0,38,0,38,0,37,0,73,0,0.3802083333333333
eval-s20261011-repaired-24-19103,20261011,repaired,24,19103,843aef8fd37d8463e6ab508c57ae9afa8be0c280b7c3413918254e3de99aaad9,113,1,0,0,0,1,0,1,0,1,0,1,0,0.005208333333333333
eval-s20261011-repaired-24-19104,20261011,repaired,24,19104,4bcf888536853a9a2db4c79d3a1406f27e53f43dab5b6d63440fbac8c9f63527,182,1,0,0,0,0,0,0,0,0,0,0,0,0.0
eval-s20261011-repaired-24-19105,20261011,repaired,24,19105,25986f3e1e05e4407274ed7625847d9ec86b497e90c4d9f8e2cc0c59e7bc96e4,221,1,0,0,0,9,0,2,0,5,0,18,0,0.09375
eval-s20261011-repaired-24-19106,20261011,repaired,24,19106,f9b8f03e7c1985a95acb33620f863140c9972a523830f0006af8ff5be74176a2,166,1,0,0,0,36,0,27,0,22,0,79,0,0.4114583333333333
eval-s20261011-repaired-24-19107,20261011,repaired,24,19107,44fcf0b0bff8197b2b3b8607f0012b6a0065998f8754ce2b6af0f00501abcdc1,254,1,0,0,0,1,0,1,0,1,0,1,0,0.005208333333333333
eval-s20261011-repaired-24-19108,20261011,repaired,24,19108,5426c4251fc449de66912c6bb3d3d180827547793ccf5b0f0c2f3beb91f8f1fe,169,1,0,0,0,39,0,39,0,38,0,74,0,0.3854166666666667
eval-s20261011-repaired-24-19109,20261011,repaired,24,19109,421e15438c2264e4a4f71da34cef7b65be0c41d4d70cb508984bb944acd11365,428,1,0,0,0,72,0,54,0,54,0,141,0,0.734375
eval-s20261011-repaired-24-19110,20261011,repaired,24,19110,ff101945727accbe86452a84e249cb589c262dcb75f12dc8dddd3877694c88f0,105,1,0,0,0,96,1,57,1,57,1,192,1,1.0
eval-s20261011-repaired-24-19111,20261011,repaired,24,19111,991ee962c0d3bd241499d06b545b088337a5810d906d3ce4e4fcc9f28b7e74d4,476,1,0,0,0,28,0,18,0,12,0,58,0,0.3020833333333333
eval-s20261011-repaired-24-19112,20261011,repaired,24,19112,326f7767cb89d21ffeae5324ef4a61e22ca72772a316033d9a02c8190d6b5627,198,1,0,0,0,24,0,22,0,21,0,51,0,0.265625
eval-s20261011-repaired-24-19113,20261011,repaired,24,19113,ca24d0d36e506ab4aaeee1bc1611ff7400868c206421453b7ccebc76c6075ac0,113,1,0,0,0,23,0,13,0,14,0,44,0,0.22916666666666666
eval-s20261011-repaired-24-19114,20261011,repaired,24,19114,f5e355ec8f41e0e5d80d1a6ddbfe63384ef9f6821e5546ca9ca315480a242146,287,1,0,0,0,28,0,18,0,12,0,58,0,0.3020833333333333
eval-s20261011-repaired-24-19115,20261011,repaired,24,19115,6bc3c483323972de44dfe5298eb750c7c546460970cd3cd4e9a7252347ffa3b8,142,1,0,0,0,14,0,12,0,12,0,29,0,0.15104166666666666
eval-s20261011-repaired-24-19116,20261011,repaired,24,19116,ce5376bd3c50acfb2e0b199324495b1914630b89c0822fde12260fc9b31bc23f,145,1,0,0,0,96,1,57,1,57,1,192,1,1.0
eval-s20261011-repaired-24-19117,20261011,repaired,24,19117,f794f8856ff0d81b7d02909d01f10e7ccac211dcc0a81660857853db55956a91,235,1,0,0,0,21,0,21,0,20,0,40,0,0.20833333333333334
eval-s20261011-repaired-24-19118,20261011,repaired,24,19118,a494d33fd1d8998a1c61053f96f5e13053231f563b1642bd2d8453811dcd43b0,75,1,0,0,0,4,0,4,0,3,0,8,0,0.041666666666666664
eval-s20261011-repaired-24-19119,20261011,repaired,24,19119,b9cd0827d6a94f2731836407d81a30596cd2c307517de15f2424a1345d720c16,201,1,0,0,0,2,0,2,0,0,0,2,0,0.010416666666666666
eval-s20261011-repaired-24-19120,20261011,repaired,24,19120,63a5b2836667ec6c6d38e5b8ddb90bfe87f44dac5062399df2fb128c6977023b,404,1,0,0,0,96,1,57,1,57,1,192,1,1.0
eval-s20261011-repaired-24-19121,20261011,repaired,24,19121,6d5fa593f01e03275c44359eaa10130c2bc43720463333e025577937efed5855,341,1,0,0,0,73,0,50,0,50,0,146,0,0.7604166666666666
eval-s20261011-repaired-24-19122,20261011,repaired,24,19122,e8d866f13328252e39c756735b19be47c363db795344bfd45aa6cc73b92d4006,128,1,0,0,0,96,1,57,1,57,1,192,1,1.0
eval-s20261011-repaired-24-19123,20261011,repaired,24,19123,f681722cdb4e4457b1a72f03b18891833dd3206f7c7588864674674d82353c30,112,1,0,0,0,36,0,27,0,22,0,79,0,0.4114583333333333
eval-s20261011-repaired-24-19124,20261011,repaired,24,19124,2a3d711d13b5592d46c91adb81b4113dc82949bdb0394127a8291ac23505a071,175,1,0,0,0,39,0,39,0,38,0,74,0,0.3854166666666667
eval-s20261011-repaired-24-19125,20261011,repaired,24,19125,7434a76d9ea3b09e5bbe3fc7ffd49adb42323f1be481815dddf222ffe56295fb,106,1,0,0,0,11,0,7,0,9,0,21,0,0.109375
eval-s20261011-repaired-24-19126,20261011,repaired,24,19126,c2688d2ae81c8698c6ab17a7a0588cd333f268553e511f88e719b5fbde5def8d,167,1,0,0,0,73,0,50,0,50,0,146,0,0.7604166666666666
eval-s20261011-repaired-24-19127,20261011,repaired,24,19127,5ca0c03fc6442d2d5ae9f34a50983254fd4203fba8442109ffc96897207e9bde,158,1,0,0,0,1,0,1,0,1,0,1,0,0.005208333333333333
eval-s20261012-endpoint_omission-12-19000,20261012,endpoint_omission,12,19000,3f2ecd257fb51eee4d841a6b54cbab48452933641b9a4a687ed5fc3cfc7f3a58,494,1,0,0,0,0,0,0,0,0,0,0,0,0.0
eval-s20261012-endpoint_omission-12-19001,20261012,endpoint_omission,12,19001,6a4f9c1d685c334d9e8122890176073932b4dc9707a029890144d0e0d5c66d06,272,1,0,0,0,96,1,57,1,57,1,192,1,1.0
eval-s20261012-endpoint_omission-12-19002,20261012,endpoint_omission,12,19002,ebc07b6c3cbd42b97c5454c92d047e46a96b974a84c033e3b4a4ca68303d2248,512,1,1,0,0,0,0,0,0,0,0,0,0,0.0
eval-s20261012-endpoint_omission-12-19003,20261012,endpoint_omission,12,19003,5b1ac0d1429286fa2627f24f278aab4c66cf7062f4e127d5363af51e17d94b9f,512,0,1,0,0,0,0,0,0,0,0,0,0,0.0
eval-s20261012-endpoint_omission-12-19004,20261012,endpoint_omission,12,19004,e17e5149641cfdb50ce22f0645fcff3a039195a308d6537e8bc0493d265759d7,186,1,0,0,0,96,1,57,1,57,1,192,1,1.0
eval-s20261012-endpoint_omission-12-19005,20261012,endpoint_omission,12,19005,43b1f15cec9a6e620c7e486812c5b9bd1883b339376a8babe7356333a5c347b5,241,1,0,0,0,96,1,57,1,57,1,192,1,1.0
eval-s20261012-endpoint_omission-12-19006,20261012,endpoint_omission,12,19006,c844fa222799c272b84fb9793b2359a559b44b8ceaf5fb17a93c9ca5a52e6f53,223,1,0,0,0,0,0,0,0,0,0,0,0,0.0
eval-s20261012-endpoint_omission-12-19007,20261012,endpoint_omission,12,19007,1f2183e48798aae1bbf192e506c3e923836c0cdaf0c1d9e77d080eedee44cff3,189,1,0,0,0,53,0,50,0,42,0,105,0,0.546875
eval-s20261012-endpoint_omission-12-19008,20261012,endpoint_omission,12,19008,b2bff1566668cc9a3ef93c6455e7c8c063ade8ec799e8fb59968888c26267e5f,226,1,0,0,0,72,0,54,0,54,0,141,0,0.734375
eval-s20261012-endpoint_omission-12-19009,20261012,endpoint_omission,12,19009,3f21751674094063442d58b528a726db4008c9f02375425d1d39cefe3344971f,133,1,0,0,0,70,0,53,0,53,0,139,0,0.7239583333333334
eval-s20261012-endpoint_omission-12-19010,20261012,endpoint_omission,12,19010,30305a8011b35e35baff1f3cff29a54ce647584e0fe46f4b7796a4949ad3f38f,327,1,0,1,1,64,0,57,1,49,0,127,0,0.6614583333333334
eval-s20261012-endpoint_omission-12-19011,20261012,endpoint_omission,12,19011,0510d66631477326e807f4327dbb08ddf681dfb776a9e00f49b1340c597b2bad,486,1,0,0,0,96,1,57,1,57,1,192,1,1.0
eval-s20261012-endpoint_omission-12-19012,20261012,endpoint_omission,12,19012,fd0ae30d5ee1f6c47ddbe886c73d0d41e6affafe3b1d51ad476705a633d043ce,312,1,0,0,0,1,0,1,0,1,0,1,0,0.005208333333333333
eval-s20261012-endpoint_omission-12-19013,20261012,endpoint_omission,12,19013,a38248701e04b4b0490d3642dcf287cb892fcb0c94f7c9bb5f0ba9b77991d7e8,178,1,0,0,0,28,0,18,0,12,0,58,0,0.3020833333333333
eval-s20261012-endpoint_omission-12-19014,20261012,endpoint_omission,12,19014,f15cdd2dde5d46c290b5de4cef268ac2923520783f1983b5990ae123c59ea8c9,98,1,0,0,0,39,0,39,0,38,0,74,0,0.3854166666666667
eval-s20261012-endpoint_omission-12-19015,20261012,endpoint_omission,12,19015,5c3050b5695cdcc8b01886fd0da149b20b43a0658fabe4e2636395563b60488c,390,1,0,0,0,39,0,39,0,38,0,74,0,0.3854166666666667
eval-s20261012-endpoint_omission-12-19016,20261012,endpoint_omission,12,19016,bab60efeb94e5ce5126522c6fd41cd96d04eeda8664678b0ecedb168854293db,96,1,0,0,0,39,0,39,0,38,0,74,0,0.3854166666666667
eval-s20261012-endpoint_omission-12-19017,20261012,endpoint_omission,12,19017,531bc0be1d51547bf9b4ddecae7113378dd924c7dbca2e0258cee7678039bf5b,76,1,0,0,0,2,0,2,0,1,0,1,0,0.005208333333333333
eval-s20261012-endpoint_omission-12-19018,20261012,endpoint_omission,12,19018,0b649adc8def866b9e622efd764b2437cd84f2cbed0832469a64649700fbd9ae,274,1,0,0,0,39,0,39,0,38,0,74,0,0.3854166666666667
eval-s20261012-endpoint_omission-12-19019,20261012,endpoint_omission,12,19019,c64c943a5e01a27072ef22dfe5d8b4c4fa8be8e75d8c14e7d935527e6d8dba72,241,1,0,0,0,95,0,56,0,56,0,191,0,0.9947916666666666
eval-s20261012-endpoint_omission-12-19020,20261012,endpoint_omission,12,19020,a53209cc0d56a664c1e0e6a6ef17cc9757f6a7921916e301923145a9b77753bc,287,1,0,0,0,39,0,39,0,38,0,74,0,0.3854166666666667
eval-s20261012-endpoint_omission-12-19021,20261012,endpoint_omission,12,19021,1e6de7d5c96c891e2be22becba60befed55ab1d62c8bccc5834e06fb9e25fd6e,88,1,0,0,0,96,1,57,1,57,1,192,1,1.0
eval-s20261012-endpoint_omission-12-19022,20261012,endpoint_omission,12,19022,a3bd134a5d06c4658562cf0b7263439052506d0ba7b8355ee0431df77d9a5fc6,95,1,0,0,0,0,0,0,0,0,0,0,0,0.0
eval-s20261012-endpoint_omission-12-19023,20261012,endpoint_omission,12,19023,4c9470fef9b6a44b6b008dddff61221262a88edcdf5eaf49fb95a6afbd7bf247,167,1,0,0,0,28,0,18,0,12,0,58,0,0.3020833333333333
eval-s20261012-endpoint_omission-12-19024,20261012,endpoint_omission,12,19024,5d1a2b7afd07835665da72c3a513a303738ac2132d0b447f1c384ac0753bd055,454,1,0,0,0,23,0,13,0,14,0,42,0,0.21875
eval-s20261012-endpoint_omission-12-19025,20261012,endpoint_omission,12,19025,ac004e09ddfa2bd284ecb1148e09fb87dce27eded2c6cef3fa72084d7a9a43c5,78,1,0,0,0,39,0,39,0,38,0,74,0,0.3854166666666667
eval-s20261012-endpoint_omission-12-19026,20261012,endpoint_omission,12,19026,4d5b5b89161442599a278b8dfebf854208d3e0af905a1d123952672619df57f1,178,1,0,0,0,1,0,1,0,1,0,1,0,0.005208333333333333
eval-s20261012-endpoint_omission-12-19027,20261012,endpoint_omission,12,19027,dd47470a741b710b0d76a2ea58536435d34162fd8a9cb346495b30f9f8348e22,314,1,0,0,0,96,1,57,1,57,1,192,1,1.0
eval-s20261012-endpoint_omission-12-19028,20261012,endpoint_omission,12,19028,e9c4369663dc9c8a6cefc71ffce21ed930bed7b1388384b39761aed481ad4c4c,512,1,1,0,0,0,0,0,0,0,0,0,0,0.0
eval-s20261012-endpoint_omission-12-19029,20261012,endpoint_omission,12,19029,e16430ce13726b93962c143e9f2d4175104a27e545cc03374ea422437a8a405c,140,1,0,0,0,1,0,1,0,1,0,1,0,0.005208333333333333
eval-s20261012-endpoint_omission-12-19030,20261012,endpoint_omission,12,19030,990a22894dd7c433de11d0cd2bec55d03754e4c7f377e277c8079b94b5285a53,151,1,0,0,0,2,0,2,0,1,0,1,0,0.005208333333333333
eval-s20261012-endpoint_omission-12-19031,20261012,endpoint_omission,12,19031,9a962fc4509cec0ada76cdaecb4aa61f135f032e0dabab50be6360625bd47997,281,1,0,0,0,39,0,39,0,38,0,74,0,0.3854166666666667
eval-s20261012-endpoint_omission-24-19000,20261012,endpoint_omission,24,19000,276e138bf55079f063f803ea47058af9e092a19c26569c1f0e6038ccbad0f5e0,104,1,0,0,0,96,1,57,1,57,1,192,1,1.0
eval-s20261012-endpoint_omission-24-19001,20261012,endpoint_omission,24,19001,f12c54c0bdce2541a53bb3e6b61a6ba9801b23b09ed5a5b7df1bebb2e51169e5,366,1,0,0,0,40,0,27,0,24,0,83,0,0.4322916666666667
eval-s20261012-endpoint_omission-24-19002,20261012,endpoint_omission,24,19002,7be5f3c2fd0a2e5c9cd2b433e134d3b73618a66280f9afa39da2f823cbfa9850,147,1,0,0,0,96,1,57,1,57,1,192,1,1.0
eval-s20261012-endpoint_omission-24-19003,20261012,endpoint_omission,24,19003,0f1f6c69092d21ef011dc719b38fedddf2619f0def85126f0c01d11b85cdafd3,231,1,0,0,0,96,1,57,1,57,1,192,1,1.0
eval-s20261012-endpoint_omission-24-19004,20261012,endpoint_omission,24,19004,94947c495cca366e9d669618cc7be8f7ff1921cfb1f0044397e845563d6e0ddc,139,1,0,0,0,96,1,57,1,57,1,192,1,1.0
eval-s20261012-endpoint_omission-24-19005,20261012,endpoint_omission,24,19005,83735cb31cf638ca2048890d6a133078ffa24ecfaaab770260b5bf068c6e0428,116,1,0,0,0,96,1,57,1,57,1,192,1,1.0
eval-s20261012-endpoint_omission-24-19006,20261012,endpoint_omission,24,19006,0f08a2a621b8fbd59493a1d52365fc888ac5732f3dfda83126155bddd11605a8,217,1,0,0,0,1,0,1,0,1,0,1,0,0.005208333333333333
eval-s20261012-endpoint_omission-24-19007,20261012,endpoint_omission,24,19007,9ca0255dd9ae085bd6f104ac1dc3d69b6c2a71bd479d2ecf6c6fc568a70f1058,281,1,0,0,0,1,0,1,0,1,0,1,0,0.005208333333333333
eval-s20261012-endpoint_omission-24-19008,20261012,endpoint_omission,24,19008,2ee1cade6fa85e726d16b7c6c3be861b5c5f083844fd894b7d88c612c5d8b797,98,1,0,0,0,1,0,1,0,1,0,1,0,0.005208333333333333
eval-s20261012-endpoint_omission-24-19009,20261012,endpoint_omission,24,19009,6b29b1dfa82355cb3cf2c9cb6b330ee24dd73b390cbd3309ced788a647be9a8f,227,1,0,0,0,0,0,0,0,0,0,0,0,0.0
eval-s20261012-endpoint_omission-24-19010,20261012,endpoint_omission,24,19010,c3650f6ef2d38ecbf6feb47ff62fccc4ac08b8325808ba85ae7c1b19cd06b287,493,1,0,0,0,0,0,0,0,0,0,0,0,0.0
eval-s20261012-endpoint_omission-24-19011,20261012,endpoint_omission,24,19011,b21de28f203eb5fcf85d37289730fe8c4732de4e77120b8e0a52cebca4a11e32,425,1,0,0,0,96,1,57,1,57,1,192,1,1.0
eval-s20261012-endpoint_omission-24-19012,20261012,endpoint_omission,24,19012,fd0ae30d5ee1f6c47ddbe886c73d0d41e6affafe3b1d51ad476705a633d043ce,241,1,0,0,0,1,0,1,0,1,0,1,0,0.005208333333333333
eval-s20261012-endpoint_omission-24-19013,20261012,endpoint_omission,24,19013,ed9201034337fc4f91dbba8fe33a872d7e702fe5cb40a39994a86aa0ba0c5970,167,1,0,0,0,0,0,0,0,0,0,0,0,0.0
eval-s20261012-endpoint_omission-24-19014,20261012,endpoint_omission,24,19014,070631f0c2bd97cb1d5cbb5906426f50186ee8d782f356d8e625ee14c7b08ca4,281,1,0,0,0,96,1,57,1,57,1,192,1,1.0
eval-s20261012-endpoint_omission-24-19015,20261012,endpoint_omission,24,19015,a52ab3444f557f5199b1c22e1fc4f14dd856151da476494972ca66f2888d8722,336,1,0,0,0,96,1,57,1,57,1,192,1,1.0
eval-s20261012-endpoint_omission-24-19016,20261012,endpoint_omission,24,19016,acb16dd8107cdb376436214dcd970f21f2f4337b268cf05e8b9430232fcbbd71,105,1,0,0,0,2,0,2,0,1,0,1,0,0.005208333333333333
eval-s20261012-endpoint_omission-24-19017,20261012,endpoint_omission,24,19017,bb5b194896b2332e79b837cc48c151852d34fc58fe26a5b10baf8fd3e92a84d5,82,1,0,0,0,28,0,18,0,12,0,58,0,0.3020833333333333
eval-s20261012-endpoint_omission-24-19018,20261012,endpoint_omission,24,19018,0b649adc8def866b9e622efd764b2437cd84f2cbed0832469a64649700fbd9ae,327,1,0,0,0,39,0,39,0,38,0,74,0,0.3854166666666667
eval-s20261012-endpoint_omission-24-19019,20261012,endpoint_omission,24,19019,761a588426fd95886201d53f775fec719c3f709804e7fa72fe9e3ff91e2ff48d,142,1,0,0,0,96,1,57,1,57,1,192,1,1.0
eval-s20261012-endpoint_omission-24-19020,20261012,endpoint_omission,24,19020,b19442a9d7c17f52a58827cbec4b6865518bd8c2228c6c352ec1533d0eccb714,134,1,0,0,0,2,0,2,0,1,0,1,0,0.005208333333333333
eval-s20261012-endpoint_omission-24-19021,20261012,endpoint_omission,24,19021,3528202b394c62fcd4bcb4780e73c54b5b284b4b101845aceebc4227addf25ce,90,1,0,0,0,96,1,57,1,57,1,192,1,1.0
eval-s20261012-endpoint_omission-24-19022,20261012,endpoint_omission,24,19022,a3bd134a5d06c4658562cf0b7263439052506d0ba7b8355ee0431df77d9a5fc6,95,1,0,0,0,0,0,0,0,0,0,0,0,0.0
eval-s20261012-endpoint_omission-24-19023,20261012,endpoint_omission,24,19023,f4bd405199190b6853585b379681e832150acc9857f1e787ccf341552472f534,167,1,0,0,0,28,0,18,0,12,0,58,0,0.3020833333333333
eval-s20261012-endpoint_omission-24-19024,20261012,endpoint_omission,24,19024,bfbf2a92714f346ff6cdf3045c8db2811d6501dd5e9906c30c8330ae362bbb76,512,1,1,0,0,0,0,0,0,0,0,0,0,0.0
eval-s20261012-endpoint_omission-24-19025,20261012,endpoint_omission,24,19025,dd21934421bb7910ad0e1515d8e44c5076ebdc0c4c637839295601e76969a96e,157,1,0,0,0,42,0,40,0,38,0,83,0,0.4322916666666667
eval-s20261012-endpoint_omission-24-19026,20261012,endpoint_omission,24,19026,29648f21d1671dba023c867c6c91f82bf709cda2f4211705702746004fd22144,234,1,0,0,0,40,0,27,0,24,0,83,0,0.4322916666666667
eval-s20261012-endpoint_omission-24-19027,20261012,endpoint_omission,24,19027,dd47470a741b710b0d76a2ea58536435d34162fd8a9cb346495b30f9f8348e22,194,1,0,0,0,96,1,57,1,57,1,192,1,1.0
eval-s20261012-endpoint_omission-24-19028,20261012,endpoint_omission,24,19028,58d376bd3f04e483cfe65880a452fed1c8763676a2e0aa2bb22522ae4565d1d7,423,1,0,0,0,40,0,27,0,24,0,83,0,0.4322916666666667
eval-s20261012-endpoint_omission-24-19029,20261012,endpoint_omission,24,19029,df354e1e5e0fb0c3fc6ad4ad592541f0b0e83005625cf5b525b52c27bf4af1ef,160,1,0,0,0,38,0,38,0,37,0,73,0,0.3802083333333333
eval-s20261012-endpoint_omission-24-19030,20261012,endpoint_omission,24,19030,bcabd4d7aa180c084fa61a7eb722e76d3a08a2d2c8882e8344bea21194183803,205,1,0,0,0,96,1,57,1,57,1,192,1,1.0
eval-s20261012-endpoint_omission-24-19031,20261012,endpoint_omission,24,19031,82bbc5bfa5ab8929403cf3223d8d9119b9047f8823fadc9e6fca6983b5b85ea3,179,1,0,0,0,96,1,57,1,57,1,192,1,1.0
eval-s20261012-endpoint_omission-24-19032,20261012,endpoint_omission,24,19032,6773b8a4141be12bf1a13ce08d784b8fb877c204d3041e5e33824439da9e4f82,301,1,0,0,0,49,0,43,0,45,0,101,0,0.5260416666666666
eval-s20261012-endpoint_omission-24-19033,20261012,endpoint_omission,24,19033,1969824fbbd49661de89ede3246740232a4172c71e5184b4fa2d17a0ebe95e14,273,1,0,0,0,95,0,56,0,56,0,191,0,0.9947916666666666
eval-s20261012-endpoint_omission-24-19034,20261012,endpoint_omission,24,19034,6f4e85830de0f46cd1a327fe4456be0f96240c402d19cd0f926975cb30cde8be,141,1,0,0,0,1,0,1,0,1,0,1,0,0.005208333333333333
eval-s20261012-endpoint_omission-24-19035,20261012,endpoint_omission,24,19035,5c5bb11ecf37996d65c7751b5fcaffcad69937879a3bee208fd80e9795c47908,502,1,0,0,0,96,1,57,1,57,1,192,1,1.0
eval-s20261012-endpoint_omission-24-19036,20261012,endpoint_omission,24,19036,7d306c2c5c5be6519d59a886b14663c5956ec538c6f9dd8193311b69b7f36359,197,1,0,0,0,96,1,57,1,57,1,192,1,1.0
eval-s20261012-endpoint_omission-24-19037,20261012,endpoint_omission,24,19037,8178966843ee1a54e4cf872ecb51d2dcdcff12f328b68a5044f1beb5874128d4,473,1,0,0,0,1,0,1,0,1,0,1,0,0.005208333333333333
eval-s20261012-endpoint_omission-24-19038,20261012,endpoint_omission,24,19038,2ce616da068b62f7a00c3b4805fe4a071b6b7869b9287d8ec6a1ad203aa41b8d,110,1,0,0,0,12,0,4,0,8,0,23,0,0.11979166666666667
eval-s20261012-endpoint_omission-24-19039,20261012,endpoint_omission,24,19039,dca105f7baeac1e44c91f8a726c2271fae8c0de3cfae00285006c66dcf98fb85,163,1,0,0,0,96,1,57,1,57,1,192,1,1.0
eval-s20261012-endpoint_omission-24-19040,20261012,endpoint_omission,24,19040,cbae806bc0bac952a039eb860c13b10c01d3b975017a4ec43bb262cd7c4140ce,195,1,0,0,0,96,1,57,1,57,1,192,1,1.0
eval-s20261012-endpoint_omission-24-19041,20261012,endpoint_omission,24,19041,f559bb3929ffad0b59d97fb325a7d16ef3c24eef391e8d1d4092afdfebefc12f,158,1,0,0,0,96,1,57,1,57,1,192,1,1.0
eval-s20261012-endpoint_omission-24-19042,20261012,endpoint_omission,24,19042,7d57a741dd156c9c716d219aa2c2139929fb53a790cd4bf59028a67a691cc7e3,136,1,0,0,0,0,0,0,0,0,0,0,0,0.0
eval-s20261012-endpoint_omission-24-19043,20261012,endpoint_omission,24,19043,0bf141a46ac3605aee8275ef801d20ff3bcdc723af6d80a4bbfa7ffd41f1cd51,167,1,0,0,0,3,0,3,0,3,0,4,0,0.020833333333333332
eval-s20261012-endpoint_omission-24-19044,20261012,endpoint_omission,24,19044,abe9c8b074da740b0f63cb14a21f33574c4c3d35165c8f01061732491f19d70b,487,1,0,0,0,96,1,57,1,57,1,192,1,1.0
eval-s20261012-endpoint_omission-24-19045,20261012,endpoint_omission,24,19045,d36f7153f8ff81374443bcecc7f3633ea946f0cd911aa4fd1741ae65486300c7,512,0,1,0,0,0,0,0,0,0,0,0,0,0.0
eval-s20261012-endpoint_omission-24-19046,20261012,endpoint_omission,24,19046,0df59ed766b17c4acc75f21f255d89b4b933f670d8e6c84d8ffd3ef986e5b456,173,1,0,0,0,39,0,39,0,38,0,74,0,0.3854166666666667
eval-s20261012-endpoint_omission-24-19047,20261012,endpoint_omission,24,19047,29afaf02c3c9d2804f5db1ff111c1d576238aa226700b45c20b9a75ceaa3f769,143,1,0,0,0,96,1,57,1,57,1,192,1,1.0
eval-s20261012-endpoint_omission-24-19048,20261012,endpoint_omission,24,19048,5ac9a9ab79b3bff5b18634c373b4d0948c7338c79d660efe6a68cde79e99770a,175,1,0,0,0,40,0,27,0,24,0,83,0,0.4322916666666667
eval-s20261012-endpoint_omission-24-19049,20261012,endpoint_omission,24,19049,2ca2b878f04ef100da2d62d5288385ecb5c6f9a0dddbbc62e9deda3b4dbcbd35,96,1,0,0,0,96,1,57,1,57,1,192,1,1.0
eval-s20261012-endpoint_omission-24-19050,20261012,endpoint_omission,24,19050,76798db985778a79e53a23b1b930cf9eb993419ed6fe0611ed82cecc44d3c7cc,120,1,0,0,0,5,0,3,0,1,0,7,0,0.036458333333333336
eval-s20261012-endpoint_omission-24-19051,20261012,endpoint_omission,24,19051,36a3b1a35c901e95b71874df79f1d2cdfaab5ec944679589f944e99aa9c13823,124,1,0,0,0,11,0,5,0,7,0,22,0,0.11458333333333333
eval-s20261012-endpoint_omission-24-19052,20261012,endpoint_omission,24,19052,bf3c85bbd4b789dec74b908b452ab19b31c7d5c74e7f4cfaa49e1acde5afe720,488,1,0,0,0,0,0,0,0,0,0,0,0,0.0
eval-s20261012-endpoint_omission-24-19053,20261012,endpoint_omission,24,19053,38912317b2ddc29cd860f9a18b7c5b8b05fa86758be3b302a380a73839e47967,382,1,0,0,0,96,1,57,1,57,1,192,1,1.0
eval-s20261012-endpoint_omission-24-19054,20261012,endpoint_omission,24,19054,31572875d31258daaf5ad42f8e85b8de21822dcdf0cdb0915d09e84a8764fd50,196,1,0,0,0,39,0,26,0,23,0,82,0,0.4270833333333333
eval-s20261012-endpoint_omission-24-19055,20261012,endpoint_omission,24,19055,25ffb1adfb8332317e12615cafe9a89afcd522e5082700101aee10ceb56f385f,268,1,0,0,0,36,0,36,0,35,0,67,0,0.3489583333333333
eval-s20261012-endpoint_omission-24-19056,20261012,endpoint_omission,24,19056,0553da24b2cce92b7846a792de4da8614cc2417dd45c2767cea448d78583bc24,160,1,0,0,0,2,0,2,0,1,0,1,0,0.005208333333333333
eval-s20261012-endpoint_omission-24-19057,20261012,endpoint_omission,24,19057,0a1246842a6c25e7175c694f1a25a96ca822ee2e1fc9697ac4759680e37eeae5,121,1,0,0,0,96,1,57,1,57,1,192,1,1.0
eval-s20261012-endpoint_omission-24-19058,20261012,endpoint_omission,24,19058,c2e060173d8058827f7c9235b8d8d2803c7dc1b11ce98bf78169bb137738e59b,490,1,0,0,0,96,1,57,1,57,1,192,1,1.0
eval-s20261012-endpoint_omission-24-19059,20261012,endpoint_omission,24,19059,e02939518c244fdd36d3da0c21c99db93d46a8fe0eec923f52adfae95fada714,102,1,0,0,0,96,1,57,1,57,1,192,1,1.0
eval-s20261012-endpoint_omission-24-19060,20261012,endpoint_omission,24,19060,eab07e79ecae3ea88005e1626b092bd7a05eddbf0e93fc63de05d812e6de8d87,336,1,0,0,0,96,1,57,1,57,1,192,1,1.0
eval-s20261012-endpoint_omission-24-19061,20261012,endpoint_omission,24,19061,b2dbdbdb6cc046ca002cef8cf93e961e731ae53ddb7dd30d3bff3eba098a43f2,321,1,0,0,0,39,0,39,0,38,0,74,0,0.3854166666666667
eval-s20261012-endpoint_omission-24-19062,20261012,endpoint_omission,24,19062,0b557ac26bdbd565c5d67ed0be2a03743b7b43b34979ac102858456a0d70aafd,473,1,0,0,0,40,0,27,0,24,0,83,0,0.4322916666666667
eval-s20261012-endpoint_omission-24-19063,20261012,endpoint_omission,24,19063,a29235b6d24637fda305e80e0865d3b40ce748d2248e05bf2d5d6450e85ba46c,276,1,0,0,0,36,0,27,0,22,0,79,0,0.4114583333333333
eval-s20261012-endpoint_omission-24-19064,20261012,endpoint_omission,24,19064,4c5f52ea85d6d40c072afaa03c469184c1daa63cfb35e2dd1bd0aff857a23bc3,512,1,1,0,1,72,0,57,1,50,0,145,0,0.7552083333333334
eval-s20261012-endpoint_omission-24-19065,20261012,endpoint_omission,24,19065,f150ff36d519c5bd669a25e2c9a9a499a132d66a72a0e3e455c5a1741b876432,68,1,0,0,0,0,0,0,0,0,0,0,0,0.0
eval-s20261012-endpoint_omission-24-19066,20261012,endpoint_omission,24,19066,8e367a65b7c101dd7763b851bdd7695d9d20483fb2467e13b7357fd452420fe8,172,1,0,0,0,73,0,50,0,50,0,146,0,0.7604166666666666
eval-s20261012-endpoint_omission-24-19067,20261012,endpoint_omission,24,19067,ea480d0c875b4068787bca1aa721b4f3409e8cd32e156b850506daa93605c273,152,1,0,0,0,39,0,39,0,38,0,74,0,0.3854166666666667
eval-s20261012-endpoint_omission-24-19068,20261012,endpoint_omission,24,19068,989c2f5835f39101d1dde53a2446faa37ee238b46de986cb3a7db8cfc18982a3,358,1,0,0,0,96,1,57,1,57,1,192,1,1.0
eval-s20261012-endpoint_omission-24-19069,20261012,endpoint_omission,24,19069,11d98954c70433dae054a05b73a09628232a110b341b35a57388625533817ea7,152,1,0,0,0,39,0,39,0,38,0,74,0,0.3854166666666667
eval-s20261012-endpoint_omission-24-19070,20261012,endpoint_omission,24,19070,f5b65cccc47dfbd90625d9e6ead6512c03bf553eab81a028b9196fe49c856054,146,1,0,0,0,65,0,40,0,40,0,143,0,0.7447916666666666
eval-s20261012-endpoint_omission-24-19071,20261012,endpoint_omission,24,19071,5cd6b82546800e38cb1b57f4e943c55f6f65f0518003b08491ada0eeeab5b94f,170,1,0,0,0,1,0,1,0,1,0,1,0,0.005208333333333333
eval-s20261012-endpoint_omission-24-19072,20261012,endpoint_omission,24,19072,9bd43e4c4b8acfb26ae8f20a74c2f6088a9a51347f6d06adb7db3c2d182f725a,134,1,0,0,0,96,1,57,1,57,1,192,1,1.0
eval-s20261012-endpoint_omission-24-19073,20261012,endpoint_omission,24,19073,853ff34c84c78fd2fbea789a95aa802c3874334d8b9ab2a7d762b5e99bb723d6,128,1,0,0,0,52,0,44,0,45,0,104,0,0.5416666666666666
eval-s20261012-endpoint_omission-24-19074,20261012,endpoint_omission,24,19074,38cad49bb26e9754fc46cd29b8783519df8adf69da4a6ba8de044e41f9141e2e,379,1,0,0,0,49,0,49,0,41,0,95,0,0.4947916666666667
eval-s20261012-endpoint_omission-24-19075,20261012,endpoint_omission,24,19075,946413186fee6d254248650329b4bebe363a66f0003fd5aee9b21222e293c0d8,512,1,1,0,0,1,0,1,0,1,0,1,0,0.005208333333333333
eval-s20261012-endpoint_omission-24-19076,20261012,endpoint_omission,24,19076,6b4ab0e04b632ce95f68c82e223fce623428fafcc827b67d1602b5fec364caa6,103,1,0,0,0,1,0,1,0,1,0,1,0,0.005208333333333333
eval-s20261012-endpoint_omission-24-19077,20261012,endpoint_omission,24,19077,4908c331fcc0ce4e02ba3a0ee336c17e9edfd47c2f5b649c466f21f7c9961174,190,1,0,0,0,96,1,57,1,57,1,192,1,1.0
eval-s20261012-endpoint_omission-24-19078,20261012,endpoint_omission,24,19078,0ce4d9d7efb943fdb28622454a64753bbf660eac83f3c7f3c3575580682ef5db,81,1,0,0,0,39,0,39,0,38,0,74,0,0.3854166666666667
eval-s20261012-endpoint_omission-24-19079,20261012,endpoint_omission,24,19079,e133cf539723e145af9ae5f66310375f97878e2d39708dcae9f022772f927e46,63,1,0,0,0,0,0,0,0,0,0,0,0,0.0
eval-s20261012-endpoint_omission-24-19080,20261012,endpoint_omission,24,19080,6b253a0fbb86b086ca43d2e072af454dbc57a0522bf7d99b50b6c94487573fb9,43,1,0,0,0,2,0,2,0,1,0,1,0,0.005208333333333333
eval-s20261012-endpoint_omission-24-19081,20261012,endpoint_omission,24,19081,80188b5358673c5975c450ef4bfa16c30108578ef720273fa9c425c04bc501d7,94,1,0,0,0,96,1,57,1,57,1,192,1,1.0
eval-s20261012-endpoint_omission-24-19082,20261012,endpoint_omission,24,19082,b4e71d7bdcd6f601db78c0ba358d9440c268d1e4776c6620cb48f884c335a5f4,169,1,0,0,0,96,1,57,1,57,1,192,1,1.0
eval-s20261012-endpoint_omission-24-19083,20261012,endpoint_omission,24,19083,7719116d417d42546fd5114e7ec436d51a4c8027f836ea57c7d09788b845675d,137,1,0,0,0,39,0,39,0,38,0,74,0,0.3854166666666667
eval-s20261012-endpoint_omission-24-19084,20261012,endpoint_omission,24,19084,792f597905115567b86e8b56d9d56a500db810563e7e3168ab13f1794fcd394a,322,1,0,0,0,1,0,1,0,1,0,1,0,0.005208333333333333
eval-s20261012-endpoint_omission-24-19085,20261012,endpoint_omission,24,19085,82a37e99ca5aabf37dd1f5a9d0654d614edb2d9d9cc2f1437617a3975e734a2f,146,1,0,0,0,96,1,57,1,57,1,192,1,1.0
eval-s20261012-endpoint_omission-24-19086,20261012,endpoint_omission,24,19086,03ba2f3d13a99cd5d15724dccf89817d6d17138d5938b52840efab5827330484,512,1,1,0,0,96,1,57,1,57,1,192,1,1.0
eval-s20261012-endpoint_omission-24-19087,20261012,endpoint_omission,24,19087,0c382c62b01782ac15a46be559627ec8b4fb823f955ff42ad7ac344eadc43bcf,97,1,0,0,0,96,1,57,1,57,1,192,1,1.0
eval-s20261012-endpoint_omission-24-19088,20261012,endpoint_omission,24,19088,6a6f21257b2617f1b6ea534059d750acc483d9c763e6f9d133dfcf80db1f925d,384,1,0,0,0,95,0,56,0,56,0,191,0,0.9947916666666666
eval-s20261012-endpoint_omission-24-19089,20261012,endpoint_omission,24,19089,550c147d870154dfda2794c4e481c633ffda7357465303bef9a2c8c4eeb58ce9,212,1,0,0,0,1,0,1,0,1,0,1,0,0.005208333333333333
eval-s20261012-endpoint_omission-24-19090,20261012,endpoint_omission,24,19090,4d36cd71f8bb93ea563b2b052b4df62b4d9c807bec00ad7ac13fe89b83303fae,266,1,0,0,0,7,0,1,0,5,0,14,0,0.07291666666666667
eval-s20261012-endpoint_omission-24-19091,20261012,endpoint_omission,24,19091,9161cecfe17511e3fcc6d3da03b050d13d14010dc6695b035d43c20230dddd09,111,1,0,0,0,0,0,0,0,0,0,0,0,0.0
eval-s20261012-endpoint_omission-24-19092,20261012,endpoint_omission,24,19092,c4abc268f6887ca4a68ef5a7892aef192c919c6c13fdeb04e961554570e47b58,241,1,0,0,0,60,0,43,0,37,0,118,0,0.6145833333333334
eval-s20261012-endpoint_omission-24-19093,20261012,endpoint_omission,24,19093,d6ba9eacaab99f02c66175d5b79995e74b66282c1df7a73298005202d9fa38f4,90,1,0,0,0,27,0,20,0,20,0,53,0,0.2760416666666667
eval-s20261012-endpoint_omission-24-19094,20261012,endpoint_omission,24,19094,f604989d5e2e4743b86655223206f85192a63ef4f539d7819cc6e2639bd677b5,483,1,0,0,0,0,0,0,0,0,0,0,0,0.0
eval-s20261012-endpoint_omission-24-19095,20261012,endpoint_omission,24,19095,3da9f801c24f2c3e8e97040cf3138ed47da09c3eb5429e7379d28f463aadf214,138,1,0,0,0,0,0,0,0,0,0,0,0,0.0
eval-s20261012-endpoint_omission-24-19096,20261012,endpoint_omission,24,19096,c124f1ca526a20a1873dfa821cacb0ed43c2304a199851c78702cab4b96d93c8,156,1,0,0,0,42,0,26,0,26,0,88,0,0.4583333333333333
eval-s20261012-endpoint_omission-24-19097,20261012,endpoint_omission,24,19097,503a208afecd3c9e09e464b0972de1d2294c276cde7b5603386332018482a2bc,74,1,0,0,0,1,0,1,0,1,0,1,0,0.005208333333333333
eval-s20261012-endpoint_omission-24-19098,20261012,endpoint_omission,24,19098,887f2f560250ed7cb70539c1504cc97769efbe28501b9b4e80ac2a6b1ce110b1,179,1,0,0,0,96,1,57,1,57,1,192,1,1.0
eval-s20261012-endpoint_omission-24-19099,20261012,endpoint_omission,24,19099,41eb67dfeba9581ee987d045bde185b96125452cf33c9d933862913013a31f8a,382,1,0,0,0,89,0,53,0,55,0,172,0,0.8958333333333334
eval-s20261012-endpoint_omission-24-19100,20261012,endpoint_omission,24,19100,d5aa72313eefbc71f782f567344cdd34426878c57107ec65ff5e1aa235130f18,97,1,0,0,0,2,0,2,0,1,0,1,0,0.005208333333333333
eval-s20261012-endpoint_omission-24-19101,20261012,endpoint_omission,24,19101,5785b46f91749096342ac76715f040046d1880783bc9b2156081b18e073f38fc,117,1,0,0,0,1,0,1,0,1,0,1,0,0.005208333333333333
eval-s20261012-endpoint_omission-24-19102,20261012,endpoint_omission,24,19102,c5d0c415a4011b2e498761ac1f294108d2d5f528dca449c3c2ae5154931d15a7,127,1,0,0,0,28,0,18,0,12,0,58,0,0.3020833333333333
eval-s20261012-endpoint_omission-24-19103,20261012,endpoint_omission,24,19103,7b060ae8f21281314d404d1646340cab78138153e967f1e6a742cd8b9c90f045,206,1,0,0,0,96,1,57,1,57,1,192,1,1.0
eval-s20261012-endpoint_omission-24-19104,20261012,endpoint_omission,24,19104,e3e1e4a14ff6a22fc7e3a39a9ce346f176f72f295606994a558472fabc5a2aa5,158,1,0,0,0,1,0,1,0,1,0,1,0,0.005208333333333333
eval-s20261012-endpoint_omission-24-19105,20261012,endpoint_omission,24,19105,a0d1b1ab04f38bb98e2ac45ee4ef4d07e06e27c083eb38c05548c45221a879b0,301,1,0,0,0,0,0,0,0,0,0,0,0,0.0
eval-s20261012-endpoint_omission-24-19106,20261012,endpoint_omission,24,19106,db8c3b8043e42835d4d32fb0f20cad30c2f084e629b4d5b85597aae5049e7b4c,357,1,0,0,0,96,1,57,1,57,1,192,1,1.0
eval-s20261012-endpoint_omission-24-19107,20261012,endpoint_omission,24,19107,6d41d3f784550bdf103eaa061af7eb62fcbfd615c7e553cfff5dfe45a7851818,303,1,0,0,0,19,0,19,0,18,0,37,0,0.19270833333333334
eval-s20261012-endpoint_omission-24-19108,20261012,endpoint_omission,24,19108,2b718c961deaf5f6524646f03caee341e47bd37cea9e6e1301f299fc725fdc6f,147,1,0,0,0,95,0,56,0,56,0,191,0,0.9947916666666666
eval-s20261012-endpoint_omission-24-19109,20261012,endpoint_omission,24,19109,73a676fe0609c2c714e7b19fb61f70100b2c6c5ff80ca501625d84f537eae8be,151,1,0,0,0,96,1,57,1,57,1,192,1,1.0
eval-s20261012-endpoint_omission-24-19110,20261012,endpoint_omission,24,19110,d1d20df2050fc590da78ece9f72321359a870ac144d508e43d5ef0f0c2d6f863,174,1,0,0,0,96,1,57,1,57,1,192,1,1.0
eval-s20261012-endpoint_omission-24-19111,20261012,endpoint_omission,24,19111,97d45cc6494925bc21b601541e3b44a785625377dbca3b7c9a0e64a6ac7e6acb,463,1,0,0,0,96,1,57,1,57,1,192,1,1.0
eval-s20261012-endpoint_omission-24-19112,20261012,endpoint_omission,24,19112,b52c08cc5627a64358cbf0515313aa693f85af0b9cfc42e9aaed24ced3fd4d2b,158,1,0,0,0,0,0,0,0,0,0,0,0,0.0
eval-s20261012-endpoint_omission-24-19113,20261012,endpoint_omission,24,19113,18b37115e8ef35faf9610e22935ecb06445f5dd1ebf80fa419a1cdb99501cc9c,130,1,0,0,0,39,0,39,0,38,0,74,0,0.3854166666666667
eval-s20261012-endpoint_omission-24-19114,20261012,endpoint_omission,24,19114,67c2a0aa65bb9ffb81962176a97d3c893a6287f59f9254f936e5f5e314c1616b,285,1,0,0,0,39,0,26,0,23,0,82,0,0.4270833333333333
eval-s20261012-endpoint_omission-24-19115,20261012,endpoint_omission,24,19115,ec27d1b53498ba4dafac2c74e4a6e45b030dee14576923a46076147b2ee02321,460,1,0,0,0,64,0,39,0,46,0,124,0,0.6458333333333334
eval-s20261012-endpoint_omission-24-19116,20261012,endpoint_omission,24,19116,c68416384c398be8f9b9dd2bad49f8d2f2e2135e96da0922264f6b8ac8beef5f,201,1,0,0,0,95,0,56,0,56,0,188,0,0.9791666666666666
eval-s20261012-endpoint_omission-24-19117,20261012,endpoint_omission,24,19117,42581a1929fe20de8c8c055a69373b0c3347ad54bf35f9f966fbe22ae08de633,187,1,0,0,0,28,0,18,0,12,0,58,0,0.3020833333333333
eval-s20261012-endpoint_omission-24-19118,20261012,endpoint_omission,24,19118,c6eb7d3b141f1cf80b823df6caf5ebcfc1a84b1f14dd91ed48874d0de6822b7f,168,1,0,0,0,39,0,39,0,38,0,74,0,0.3854166666666667
eval-s20261012-endpoint_omission-24-19119,20261012,endpoint_omission,24,19119,9c9fd7842da6e2bd2778081a64e36e770604c1666c73286f00eaee618019da51,154,1,0,0,0,96,1,57,1,57,1,192,1,1.0
eval-s20261012-endpoint_omission-24-19120,20261012,endpoint_omission,24,19120,5ff4d653153f80f3fd27737cd95bf307a1208d4134c3826e06216015590760b4,427,1,0,0,0,1,0,1,0,1,0,1,0,0.005208333333333333
eval-s20261012-endpoint_omission-24-19121,20261012,endpoint_omission,24,19121,a458039778358d8e456fd234b0b8c2fdbc09ff02a2a66fce2ec774d470d5addc,343,1,0,0,0,47,0,41,0,43,0,81,0,0.421875
eval-s20261012-endpoint_omission-24-19122,20261012,endpoint_omission,24,19122,6c77f27f72efa5c149cf9ea93906f31310aa1d0e7b6f76ba362f299c0a9076a3,102,1,0,0,0,96,1,57,1,57,1,192,1,1.0
eval-s20261012-endpoint_omission-24-19123,20261012,endpoint_omission,24,19123,9ed9540b05a3482901d20577cd7285b0002cd73cd4c41f419778b69885d7e00f,121,1,0,0,0,96,1,57,1,57,1,192,1,1.0
eval-s20261012-endpoint_omission-24-19124,20261012,endpoint_omission,24,19124,b953744187c644a5011154d4e3509e9b829d2c020cf77855e5c22be38377a7e4,255,1,0,0,0,0,0,0,0,0,0,0,0,0.0
eval-s20261012-endpoint_omission-24-19125,20261012,endpoint_omission,24,19125,fea48be56ba9c9df776b59459b2e5607f99f3f7e56239852f45b894fbd44a4e1,81,1,0,0,0,96,1,57,1,57,1,192,1,1.0
eval-s20261012-endpoint_omission-24-19126,20261012,endpoint_omission,24,19126,0e53bb98374ec5f895f48bbaee1210781400f398dc5645dafe57b78553f13cf4,288,1,0,0,0,44,0,28,0,28,0,93,0,0.484375
eval-s20261012-endpoint_omission-24-19127,20261012,endpoint_omission,24,19127,32ba07f26b600032f762a4bef47eab4d3efb180c713ffb57714279220b5b448f,98,1,0,0,0,96,1,57,1,57,1,192,1,1.0
eval-s20261012-reference-12-19000,20261012,reference,12,19000,f786d59a58298362e42a9a8b1be76a912af3a03a1eaed7524ee1401e5cab29fb,194,1,0,0,0,96,1,57,1,57,1,192,1,1.0
eval-s20261012-reference-12-19001,20261012,reference,12,19001,8d901e6c67ce1cd4cee353c231906f476017a1708f03e55837803f1d881d97ac,186,1,0,0,0,1,0,1,0,1,0,1,0,0.005208333333333333
eval-s20261012-reference-12-19002,20261012,reference,12,19002,f88ef220981dd117840d1873b298847c14234833fd7449c0346f9a10986fd141,512,1,1,0,0,0,0,0,0,0,0,0,0,0.0
eval-s20261012-reference-12-19003,20261012,reference,12,19003,fb23702f034a169c7f94dbea63c2b2aa2499c71327c62be302fb921dd27d93e4,512,1,1,0,0,0,0,0,0,0,0,0,0,0.0
eval-s20261012-reference-12-19004,20261012,reference,12,19004,e17e5149641cfdb50ce22f0645fcff3a039195a308d6537e8bc0493d265759d7,186,1,0,0,0,96,1,57,1,57,1,192,1,1.0
eval-s20261012-reference-12-19005,20261012,reference,12,19005,fa31ab129f5d6244a68d9faaacb4f86133d1e54b8341e000aa89e672a626c902,92,1,0,0,0,0,0,0,0,0,0,0,0,0.0
eval-s20261012-reference-12-19006,20261012,reference,12,19006,3374e90c980a11a213938101f0b5a26d10d730ad8576ee6fd4a93decf5c6936b,223,1,0,0,0,0,0,0,0,0,0,0,0,0.0
eval-s20261012-reference-12-19007,20261012,reference,12,19007,aec3536ad377e4cfad55f8ff9981974ce31be5009c0d3e8ccb578ecbf30a54ab,303,1,0,0,0,2,0,2,0,2,0,2,0,0.010416666666666666
eval-s20261012-reference-12-19008,20261012,reference,12,19008,373bb30c739ec8fc93dd0a69ca86e312b5ff618f05e6de8bd945fdf2b1bbe60e,249,1,0,0,0,15,0,2,0,5,0,28,0,0.14583333333333334
eval-s20261012-reference-12-19009,20261012,reference,12,19009,51d86c5d078db1adb85f4b8149fd5a04f5e2db4e57c1ddbf6fc1102e8bad31e0,140,1,0,0,0,0,0,0,0,0,0,0,0,0.0
eval-s20261012-reference-12-19010,20261012,reference,12,19010,30305a8011b35e35baff1f3cff29a54ce647584e0fe46f4b7796a4949ad3f38f,375,1,0,1,1,64,0,57,1,49,0,127,0,0.6614583333333334
eval-s20261012-reference-12-19011,20261012,reference,12,19011,32ca09e134e4dade2d974b323598243ef2abd4eb683a8aa87d15fcf57611c0e5,476,0,0,0,0,0,0,0,0,0,0,0,0,0.0
eval-s20261012-reference-12-19012,20261012,reference,12,19012,aea71b6db6609b5d27e12dede73202f926650d25fc23a42e2a34a336da8ac84f,181,1,0,0,0,5,0,3,0,1,0,7,0,0.036458333333333336
eval-s20261012-reference-12-19013,20261012,reference,12,19013,d22e202b703d575391463a68e5b968f8af27c60e8621796ffbd42d34a885cd78,229,1,0,0,0,72,0,54,0,54,0,141,0,0.734375
eval-s20261012-reference-12-19014,20261012,reference,12,19014,551c87721e6c3ad973fa8c6cfa8911c2a3a29843e4a8c61a57e3c394971b45ff,300,1,0,0,0,2,0,2,0,1,0,1,0,0.005208333333333333
eval-s20261012-reference-12-19015,20261012,reference,12,19015,ad9f529ee8b9a7e9cb9dc6d560a81fa96e91926bc3d9d90b8f7681992c66cb08,446,1,0,0,0,96,1,57,1,57,1,192,1,1.0
eval-s20261012-reference-12-19016,20261012,reference,12,19016,bab60efeb94e5ce5126522c6fd41cd96d04eeda8664678b0ecedb168854293db,96,1,0,0,0,39,0,39,0,38,0,74,0,0.3854166666666667
eval-s20261012-reference-12-19017,20261012,reference,12,19017,531bc0be1d51547bf9b4ddecae7113378dd924c7dbca2e0258cee7678039bf5b,76,1,0,0,0,2,0,2,0,1,0,1,0,0.005208333333333333
eval-s20261012-reference-12-19018,20261012,reference,12,19018,7af621c3ad042638a620cc6ec91c166c623adc96cd5a36f7d089d757df7077b0,181,1,0,0,0,0,0,0,0,0,0,0,0,0.0
eval-s20261012-reference-12-19019,20261012,reference,12,19019,c64c943a5e01a27072ef22dfe5d8b4c4fa8be8e75d8c14e7d935527e6d8dba72,241,1,0,0,0,95,0,56,0,56,0,191,0,0.9947916666666666
eval-s20261012-reference-12-19020,20261012,reference,12,19020,a53209cc0d56a664c1e0e6a6ef17cc9757f6a7921916e301923145a9b77753bc,259,1,0,0,0,39,0,39,0,38,0,74,0,0.3854166666666667
eval-s20261012-reference-12-19021,20261012,reference,12,19021,a00f40f8d8b92cd0f757002ebab96490c5845c3105b5081bea3c94f4dbba10c8,347,1,0,0,0,22,0,17,0,18,0,46,0,0.23958333333333334
eval-s20261012-reference-12-19022,20261012,reference,12,19022,a3bd134a5d06c4658562cf0b7263439052506d0ba7b8355ee0431df77d9a5fc6,95,1,0,0,0,0,0,0,0,0,0,0,0,0.0
eval-s20261012-reference-12-19023,20261012,reference,12,19023,a899922172c6339473068d7da07ae173d511e74ca721cb94a2851acf5b8f709c,252,1,0,0,0,96,1,57,1,57,1,192,1,1.0
eval-s20261012-reference-12-19024,20261012,reference,12,19024,534e69a5052ef84b940d0b51f4cc801dc4dc4bd910be94e5dd543510cda794d9,468,1,0,0,0,45,0,40,0,42,0,82,0,0.4270833333333333
eval-s20261012-reference-12-19025,20261012,reference,12,19025,c8d64ca523e81cc404adebd70a45867e4357432f548c668d63fa9b4e71b9c667,170,1,0,0,0,39,0,39,0,38,0,74,0,0.3854166666666667
eval-s20261012-reference-12-19026,20261012,reference,12,19026,1f4ebe2ac842587da135d64d337482e121b59fbade66a16b77c7e5f5b91516f4,478,1,0,0,0,0,0,0,0,0,0,0,0,0.0
eval-s20261012-reference-12-19027,20261012,reference,12,19027,39063407e406a0b8a18e1a0a8e33b7948122e9159adfa610cdea78d3d62293f9,400,1,0,0,0,96,1,57,1,57,1,192,1,1.0
eval-s20261012-reference-12-19028,20261012,reference,12,19028,0b9f900314a0e288e41d6daec854f2e81c8a74da990dbd99fd7e2d13f2ed7c7c,512,1,1,0,0,1,0,1,0,1,0,1,0,0.005208333333333333
eval-s20261012-reference-12-19029,20261012,reference,12,19029,b1167730149f380291c49fd5c30b86101e71fd0db6516c333bb596936b2008ba,235,1,0,0,0,1,0,1,0,1,0,1,0,0.005208333333333333
eval-s20261012-reference-12-19030,20261012,reference,12,19030,6af7f94c07882fe4607e35f957b54443db0047942aa1b392ab487ce608c2134f,183,1,0,0,0,1,0,1,0,1,0,1,0,0.005208333333333333
eval-s20261012-reference-12-19031,20261012,reference,12,19031,c5a871a56df16b84e6f733a69ab33e6bef2a2e440eaf18853dd08effcfa3c308,403,1,0,0,0,39,0,39,0,38,0,74,0,0.3854166666666667
eval-s20261012-reference-24-19000,20261012,reference,24,19000,5c5bcdec89986b7d7fa112d782fa57188223b7bc6f68778c8475678259be87ab,176,1,0,0,0,1,0,1,0,1,0,1,0,0.005208333333333333
eval-s20261012-reference-24-19001,20261012,reference,24,19001,6dec3239a720e473318e4e987c402ab3213869619010746da192bdbf1141b9a2,272,1,0,0,0,96,1,57,1,57,1,192,1,1.0
eval-s20261012-reference-24-19002,20261012,reference,24,19002,6d210471dda12a0ed965a5b1bcce2eff579122047a8455ef7ff983460ab81844,112,1,0,0,0,39,0,39,0,38,0,74,0,0.3854166666666667
eval-s20261012-reference-24-19003,20261012,reference,24,19003,a1d48ace0d0bcc0cacdf48935f3ee02b2ebf446af18912d96f3040a938ce027b,225,1,0,0,0,39,0,39,0,38,0,74,0,0.3854166666666667
eval-s20261012-reference-24-19004,20261012,reference,24,19004,eb28b8263275d8d53ba609d15a512e5fa7c6267377324efa91754722813b64d4,167,1,0,0,0,96,1,57,1,57,1,192,1,1.0
eval-s20261012-reference-24-19005,20261012,reference,24,19005,eac24475c7dcf856c9e36f4090d6656a20239da3f87bb6d999f3a9922dda5b77,141,1,0,0,0,12,0,4,0,8,0,25,0,0.13020833333333334
eval-s20261012-reference-24-19006,20261012,reference,24,19006,b10259d2c5251737fe0ee808c85f0432c32504649f4736ff10060c56de8bcac3,177,1,0,0,0,0,0,0,0,0,0,0,0,0.0
eval-s20261012-reference-24-19007,20261012,reference,24,19007,126fd91e3c7b454b01d3544b19fced1dcde92abfe0990ea83c7b91370d5a9572,251,1,0,0,0,1,0,1,0,1,0,1,0,0.005208333333333333
eval-s20261012-reference-24-19008,20261012,reference,24,19008,132bfaf71670d42c2e8953ab3da8e74e98e3cbbc2ebc4b67b9f3a048115c9938,175,1,0,0,0,9,0,9,0,8,0,18,0,0.09375
eval-s20261012-reference-24-19009,20261012,reference,24,19009,51d86c5d078db1adb85f4b8149fd5a04f5e2db4e57c1ddbf6fc1102e8bad31e0,140,1,0,0,0,0,0,0,0,0,0,0,0,0.0
eval-s20261012-reference-24-19010,20261012,reference,24,19010,30305a8011b35e35baff1f3cff29a54ce647584e0fe46f4b7796a4949ad3f38f,325,1,0,1,1,64,0,57,1,49,0,127,0,0.6614583333333334
eval-s20261012-reference-24-19011,20261012,reference,24,19011,43e5442d7665e0c0823178d57627b2c4cf31cd566692e1307602e2a220a22317,415,1,0,0,0,96,1,57,1,57,1,192,1,1.0
eval-s20261012-reference-24-19012,20261012,reference,24,19012,8e0d5fbb9d479e1c5cd5ec7d54dbd88be31b4731c99d4bbf3eafbeac3471bac6,199,1,0,0,0,14,0,13,0,13,0,24,0,0.125
eval-s20261012-reference-24-19013,20261012,reference,24,19013,d22e202b703d575391463a68e5b968f8af27c60e8621796ffbd42d34a885cd78,229,1,0,0,0,72,0,54,0,54,0,141,0,0.734375
eval-s20261012-reference-24-19014,20261012,reference,24,19014,b621ec6e0dbeab6fd8211f4f89816ee0ba7b65aaf243afe799a98902bd32825d,332,1,0,0,0,14,0,13,0,13,0,24,0,0.125
eval-s20261012-reference-24-19015,20261012,reference,24,19015,962f9ad419521bee558de40ed248904356d8cd11d7bb584e0dfd6bb0cbc7018c,334,1,0,0,0,2,0,1,0,2,0,3,0,0.015625
eval-s20261012-reference-24-19016,20261012,reference,24,19016,8e8d8fd86d9b986d5fd2f35a0759707eb291759f0aaeb97285a1d77f18d22a72,173,1,0,0,0,1,0,1,0,1,0,1,0,0.005208333333333333
eval-s20261012-reference-24-19017,20261012,reference,24,19017,531bc0be1d51547bf9b4ddecae7113378dd924c7dbca2e0258cee7678039bf5b,76,1,0,0,0,2,0,2,0,1,0,1,0,0.005208333333333333
eval-s20261012-reference-24-19018,20261012,reference,24,19018,49cfb4514ea04978c0c8ded40892ec7951e5a2690d7cae531478743fd5f5e0c8,245,1,0,0,0,10,0,10,0,9,0,19,0,0.09895833333333333
eval-s20261012-reference-24-19019,20261012,reference,24,19019,d2ebf0306d152f7f1c7c37966ec95c029cf16818b9cd45b9072ecede709dc543,236,1,0,0,0,27,0,24,0,26,0,52,0,0.2708333333333333
eval-s20261012-reference-24-19020,20261012,reference,24,19020,73655dd54dbd82f6abd78497642d3b5dff794d6036f0489899656444195f30be,180,1,0,0,0,1,0,1,0,1,0,1,0,0.005208333333333333
eval-s20261012-reference-24-19021,20261012,reference,24,19021,86649ab930204896264b9b071d786da2d6cdc978270d70052564e49b9bb301f4,210,1,0,0,0,66,0,51,0,49,0,132,0,0.6875
eval-s20261012-reference-24-19022,20261012,reference,24,19022,a3bd134a5d06c4658562cf0b7263439052506d0ba7b8355ee0431df77d9a5fc6,64,1,0,0,0,0,0,0,0,0,0,0,0,0.0
eval-s20261012-reference-24-19023,20261012,reference,24,19023,5467f3c4bdd06d675f521ed091565495184081a5cc7876aa828b53301480efb6,174,1,0,0,0,96,1,57,1,57,1,192,1,1.0
eval-s20261012-reference-24-19024,20261012,reference,24,19024,f9658f314ef4a1333d40ff1a067fe1f98fbd25bed5f575d8caefe86e7ab6b5d4,512,1,1,0,0,1,0,1,0,1,0,1,0,0.005208333333333333
eval-s20261012-reference-24-19025,20261012,reference,24,19025,5a18035483522271e32234ee36eee70892d3b56cfa47beee2a48e28dd031f3bd,157,1,0,0,0,1,0,1,0,1,0,1,0,0.005208333333333333
eval-s20261012-reference-24-19026,20261012,reference,24,19026,0467ed8ad2cecbc39b951b7a6efdc48fd9555dd5dfe1221f4a0afe49a5358e25,77,1,0,0,0,0,0,0,0,0,0,0,0,0.0
eval-s20261012-reference-24-19027,20261012,reference,24,19027,bda4a718f411d274fb45fc7680c11bf0549795a39420fec35fe331d2a8b93f3b,208,1,0,0,0,22,0,12,0,13,0,44,0,0.22916666666666666
eval-s20261012-reference-24-19028,20261012,reference,24,19028,e77e5c81adb57574c2ff1e380a934141246a8e0da73847455bf78050de63e5f0,359,1,0,0,0,39,0,39,0,38,0,74,0,0.3854166666666667
eval-s20261012-reference-24-19029,20261012,reference,24,19029,cfb4203b4558debebca72a4ea2b254e5aa8f8ef163091241745930bdf9fc2b5e,191,1,0,0,0,39,0,39,0,38,0,74,0,0.3854166666666667
eval-s20261012-reference-24-19030,20261012,reference,24,19030,6d71fb5ae6d56609ef35cb1a24f814149af38bd6706025742b983d9659347394,193,1,0,0,0,2,0,2,0,1,0,1,0,0.005208333333333333
eval-s20261012-reference-24-19031,20261012,reference,24,19031,c5a871a56df16b84e6f733a69ab33e6bef2a2e440eaf18853dd08effcfa3c308,403,1,0,0,0,39,0,39,0,38,0,74,0,0.3854166666666667
eval-s20261012-reference-24-19032,20261012,reference,24,19032,962a8b7b8f90bbf5b119b04929123e43b6325ead1e6ad8d93c6cfd5558d007d6,512,1,1,0,0,38,0,38,0,37,0,73,0,0.3802083333333333
eval-s20261012-reference-24-19033,20261012,reference,24,19033,2bd8937dc13a48d64d8f92fe6b7a8b82495f02790d27bd95dac2d3cf82d7f7cb,263,1,0,0,0,36,0,27,0,22,0,79,0,0.4114583333333333
eval-s20261012-reference-24-19034,20261012,reference,24,19034,eac98f65cfd75c5ecc180c60b4e94d498f32dfa5d0025ac95cd2bcdcab0b663a,172,1,0,0,0,1,0,1,0,1,0,1,0,0.005208333333333333
eval-s20261012-reference-24-19035,20261012,reference,24,19035,7463fb22198523d12d47ae96c67d759078ffc018ebbc62470e097a047079c92e,512,1,1,0,0,1,0,1,0,1,0,1,0,0.005208333333333333
eval-s20261012-reference-24-19036,20261012,reference,24,19036,e766b15866b27e89899284e41ac7416f2107ec140076dab5ed7b36fd99305870,185,1,0,0,0,1,0,1,0,1,0,1,0,0.005208333333333333
eval-s20261012-reference-24-19037,20261012,reference,24,19037,3d6871a755316d9fb5c0d22db6732e1d9776492a22a59aa2eed3f4037321dac9,512,1,1,0,0,1,0,1,0,1,0,1,0,0.005208333333333333
eval-s20261012-reference-24-19038,20261012,reference,24,19038,c29692bb3fdb9f1ade84b062191490af658711eeb5fa725c51bad4623b8f7c30,163,1,0,0,0,96,1,57,1,57,1,192,1,1.0
eval-s20261012-reference-24-19039,20261012,reference,24,19039,78d64e991be5227d6181132b4a371b92bebbd4a61c27f987adbea38070b5be70,181,1,0,0,0,0,0,0,0,0,0,0,0,0.0
eval-s20261012-reference-24-19040,20261012,reference,24,19040,fc32a5b7fadb1cc67bdd905632e51e4fddbe5026da91fed380e01b37840df27f,283,1,0,0,0,1,0,1,0,1,0,1,0,0.005208333333333333
eval-s20261012-reference-24-19041,20261012,reference,24,19041,78da7041ebc0ef0b28dc1b247f56ae50f141aa93f6656a263055de3ea7e9e025,224,1,0,0,0,96,1,57,1,57,1,192,1,1.0
eval-s20261012-reference-24-19042,20261012,reference,24,19042,61c4f8d3e310ba79a4a7dfc909e4ee52506641ef0e7ed6bedea974876e2cb722,93,1,0,0,0,0,0,0,0,0,0,0,0,0.0
eval-s20261012-reference-24-19043,20261012,reference,24,19043,b08a801abd14fbfa2c4cadf77762252f4585847c6433c038143cf54c91abb778,286,1,0,0,0,0,0,0,0,0,0,0,0,0.0
eval-s20261012-reference-24-19044,20261012,reference,24,19044,2b2448ab0ddaa2ef94189fdae692f4f997866f97fa3fde99b947c96fdefc4f15,432,1,0,0,0,96,1,57,1,57,1,192,1,1.0
eval-s20261012-reference-24-19045,20261012,reference,24,19045,4eaa23df09778c2ba4036efb2e176e0b16192ca3a4fd3dc5711688ba7f4b2fe7,512,1,1,0,0,0,0,0,0,0,0,0,0,0.0
eval-s20261012-reference-24-19046,20261012,reference,24,19046,d31071232252b30403bf1bc2fa70f62da63268df08f1ad3a74d43c1a6651e798,148,1,0,0,0,1,0,1,0,1,0,1,0,0.005208333333333333
eval-s20261012-reference-24-19047,20261012,reference,24,19047,8f01f14c8b4751f42512517c7c161441feb0a67db8e663454fd4348ea1c07cea,174,1,0,0,0,96,1,57,1,57,1,192,1,1.0
eval-s20261012-reference-24-19048,20261012,reference,24,19048,5ac9a9ab79b3bff5b18634c373b4d0948c7338c79d660efe6a68cde79e99770a,175,1,0,0,0,40,0,27,0,24,0,83,0,0.4322916666666667
eval-s20261012-reference-24-19049,20261012,reference,24,19049,564324be9766d3fd044ccd0fbfdc537304d3c8f9351702b308494b865d3e39ce,171,1,0,0,0,1,0,1,0,1,0,1,0,0.005208333333333333
eval-s20261012-reference-24-19050,20261012,reference,24,19050,d55411bf4ac59ac7a36d803815a4cc1302d99670e56e252d088485f8aadbdab2,140,1,0,0,0,28,0,18,0,12,0,58,0,0.3020833333333333
eval-s20261012-reference-24-19051,20261012,reference,24,19051,07dfb7e162bf4e26299d438392dada79fca6e4eecfa2717d9a3dbee85964ae6a,137,1,0,0,0,1,0,1,0,1,0,1,0,0.005208333333333333
eval-s20261012-reference-24-19052,20261012,reference,24,19052,623d3cd273fd1ea8cc9510499bbe0542982b53b5660a0c7314563065fa2f6e74,393,1,0,0,0,96,1,57,1,57,1,192,1,1.0
eval-s20261012-reference-24-19053,20261012,reference,24,19053,bdb353388e69056a0d4342bc2386a10101c81aa66ebc98025a2dbbe4f6022a1d,512,1,1,0,0,96,1,57,1,57,1,192,1,1.0
eval-s20261012-reference-24-19054,20261012,reference,24,19054,74e9e68ef249e5922d04eab003ad7bf6c40dc03384a7d6d07160382a02807ac1,285,1,0,0,0,18,0,15,0,14,0,40,0,0.20833333333333334
eval-s20261012-reference-24-19055,20261012,reference,24,19055,ca6bf4b7140f498b1252772aa32402f4ea5e5b616cd2a43485e9282537e19b6f,282,1,0,0,0,0,0,0,0,0,0,0,0,0.0
eval-s20261012-reference-24-19056,20261012,reference,24,19056,5996524d6ea3c2924791397a7915c550003aed6e8b84acc6284a553b789e0ded,117,1,0,0,0,23,0,13,0,14,0,42,0,0.21875
eval-s20261012-reference-24-19057,20261012,reference,24,19057,83f125a85046a0d7ff8d426649ee5bee1639fae345d4cc3f9c3e025b6eb67485,152,1,0,0,0,96,1,57,1,57,1,192,1,1.0
eval-s20261012-reference-24-19058,20261012,reference,24,19058,caf21dbe7ab463834f88cdbde5b38320068e6f239db93775005208811f973c20,438,1,0,0,0,28,0,18,0,12,0,58,0,0.3020833333333333
eval-s20261012-reference-24-19059,20261012,reference,24,19059,3689053354d44c0ebb22e61ded5cee478f25a052d7a35a8215cc19fc08365ac3,102,1,0,0,0,1,0,1,0,1,0,1,0,0.005208333333333333
eval-s20261012-reference-24-19060,20261012,reference,24,19060,bc5a5d600333932b0fb23d54d194d1fcc0227c6ccf01d58e0452dd0db236b533,411,1,0,0,0,96,1,57,1,57,1,192,1,1.0
eval-s20261012-reference-24-19061,20261012,reference,24,19061,80919184f3af130e141198b5b123709cc1246bb1cd663ac122b3ce56bdc582aa,220,1,0,0,0,39,0,39,0,38,0,74,0,0.3854166666666667
eval-s20261012-reference-24-19062,20261012,reference,24,19062,ff1b0d3f2977af298b5cc4240d1975465506e3d1b4dd6fa30bcdd331f0bd1434,450,1,0,0,0,10,0,10,0,9,0,19,0,0.09895833333333333
eval-s20261012-reference-24-19063,20261012,reference,24,19063,885929a613a96bed0a19a827a969690852e45e5f16a5f076a81b6bf3a2b65afa,305,1,0,0,0,36,0,27,0,22,0,79,0,0.4114583333333333
eval-s20261012-reference-24-19064,20261012,reference,24,19064,39d6fcefa778a57e97eafb168341310c8dcb0b959e8098943ffb5eeb9c689354,455,1,0,0,0,96,1,57,1,57,1,192,1,1.0
eval-s20261012-reference-24-19065,20261012,reference,24,19065,ecc562f26c9059e8b060f12f758b5ec5ab1359225dbe7ccd0e8edee00f544b98,269,1,0,0,0,11,0,5,0,7,0,22,0,0.11458333333333333
eval-s20261012-reference-24-19066,20261012,reference,24,19066,b15aa1f3f8186fb857ed600e971aa24cf4b83b285c063d55de5a75a9f577b367,220,1,0,0,0,0,0,0,0,0,0,0,0,0.0
eval-s20261012-reference-24-19067,20261012,reference,24,19067,332e6c7e0339b2e1b2db39763f25d0f9330ed0c29201914d7839b5e5168205b0,177,1,0,0,0,55,0,54,0,46,0,108,0,0.5625
eval-s20261012-reference-24-19068,20261012,reference,24,19068,ac6add8fda41ca1805d9647192a4459342e7e2df02aa582b0a996ce2666a5260,475,1,0,1,1,64,0,57,1,49,0,127,0,0.6614583333333334
eval-s20261012-reference-24-19069,20261012,reference,24,19069,eaebb32a12d26f4be00a54ffa069d75d7573ebad746501dc2d7028aad4b5e8d1,108,1,0,0,0,96,1,57,1,57,1,192,1,1.0
eval-s20261012-reference-24-19070,20261012,reference,24,19070,c147855f3a9f97a901f6d48927640c3b9138b32287ff8fd3c82da4c962d9d28e,373,1,0,0,0,0,0,0,0,0,0,0,0,0.0
eval-s20261012-reference-24-19071,20261012,reference,24,19071,fec2856bff7ec06388c0f28359c27e69d2b31064e3959d13ffb37764ec78e3de,271,1,0,0,0,1,0,1,0,1,0,1,0,0.005208333333333333
eval-s20261012-reference-24-19072,20261012,reference,24,19072,912c8698c0a3ce351dc1967b46a4169d067ba2b6a2b2df78bb4495e2572f2afc,373,1,0,0,0,1,0,1,0,1,0,1,0,0.005208333333333333
eval-s20261012-reference-24-19073,20261012,reference,24,19073,178087f916407591816fdff66c3859255d3637dd784604d06cf2eecb2de70abf,155,1,0,0,0,96,1,57,1,57,1,192,1,1.0
eval-s20261012-reference-24-19074,20261012,reference,24,19074,64d1e32c8c2858cdda34b832f066b6ac4856ffb774bcec1d5354120dd779e429,174,1,0,0,0,1,0,1,0,0,0,0,0,0.0
eval-s20261012-reference-24-19075,20261012,reference,24,19075,c49923049c1b78aa5397fdb89f7e53fcc14a316c2ef9469bc2f976ec63a6ecfc,497,1,0,0,0,13,0,11,0,10,0,24,0,0.125
eval-s20261012-reference-24-19076,20261012,reference,24,19076,428fb56571b0e50c4e9042a4126252efa0945c44a6534dc7c1103a18e7c96eaf,122,1,0,0,0,39,0,39,0,38,0,74,0,0.3854166666666667
eval-s20261012-reference-24-19077,20261012,reference,24,19077,d013d99949b46d27c81cc075f27831bcaeee6005b774d233fcf8ba4e83ddb9c7,110,1,0,1,1,64,0,57,1,49,0,127,0,0.6614583333333334
eval-s20261012-reference-24-19078,20261012,reference,24,19078,64796b1cc920bef450bda4f85162b2fe84543082b89402b90ded063f0dbad2da,176,1,0,0,0,1,0,1,0,1,0,1,0,0.005208333333333333
eval-s20261012-reference-24-19079,20261012,reference,24,19079,0d2dcc84508f655bbc944172722481f33eeacf8e69f00beea7a3153bcec1d18f,141,1,0,0,0,39,0,39,0,38,0,74,0,0.3854166666666667
eval-s20261012-reference-24-19080,20261012,reference,24,19080,36b8596ffec4ef69f6ea0fcf9ecc10c42fa4a64842ecc0f5b973e8ba04a5923f,189,1,0,0,0,96,1,57,1,57,1,192,1,1.0
eval-s20261012-reference-24-19081,20261012,reference,24,19081,5f1646ec752a522674bbf68e112b9ff3b859c05aa696df6f8e68564706e89f7c,94,1,0,0,0,96,1,57,1,57,1,192,1,1.0
eval-s20261012-reference-24-19082,20261012,reference,24,19082,5b1ac0d1429286fa2627f24f278aab4c66cf7062f4e127d5363af51e17d94b9f,212,0,0,0,0,0,0,0,0,0,0,0,0,0.0
eval-s20261012-reference-24-19083,20261012,reference,24,19083,9af298e0762c21cf8c327c3216dcfd2af62671ec4388cb8679b52b66d3f30d09,197,1,0,0,0,1,0,1,0,1,0,1,0,0.005208333333333333
eval-s20261012-reference-24-19084,20261012,reference,24,19084,37a9530751ff0099fd0317e837847e4518fe1761cd47a391ccd0a80e442f1011,352,1,0,0,0,96,1,57,1,57,1,192,1,1.0
eval-s20261012-reference-24-19085,20261012,reference,24,19085,ea0aebc09d3d16ad94348c358d1073264dfd836ea26bb3eafae13508ef549f47,162,1,0,0,0,96,1,57,1,57,1,192,1,1.0
eval-s20261012-reference-24-19086,20261012,reference,24,19086,01e947263efe3c04c84f0011efba343d7141cecf2eb9cc51f458bdeb9bfae19a,416,1,0,0,0,46,0,42,0,43,0,96,0,0.5
eval-s20261012-reference-24-19087,20261012,reference,24,19087,0c382c62b01782ac15a46be559627ec8b4fb823f955ff42ad7ac344eadc43bcf,97,1,0,0,0,96,1,57,1,57,1,192,1,1.0
eval-s20261012-reference-24-19088,20261012,reference,24,19088,6680aaf552f9f08572bd6fb7c0a071f08273606521c77836fa7ad8234e22dfc7,170,1,0,0,0,2,0,2,0,2,0,2,0,0.010416666666666666
eval-s20261012-reference-24-19089,20261012,reference,24,19089,9f67620ef26c64024a99ac4f7a4a76b6b44b88264055d3b6329cf9ccab898360,262,1,0,0,0,1,0,1,0,1,0,1,0,0.005208333333333333
eval-s20261012-reference-24-19090,20261012,reference,24,19090,1578c230f0c164fa2971ec84abbb81d34ed5b0e826d5cf3e74a83b2f709e4d03,231,1,0,0,0,72,0,54,0,54,0,141,0,0.734375
eval-s20261012-reference-24-19091,20261012,reference,24,19091,b6abb2417093e56fff8479511d981e8eb10586850e318edc21a662c574a29de6,310,1,0,0,0,1,0,1,0,1,0,1,0,0.005208333333333333
eval-s20261012-reference-24-19092,20261012,reference,24,19092,d2dea1fd785ba2ce3d7cdd57093d70e5eecc502ff40cabf14d051ef44bf7c22b,176,1,0,0,0,39,0,39,0,38,0,74,0,0.3854166666666667
eval-s20261012-reference-24-19093,20261012,reference,24,19093,792809e39e6354e3acbbce463e9e72f8db1efb4e78e751f264f13a6b36041860,209,1,0,0,0,18,0,12,0,12,0,34,0,0.17708333333333334
eval-s20261012-reference-24-19094,20261012,reference,24,19094,eed63e319b8d6b4ceb75fe08b6a82c9ee4af350fa2dd64257637b4f28fa18df1,110,1,0,0,0,10,0,5,0,7,0,19,0,0.09895833333333333
eval-s20261012-reference-24-19095,20261012,reference,24,19095,c53de54e7c0450d8733341dc5729b055f17859eee5b45b591e0e76115e6b2034,151,1,0,0,0,18,0,13,0,15,0,32,0,0.16666666666666666
eval-s20261012-reference-24-19096,20261012,reference,24,19096,5082dc4f1722081547c864621fefa6c9d736820c114510b9d0281727d98098b5,100,1,0,0,0,96,1,57,1,57,1,192,1,1.0
eval-s20261012-reference-24-19097,20261012,reference,24,19097,1b149d437d862abee33ec5e5269d351383ce7749c13a8823ef227cce1e4918f3,235,1,0,0,0,36,0,27,0,22,0,79,0,0.4114583333333333
eval-s20261012-reference-24-19098,20261012,reference,24,19098,b3732d1272367dd2efedf2333dc45b81c0a190c6900ab697642f68e1c406b794,247,1,0,0,0,36,0,27,0,22,0,79,0,0.4114583333333333
eval-s20261012-reference-24-19099,20261012,reference,24,19099,89127f364c9dc0039e18229a1f7195f37821f5bf4de955dfa29a649c57d4d96c,326,1,0,0,0,7,0,6,0,7,0,16,0,0.08333333333333333
eval-s20261012-reference-24-19100,20261012,reference,24,19100,f8c722cb5578c0c03eb192608bcbb044f524262f90ee5b8bde4336980b597fbe,205,1,0,0,0,2,0,2,0,1,0,1,0,0.005208333333333333
eval-s20261012-reference-24-19101,20261012,reference,24,19101,41329640290a5607ab0de47e31f25827bc34c6e2de3783fcf6066928c626a968,157,1,0,0,0,39,0,39,0,38,0,74,0,0.3854166666666667
eval-s20261012-reference-24-19102,20261012,reference,24,19102,6a1ced0b96d434401668cd9dbaaac0df9b9d59bf15209cba3d889a1d18376ea3,160,1,0,0,0,60,0,43,0,37,0,118,0,0.6145833333333334
eval-s20261012-reference-24-19103,20261012,reference,24,19103,4174fd24cc4a6818f2e9eb4405d5ef9ba628956f88c37ac946ec06f98095d08b,177,1,0,0,0,96,1,57,1,57,1,192,1,1.0
eval-s20261012-reference-24-19104,20261012,reference,24,19104,e495ef87f51f526bfb6055c04091f263c5e91f976c6ec67cfac0c7f12dd9fb31,187,1,0,0,0,1,0,1,0,1,0,1,0,0.005208333333333333
eval-s20261012-reference-24-19105,20261012,reference,24,19105,4f90a63d6ea8cc7b741ed867452abd32e01ab14c5ae58f169c660d10dc8e50a0,113,1,0,0,0,96,1,57,1,57,1,192,1,1.0
eval-s20261012-reference-24-19106,20261012,reference,24,19106,1ab15ca3522435344c83c0e65ee876e0fa8f3dad52981a54342c464a0fb2c4ae,414,1,0,0,0,96,1,57,1,57,1,192,1,1.0
eval-s20261012-reference-24-19107,20261012,reference,24,19107,76e2f17b42b529164ec679e349cb1616f1bb3e7fab56730d765b2a2f76366c41,215,1,0,0,0,96,1,57,1,57,1,192,1,1.0
eval-s20261012-reference-24-19108,20261012,reference,24,19108,9ecf2d28f68e9c65d563bcf053979b66651ad9906072b89fefe78e601716e509,185,1,0,0,0,10,0,10,0,9,0,19,0,0.09895833333333333
eval-s20261012-reference-24-19109,20261012,reference,24,19109,09ca042a3c44abe8b2cd0426aa30c3569c29d98d789e24bd43025eb00c77bbde,208,1,0,0,0,96,1,57,1,57,1,192,1,1.0
eval-s20261012-reference-24-19110,20261012,reference,24,19110,dc821f918fa3ce2184d08bef61596ef793bae9e218d33a8db9e72f66e95b437a,105,1,0,0,0,96,1,57,1,57,1,192,1,1.0
eval-s20261012-reference-24-19111,20261012,reference,24,19111,9985e9407cc4ff8044ee0e457665f4ec306f3a687d959214548077b37eb23e5a,422,1,0,0,0,96,1,57,1,57,1,192,1,1.0
eval-s20261012-reference-24-19112,20261012,reference,24,19112,f273cfc487c7f6552161191b81ce9e619f8103251f703e809f9ed045111a0ffb,160,1,0,0,0,1,0,1,0,1,0,1,0,0.005208333333333333
eval-s20261012-reference-24-19113,20261012,reference,24,19113,e6546916c11b2be20d18d07761c9fa6e79aa994725ca182e967f51cbede6e551,408,1,0,0,0,2,0,2,0,2,0,8,0,0.041666666666666664
eval-s20261012-reference-24-19114,20261012,reference,24,19114,c8e0c96d8b1fd8f04d9b14da0d26e99f3a9b4e097f5a8f1cf06341a649a1ca96,279,1,0,0,0,96,1,57,1,57,1,192,1,1.0
eval-s20261012-reference-24-19115,20261012,reference,24,19115,f3b1aefa8d4e07c1c96a91dcf7204a6af4d6d2c5ff83cfaf6a8209a7468050d3,512,1,1,0,0,0,0,0,0,0,0,0,0,0.0
eval-s20261012-reference-24-19116,20261012,reference,24,19116,5b1ac0d1429286fa2627f24f278aab4c66cf7062f4e127d5363af51e17d94b9f,512,0,1,0,0,0,0,0,0,0,0,0,0,0.0
eval-s20261012-reference-24-19117,20261012,reference,24,19117,bbc97f1ed0f45bf0bfe52d8a7c3a0015cc3edbbb1be1f433924ef09aff40ebaf,132,1,0,0,0,1,0,1,0,1,0,1,0,0.005208333333333333
eval-s20261012-reference-24-19118,20261012,reference,24,19118,f977bd19da2d279b57296f469490126363443d43977e359fb85e34bf809cfc4a,157,1,0,0,0,1,0,1,0,1,0,1,0,0.005208333333333333
eval-s20261012-reference-24-19119,20261012,reference,24,19119,46e56e3cc2c678ca7eed66497a18e21c998d746ee463421f04d42fdb575fa72a,209,1,0,0,0,1,0,1,0,0,0,0,0,0.0
eval-s20261012-reference-24-19120,20261012,reference,24,19120,9e26aab9a82ca124cff6d5cbd28385dbf409a8ffa7201dcab430e942d5276dc5,444,1,0,0,0,96,1,57,1,57,1,192,1,1.0
eval-s20261012-reference-24-19121,20261012,reference,24,19121,f7cd02c0a2dac8b2da561498aa6a853ed6e09b7c4eb295992e0d90b1b0d50fbf,484,1,0,0,0,73,0,50,0,50,0,146,0,0.7604166666666666
eval-s20261012-reference-24-19122,20261012,reference,24,19122,4292ecb0911e64ebb0611dff27abee53d42c8b2e5573c72a83a1eb0dee8f859a,98,1,0,0,0,96,1,57,1,57,1,192,1,1.0
eval-s20261012-reference-24-19123,20261012,reference,24,19123,b12e5b5b1ff0cccd0a6d232207319d069ba151e878611d84e5d50b4ea944bd24,101,1,0,0,0,36,0,27,0,22,0,79,0,0.4114583333333333
eval-s20261012-reference-24-19124,20261012,reference,24,19124,014af0fd920dfa7d67c35d58c62353ab02c3f5842ee2a47d9488470ebef7c832,121,1,0,0,0,1,0,1,0,1,0,1,0,0.005208333333333333
eval-s20261012-reference-24-19125,20261012,reference,24,19125,3365bb0a65d997ea5d00bdb523c2c5f146a38d70e6dd9761a446aefa030de491,200,1,0,0,0,1,0,1,0,1,0,1,0,0.005208333333333333
eval-s20261012-reference-24-19126,20261012,reference,24,19126,d67b6a48417443e5124132379eed2333865db06e56a1299aef18597a6a69a24c,106,1,0,0,0,37,0,27,0,25,0,80,0,0.4166666666666667
eval-s20261012-reference-24-19127,20261012,reference,24,19127,32ba07f26b600032f762a4bef47eab4d3efb180c713ffb57714279220b5b448f,244,1,0,0,0,96,1,57,1,57,1,192,1,1.0
eval-s20261012-repaired-12-19000,20261012,repaired,12,19000,f786d59a58298362e42a9a8b1be76a912af3a03a1eaed7524ee1401e5cab29fb,135,1,0,0,0,96,1,57,1,57,1,192,1,1.0
eval-s20261012-repaired-12-19001,20261012,repaired,12,19001,13e42f02ba629ed876b6582f528e0126534cd06cdecfde4c142da60691fafcaf,197,1,0,0,0,23,0,13,0,14,0,42,0,0.21875
eval-s20261012-repaired-12-19002,20261012,repaired,12,19002,f0d136943647e39703bcf951ecdd1a9b9cf96cbdfd64674adcc68aa96309a44f,482,1,0,0,0,0,0,0,0,0,0,0,0,0.0
eval-s20261012-repaired-12-19003,20261012,repaired,12,19003,f93a865819cc4b9413bda70fbfe9346c91bbc8b0a7ef9cfdd5e65809452d6e23,325,1,0,0,0,96,1,57,1,57,1,192,1,1.0
eval-s20261012-repaired-12-19004,20261012,repaired,12,19004,0a4ec8788389a5b2ad31207e2a40ba6f9cbb1866215b22f1a91c9bca8998ad63,175,1,0,0,0,96,1,57,1,57,1,192,1,1.0
eval-s20261012-repaired-12-19005,20261012,repaired,12,19005,655e12e9250b9972da926169eaf3cd7f1e4084294a3f71443f91b440eeec112a,120,1,0,0,0,96,1,57,1,57,1,192,1,1.0
eval-s20261012-repaired-12-19006,20261012,repaired,12,19006,88c0ffe30cbf1108bd0e300a4e4b826c51af156bc74527482e5d7b5fd6d570ac,154,1,0,0,0,1,0,1,0,1,0,1,0,0.005208333333333333
eval-s20261012-repaired-12-19007,20261012,repaired,12,19007,1f2183e48798aae1bbf192e506c3e923836c0cdaf0c1d9e77d080eedee44cff3,189,1,0,0,0,53,0,50,0,42,0,105,0,0.546875
eval-s20261012-repaired-12-19008,20261012,repaired,12,19008,345ffe6e90913d436107af2b5947887fde56a438a212820494bb4c53bc7cb13a,243,1,0,0,0,39,0,39,0,38,0,74,0,0.3854166666666667
eval-s20261012-repaired-12-19009,20261012,repaired,12,19009,3f21751674094063442d58b528a726db4008c9f02375425d1d39cefe3344971f,133,1,0,0,0,70,0,53,0,53,0,139,0,0.7239583333333334
eval-s20261012-repaired-12-19010,20261012,repaired,12,19010,30305a8011b35e35baff1f3cff29a54ce647584e0fe46f4b7796a4949ad3f38f,407,1,0,1,1,64,0,57,1,49,0,127,0,0.6614583333333334
eval-s20261012-repaired-12-19011,20261012,repaired,12,19011,7ed6a549f59ef951aa3d3f434138861ab9bbe3457cf3ddf2cc880718977ab4b4,472,1,0,0,0,39,0,39,0,38,0,74,0,0.3854166666666667
eval-s20261012-repaired-12-19012,20261012,repaired,12,19012,fd0ae30d5ee1f6c47ddbe886c73d0d41e6affafe3b1d51ad476705a633d043ce,312,1,0,0,0,1,0,1,0,1,0,1,0,0.005208333333333333
eval-s20261012-repaired-12-19013,20261012,repaired,12,19013,953ec8d3c6f443c0755ccfdef248d89dbdd62934b79c5371cf028750db791731,220,1,0,0,0,42,0,42,0,40,0,89,0,0.4635416666666667
eval-s20261012-repaired-12-19014,20261012,repaired,12,19014,f15cdd2dde5d46c290b5de4cef268ac2923520783f1983b5990ae123c59ea8c9,98,1,0,0,0,39,0,39,0,38,0,74,0,0.3854166666666667
eval-s20261012-repaired-12-19015,20261012,repaired,12,19015,23aa8593f571fca697ac3a5121dc0a6d619f8f11b8f85c6e83ee542c6ab2ec36,395,1,0,0,0,96,1,57,1,57,1,192,1,1.0
eval-s20261012-repaired-12-19016,20261012,repaired,12,19016,9fcf3002e89b6a58ce1564dcb373e38f060eb6533aa8a48e029040b9a15db130,179,1,0,0,0,2,0,2,0,1,0,1,0,0.005208333333333333
eval-s20261012-repaired-12-19017,20261012,repaired,12,19017,135425a497cb6212dcd76b5a0b698aa1456ee5e1ea420ef5d7873be246ec7239,75,1,0,0,0,2,0,2,0,1,0,1,0,0.005208333333333333
eval-s20261012-repaired-12-19018,20261012,repaired,12,19018,5141d0286233bd0b13bebe3c2b21ddd514af7429f8ff907daf6c12b79b002040,138,1,0,0,0,28,0,18,0,12,0,58,0,0.3020833333333333
eval-s20261012-repaired-12-19019,20261012,repaired,12,19019,df2c279b32e3da1bd2113c90e586f3a5f0f14c9f8f053e9fd189ed4666dcefa2,177,1,0,0,0,0,0,0,0,0,0,0,0,0.0
eval-s20261012-repaired-12-19020,20261012,repaired,12,19020,a53209cc0d56a664c1e0e6a6ef17cc9757f6a7921916e301923145a9b77753bc,181,1,0,0,0,39,0,39,0,38,0,74,0,0.3854166666666667
eval-s20261012-repaired-12-19021,20261012,repaired,12,19021,d1ff3321519b8db14312cb4e46ea73cf73505904c724d27f78127fc361c23683,103,1,0,0,0,96,1,57,1,57,1,192,1,1.0
eval-s20261012-repaired-12-19022,20261012,repaired,12,19022,fb5446901e03a942213343915d53b21d6894a3e47ac913190cfd731d32fa8562,174,1,0,0,0,1,0,1,0,1,0,1,0,0.005208333333333333
eval-s20261012-repaired-12-19023,20261012,repaired,12,19023,4c9470fef9b6a44b6b008dddff61221262a88edcdf5eaf49fb95a6afbd7bf247,158,1,0,0,0,28,0,18,0,12,0,58,0,0.3020833333333333
eval-s20261012-repaired-12-19024,20261012,repaired,12,19024,bef93554bbd3b3a918aeefbd6005c303d974b0a631933a57b5c95ffbf095bf4a,434,1,0,0,0,0,0,0,0,0,0,0,0,0.0
eval-s20261012-repaired-12-19025,20261012,repaired,12,19025,ac004e09ddfa2bd284ecb1148e09fb87dce27eded2c6cef3fa72084d7a9a43c5,78,1,0,0,0,39,0,39,0,38,0,74,0,0.3854166666666667
eval-s20261012-repaired-12-19026,20261012,repaired,12,19026,4e9e6c6e0a5f218065e70e354c61aef3a738adcb9a9085a362c1b07a5ed208b2,178,1,0,0,0,1,0,1,0,1,0,1,0,0.005208333333333333
eval-s20261012-repaired-12-19027,20261012,repaired,12,19027,f656215e946ade366635135c5fe4e62512dd6efbcf6dfd4729ec3badc8259618,301,1,0,0,0,39,0,39,0,38,0,74,0,0.3854166666666667
eval-s20261012-repaired-12-19028,20261012,repaired,12,19028,2ddc4749d0a7b726656ce5995a718dbfe50c64773e5e36ca4596d7a5674f74ce,410,1,0,0,0,40,0,27,0,24,0,83,0,0.4322916666666667
eval-s20261012-repaired-12-19029,20261012,repaired,12,19029,a98276fdbbb2e444166aa09dd3e2c612e5d5c747cf7d393cd004ff44e562c786,143,1,0,0,0,1,0,1,0,1,0,1,0,0.005208333333333333
eval-s20261012-repaired-12-19030,20261012,repaired,12,19030,3ad5222dcbb63aeb1c9006be6c89dcb447fe0eaea1684fe51d79915e9a3f515b,184,1,0,0,0,39,0,39,0,38,0,74,0,0.3854166666666667
eval-s20261012-repaired-12-19031,20261012,repaired,12,19031,1abc95209480a8eaeacf9a749044f8c3bdbde8c7d12a59012acbc58028871382,246,1,0,0,0,43,0,27,0,27,0,89,0,0.4635416666666667
eval-s20261012-repaired-24-19000,20261012,repaired,24,19000,f786d59a58298362e42a9a8b1be76a912af3a03a1eaed7524ee1401e5cab29fb,135,1,0,0,0,96,1,57,1,57,1,192,1,1.0
eval-s20261012-repaired-24-19001,20261012,repaired,24,19001,bf4d314043502d5492245722905bc3773dba063af43719f8223cfc971d8aa805,310,1,0,0,0,96,1,57,1,57,1,192,1,1.0
eval-s20261012-repaired-24-19002,20261012,repaired,24,19002,95869f5db6ab2fa98c5ffa26b3fd399d1ffae9df1c80fb207e1ba3f4db3ce434,94,1,0,0,0,96,1,57,1,57,1,192,1,1.0
eval-s20261012-repaired-24-19003,20261012,repaired,24,19003,5e1dd111e07f8aeda22e7fd668890b80774a1932179a05a20bb174e824899507,192,1,0,0,0,28,0,18,0,12,0,58,0,0.3020833333333333
eval-s20261012-repaired-24-19004,20261012,repaired,24,19004,f1b8a0ddd2e99b168a9d94b73aac7556cb902fee8e87e5c45f231c9436c4a516,168,1,0,0,0,96,1,57,1,57,1,192,1,1.0
eval-s20261012-repaired-24-19005,20261012,repaired,24,19005,622c0ee409b129338c139a8643e7ae29962cb2d05a2409058b4544480a9cd03c,120,1,0,0,0,36,0,27,0,22,0,79,0,0.4114583333333333
eval-s20261012-repaired-24-19006,20261012,repaired,24,19006,273d511d6fdb7a6846cdd43b3cf9cf65ae19fd3d77b4fce53700655e4e8b7fb0,177,1,0,0,0,1,0,1,0,1,0,1,0,0.005208333333333333
eval-s20261012-repaired-24-19007,20261012,repaired,24,19007,4dd37b10e98dadf7a40480bcbfd348a02df1c9bf2c6138dbcc1f1b7a61bae229,264,1,0,0,0,39,0,39,0,38,0,74,0,0.3854166666666667
eval-s20261012-repaired-24-19008,20261012,repaired,24,19008,3589cc636ac6d3efbbb18c30592d8fc97b3f7a72c6938c7d67d3961f21c43be6,164,1,0,0,0,72,0,54,0,54,0,141,0,0.734375
eval-s20261012-repaired-24-19009,20261012,repaired,24,19009,64b94bc8b26af2912432865db1b64f2e3d2fd88ad04835cb9e906b804f8b9ff3,156,1,0,0,0,0,0,0,0,0,0,0,0,0.0
eval-s20261012-repaired-24-19010,20261012,repaired,24,19010,7ac93509b3d907cc26b2f639493258bc104386836019f9726a6390d997f6c511,359,1,0,0,0,96,1,57,1,57,1,192,1,1.0
eval-s20261012-repaired-24-19011,20261012,repaired,24,19011,7ed6a549f59ef951aa3d3f434138861ab9bbe3457cf3ddf2cc880718977ab4b4,415,1,0,0,0,39,0,39,0,38,0,74,0,0.3854166666666667
eval-s20261012-repaired-24-19012,20261012,repaired,24,19012,7c4d26c4c06836116044b643f32c33c9c6afddede81d1f5c1ce3a27fc9fc2985,165,1,0,0,0,96,1,57,1,57,1,192,1,1.0
eval-s20261012-repaired-24-19013,20261012,repaired,24,19013,415a48f597725c0105c91a3553a25892513456e6b453834d6a222a341d5e2af8,228,1,0,0,0,1,0,1,0,1,0,1,0,0.005208333333333333
eval-s20261012-repaired-24-19014,20261012,repaired,24,19014,70a9bf04145bc5c531e3c47b01f4d9f7cc387815e5879e57d0dbfdb240544c74,98,1,0,0,0,39,0,39,0,38,0,74,0,0.3854166666666667
eval-s20261012-repaired-24-19015,20261012,repaired,24,19015,51efcc97f2f3b0c73f68adb0d37b8a300066e64548cde54ab533cca1b034ff54,150,1,0,0,0,96,1,57,1,57,1,192,1,1.0
eval-s20261012-repaired-24-19016,20261012,repaired,24,19016,9fcf3002e89b6a58ce1564dcb373e38f060eb6533aa8a48e029040b9a15db130,192,1,0,0,0,2,0,2,0,1,0,1,0,0.005208333333333333
eval-s20261012-repaired-24-19017,20261012,repaired,24,19017,531bc0be1d51547bf9b4ddecae7113378dd924c7dbca2e0258cee7678039bf5b,76,1,0,0,0,2,0,2,0,1,0,1,0,0.005208333333333333
eval-s20261012-repaired-24-19018,20261012,repaired,24,19018,5f0a32ebdfea4e6b210ff1ff4082ac52200806f9062390200c88590f8cdae48b,277,1,0,0,0,39,0,39,0,38,0,74,0,0.3854166666666667
eval-s20261012-repaired-24-19019,20261012,repaired,24,19019,0763a94aa467d256374add125271173d155c03d5d239c31455f282c0c85cf6b1,425,1,0,0,0,26,0,14,0,20,0,50,0,0.2604166666666667
eval-s20261012-repaired-24-19020,20261012,repaired,24,19020,c97b56f5b31061dcab38407a51c7ccb4703674ecae4a0fbd63f2c785c7ea6fab,165,1,0,0,0,2,0,2,0,1,0,1,0,0.005208333333333333
eval-s20261012-repaired-24-19021,20261012,repaired,24,19021,d1ff3321519b8db14312cb4e46ea73cf73505904c724d27f78127fc361c23683,103,1,0,0,0,96,1,57,1,57,1,192,1,1.0
eval-s20261012-repaired-24-19022,20261012,repaired,24,19022,b8a0e020517fff197f12475859b2dde36c01d35142cc3c8d2ee979687340f7cc,254,1,0,0,0,28,0,18,0,12,0,58,0,0.3020833333333333
eval-s20261012-repaired-24-19023,20261012,repaired,24,19023,587efeacfa27a83e584a085eafef318ba46bb0cc82acb7c56584b1ba4383093b,134,1,0,0,0,96,1,57,1,57,1,192,1,1.0
eval-s20261012-repaired-24-19024,20261012,repaired,24,19024,f03e8b9996cad63345a937aaf1e04bd9b0626bbdedd65df6375e60811e9cb21e,384,1,0,0,0,2,0,2,0,2,0,2,0,0.010416666666666666
eval-s20261012-repaired-24-19025,20261012,repaired,24,19025,55ce3efb38950b503598a3af6faafeb25f08c852fc4522f2788b18a9eee841f9,224,1,0,0,0,96,1,57,1,57,1,192,1,1.0
eval-s20261012-repaired-24-19026,20261012,repaired,24,19026,6de81f812b40d54d1368b451f67c9abfac21657d453c234d585360c8cfe74b1d,178,1,0,0,0,1,0,1,0,1,0,1,0,0.005208333333333333
eval-s20261012-repaired-24-19027,20261012,repaired,24,19027,a721297ad6fc9d20c802240477c8c497e4d03f5c282dd8e5cc7a6ee5a21acd9f,193,1,0,0,0,39,0,39,0,38,0,74,0,0.3854166666666667
eval-s20261012-repaired-24-19028,20261012,repaired,24,19028,f419fffcf58fde3c9a19bad5d35c6e57f0ae92ac6275458fbdc59c9fd880a35b,419,1,0,0,0,0,0,0,0,0,0,0,0,0.0
eval-s20261012-repaired-24-19029,20261012,repaired,24,19029,95046311472548f494a8213d083879988ad3e2429a22519f38f0fb6bcb4ef706,145,1,0,0,0,1,0,1,0,1,0,1,0,0.005208333333333333
eval-s20261012-repaired-24-19030,20261012,repaired,24,19030,721b9cc2e54847e21441c9732b9143e9848967e0f2d1befbdff41b3917d6032c,126,1,0,0,0,28,0,18,0,12,0,58,0,0.3020833333333333
eval-s20261012-repaired-24-19031,20261012,repaired,24,19031,6becaf53293e509dd61c67821ac9d4f663e1eda8e6f6b4b150d7e5674e57992e,142,1,0,0,0,1,0,1,0,1,0,1,0,0.005208333333333333
eval-s20261012-repaired-24-19032,20261012,repaired,24,19032,b6a259558299dcd64960443969460437b6650154a70f7578d5b288af923d62b3,176,1,0,0,0,2,0,2,0,1,0,1,0,0.005208333333333333
eval-s20261012-repaired-24-19033,20261012,repaired,24,19033,85eb0ea463cdc4d7cc9d150bbb5dc92ae4450adf8d0b0c93b3d7a38c85e1cc5d,192,1,0,0,0,43,0,27,0,27,0,89,0,0.4635416666666667
eval-s20261012-repaired-24-19034,20261012,repaired,24,19034,fbf10935fb87508a7368d4b3bccf180d06670a68193420ad86b0c63a396d1009,155,1,0,0,0,28,0,18,0,12,0,58,0,0.3020833333333333
eval-s20261012-repaired-24-19035,20261012,repaired,24,19035,d99b395cfdcbaaa638c782e1a395bbe93ee85edea05dd2e33db2bc657544acd9,366,1,0,0,0,96,1,57,1,57,1,192,1,1.0
eval-s20261012-repaired-24-19036,20261012,repaired,24,19036,d6eb1c7c83150ffd9c21cdb2d0969dcf72418d2b4ddfb08f1ed71cab8b2e3d27,136,1,0,0,0,39,0,39,0,38,0,74,0,0.3854166666666667
eval-s20261012-repaired-24-19037,20261012,repaired,24,19037,d67ac9e2cca1a65a76ef049129eafa7ec6a5ac3a9332efdfcb97868d4236717d,512,1,1,0,0,1,0,1,0,1,0,1,0,0.005208333333333333
eval-s20261012-repaired-24-19038,20261012,repaired,24,19038,e54eb239e3ace56a541bcab1aefc76d03b1e7d17bad62f069bd85873f604ffb6,113,1,0,0,0,39,0,39,0,38,0,74,0,0.3854166666666667
eval-s20261012-repaired-24-19039,20261012,repaired,24,19039,bb939928aa7662a5a6f6a5d25e68e917618e03bb1a35934c82c3b4620c02624e,92,1,0,0,0,39,0,39,0,38,0,74,0,0.3854166666666667
eval-s20261012-repaired-24-19040,20261012,repaired,24,19040,830a051b96110187846615146ea8dff7f66e1d0672d4ef3dd06caaae59648ee6,326,1,0,0,0,28,0,18,0,12,0,58,0,0.3020833333333333
eval-s20261012-repaired-24-19041,20261012,repaired,24,19041,f559bb3929ffad0b59d97fb325a7d16ef3c24eef391e8d1d4092afdfebefc12f,158,1,0,0,0,96,1,57,1,57,1,192,1,1.0
eval-s20261012-repaired-24-19042,20261012,repaired,24,19042,553b7cb4e2d87ce0787d2d49aba8b2b0f01d6084adefa9585f3450756a2b9aa7,89,1,0,0,0,39,0,39,0,38,0,74,0,0.3854166666666667
eval-s20261012-repaired-24-19043,20261012,repaired,24,19043,8ba0df5d954117ee9876059cba5cd9334f25e046d9821641d6665cbe0cdfde4b,156,1,0,0,0,22,0,12,0,13,0,41,0,0.21354166666666666
eval-s20261012-repaired-24-19044,20261012,repaired,24,19044,a94b25de313ff18672aea70a6b211c3549fed221037178e1a9e3dbca6058b078,343,1,0,0,0,96,1,57,1,57,1,192,1,1.0
eval-s20261012-repaired-24-19045,20261012,repaired,24,19045,4b670bc8080e2d04f2d6fa095dd3abebddf4b14e322dcb020d09b2b9e407ec67,512,1,1,0,0,72,0,54,0,54,0,143,0,0.7447916666666666
eval-s20261012-repaired-24-19046,20261012,repaired,24,19046,d302bc7fef483b4b39d8c6e2433788b95431630f9e4550a2a406d34ddef68cd9,153,1,0,0,0,96,1,57,1,57,1,192,1,1.0
eval-s20261012-repaired-24-19047,20261012,repaired,24,19047,4e81d03566f3109872a72437c4d83ca21cd00f57850d9894f2a14ff8eecf90e8,95,1,0,0,0,39,0,39,0,38,0,74,0,0.3854166666666667
eval-s20261012-repaired-24-19048,20261012,repaired,24,19048,a3b2c8c2a97cc077332549ac79479ae3317d44134b0564b311a3fbe5ceacd4ac,219,1,0,0,0,28,0,18,0,12,0,58,0,0.3020833333333333
eval-s20261012-repaired-24-19049,20261012,repaired,24,19049,a6b6608ef63d11efeb3d303eeec6c21f941312c244cebd898470922a7457ea7d,96,1,0,0,0,96,1,57,1,57,1,192,1,1.0
eval-s20261012-repaired-24-19050,20261012,repaired,24,19050,0df5e375a55bef2689a623b202676b607975539794d0e6b4990005e12caf1c9b,145,1,0,0,0,1,0,1,0,1,0,1,0,0.005208333333333333
eval-s20261012-repaired-24-19051,20261012,repaired,24,19051,f20a0291407c8f3032444fd261afc6a9db2ddb13e9d9d899eafbacf42c7ab190,117,1,0,0,0,96,1,57,1,57,1,192,1,1.0
eval-s20261012-repaired-24-19052,20261012,repaired,24,19052,5b1ac0d1429286fa2627f24f278aab4c66cf7062f4e127d5363af51e17d94b9f,512,0,1,0,0,0,0,0,0,0,0,0,0,0.0
eval-s20261012-repaired-24-19053,20261012,repaired,24,19053,a24c42e9761eef6568ed469e615115bd4339445c74f3f54126c60000748d0a03,411,1,0,0,0,28,0,18,0,12,0,58,0,0.3020833333333333
eval-s20261012-repaired-24-19054,20261012,repaired,24,19054,208b2063ce75aa41cfa4c4449e5ad7fd9de49e5c96e4e3bee0f6435d92320e84,180,1,0,0,0,28,0,18,0,12,0,58,0,0.3020833333333333
eval-s20261012-repaired-24-19055,20261012,repaired,24,19055,0ee82df708c2011313095274be5efc6c86f98659b66e78ab4946993340b4f53f,174,1,0,0,0,2,0,2,0,1,0,1,0,0.005208333333333333
eval-s20261012-repaired-24-19056,20261012,repaired,24,19056,5996524d6ea3c2924791397a7915c550003aed6e8b84acc6284a553b789e0ded,117,1,0,0,0,23,0,13,0,14,0,42,0,0.21875
eval-s20261012-repaired-24-19057,20261012,repaired,24,19057,da1b47cf9c8b2f2d3b95767de9db9e6723e3c07d860f350c939af5e82baadd58,121,1,0,0,0,96,1,57,1,57,1,192,1,1.0
eval-s20261012-repaired-24-19058,20261012,repaired,24,19058,f4b0724c076d684c7ba588d56fe8d49e3969d05ecc69afa38b3c55b4109226ad,493,1,0,0,0,96,1,57,1,57,1,192,1,1.0
eval-s20261012-repaired-24-19059,20261012,repaired,24,19059,903f09bc7076617cb9f0c7d585add02da798d0a3f5f544605ce5eb2558299a91,214,1,0,0,0,38,0,38,0,37,0,73,0,0.3802083333333333
eval-s20261012-repaired-24-19060,20261012,repaired,24,19060,ed675ef1d4e1edae7c04a9b1950136fa183542fceacad050256315b8a19809b4,136,1,0,0,0,76,0,54,0,54,0,152,0,0.7916666666666666
eval-s20261012-repaired-24-19061,20261012,repaired,24,19061,a2cb03f0db27a0fc7a285604c8795676a4e6a226a0ccd04238a18fb5cf492a28,157,1,0,0,0,2,0,2,0,1,0,1,0,0.005208333333333333
eval-s20261012-repaired-24-19062,20261012,repaired,24,19062,8684fe2085721ff5f9b71220504b72ee3dc1dc833971d482b935ce277769cb96,470,1,0,1,1,64,0,57,1,49,0,127,0,0.6614583333333334
eval-s20261012-repaired-24-19063,20261012,repaired,24,19063,b0a0c5fb08f84b5a7a696248231afe464720597465d6a29ecca52513528a85cd,84,1,0,0,0,96,1,57,1,57,1,192,1,1.0
eval-s20261012-repaired-24-19064,20261012,repaired,24,19064,acb65832fe25cfd5ad9518c5aae005fcca064a9fd6e5087905012f75028fb693,441,1,0,0,0,0,0,0,0,0,0,0,0,0.0
eval-s20261012-repaired-24-19065,20261012,repaired,24,19065,c5352999f5e6b72d8f7aecbd10752cfd4d25d02f57b2deb0b52e06957d7ea5a1,161,1,0,0,0,72,0,54,0,54,0,141,0,0.734375
eval-s20261012-repaired-24-19066,20261012,repaired,24,19066,8f78dcaacb0ff11dc4c04d2ce20758c2bd03824b8a896982b71a0baae7a6c171,229,1,0,0,0,39,0,39,0,38,0,74,0,0.3854166666666667
eval-s20261012-repaired-24-19067,20261012,repaired,24,19067,c3fd5861ce50bc47679d4c87fe08b23b2e1eb79542aaf080b7be8a225a0962fc,179,1,0,0,0,72,0,54,0,54,0,141,0,0.734375
eval-s20261012-repaired-24-19068,20261012,repaired,24,19068,527ee0727ab9a2bcdcfb21f728a622904084c01dd855ad51a3a6b553bd422b3f,405,1,0,0,0,15,0,12,0,14,0,30,0,0.15625
eval-s20261012-repaired-24-19069,20261012,repaired,24,19069,980bfd1af5e25ed5710d0dd2a89fd9daa371fc63ef940d952bdeb073659265e2,87,1,0,0,0,39,0,39,0,38,0,74,0,0.3854166666666667
eval-s20261012-repaired-24-19070,20261012,repaired,24,19070,71af6341128a3e982097073e8dff64f6fdcdb496363e800a96292208a806824b,201,1,0,0,0,42,0,40,0,38,0,83,0,0.4322916666666667
eval-s20261012-repaired-24-19071,20261012,repaired,24,19071,2ab880097b6aab95f60f10e41db6b11e07092dac5c971bedbce033a32f04e401,111,1,0,0,0,34,0,21,0,21,0,60,0,0.3125
eval-s20261012-repaired-24-19072,20261012,repaired,24,19072,a5d6dbf704083843adcbd2059de111e23fda593f42a7c2d2ac4a7e35da10e709,149,1,0,0,0,1,0,1,0,1,0,1,0,0.005208333333333333
eval-s20261012-repaired-24-19073,20261012,repaired,24,19073,17436e362094e4f836091f93fe61e80d4c8af75430d1e175d88c501fb408b78f,168,1,0,0,0,96,1,57,1,57,1,192,1,1.0
eval-s20261012-repaired-24-19074,20261012,repaired,24,19074,d6bd8fc97acd60516d9af8cb22def1ccd2a84979f30c757b8f0d73227fc761f6,126,1,0,0,0,1,0,1,0,1,0,1,0,0.005208333333333333
eval-s20261012-repaired-24-19075,20261012,repaired,24,19075,213988741af3d2967780265767d21670fadbb94357fd1e1420cb23932fe2cc8e,461,1,0,0,0,96,1,57,1,57,1,192,1,1.0
eval-s20261012-repaired-24-19076,20261012,repaired,24,19076,0cf4e776ff22a7fc7e4c3f44f067ec6d40b03351d250581eed0e2385600da4c1,165,1,0,0,0,28,0,18,0,12,0,58,0,0.3020833333333333
eval-s20261012-repaired-24-19077,20261012,repaired,24,19077,5996ef14412ef250a7113e92c774bd8cb3d4c1f81a1b348287532e6ff8e712e5,95,1,0,0,0,96,1,57,1,57,1,192,1,1.0
eval-s20261012-repaired-24-19078,20261012,repaired,24,19078,0ce4d9d7efb943fdb28622454a64753bbf660eac83f3c7f3c3575580682ef5db,81,1,0,0,0,39,0,39,0,38,0,74,0,0.3854166666666667
eval-s20261012-repaired-24-19079,20261012,repaired,24,19079,e133cf539723e145af9ae5f66310375f97878e2d39708dcae9f022772f927e46,63,1,0,0,0,0,0,0,0,0,0,0,0,0.0
eval-s20261012-repaired-24-19080,20261012,repaired,24,19080,a337a52cca20dca2193152e276d3f18cdb1c58d3b7daaa3f6c827ff72001a223,233,1,0,0,0,28,0,18,0,12,0,58,0,0.3020833333333333
eval-s20261012-repaired-24-19081,20261012,repaired,24,19081,ceaa6f9d216be019509e7d8f2b80a4a61c8aaa6fb3c51458b9c03dfcc9ebf61c,79,1,0,0,0,22,0,12,0,13,0,41,0,0.21354166666666666
eval-s20261012-repaired-24-19082,20261012,repaired,24,19082,5a18e6b8dfddcf262f0930aa7b24101e2051e2bc359d5c7367bc341fe4e3083e,189,1,0,0,0,96,1,57,1,57,1,192,1,1.0
eval-s20261012-repaired-24-19083,20261012,repaired,24,19083,ff6f4516ddad7c55f1557ca1fd9f424b0178e31a439942c139a394f22e569682,157,1,0,0,0,10,0,10,0,9,0,19,0,0.09895833333333333
eval-s20261012-repaired-24-19084,20261012,repaired,24,19084,9a3b76311aade1b9b419743bd32bbe30fab1dcc1960308bf4b43bd0fc4e0e9ca,297,1,0,0,0,96,1,57,1,57,1,192,1,1.0
eval-s20261012-repaired-24-19085,20261012,repaired,24,19085,ea0aebc09d3d16ad94348c358d1073264dfd836ea26bb3eafae13508ef549f47,162,1,0,0,0,96,1,57,1,57,1,192,1,1.0
eval-s20261012-repaired-24-19086,20261012,repaired,24,19086,a3c19e3083c10c59ca5c043877b8932093ac4e8ce8b15088945414bfdabcc659,384,1,0,0,0,46,0,42,0,43,0,96,0,0.5
eval-s20261012-repaired-24-19087,20261012,repaired,24,19087,0c382c62b01782ac15a46be559627ec8b4fb823f955ff42ad7ac344eadc43bcf,97,1,0,0,0,96,1,57,1,57,1,192,1,1.0
eval-s20261012-repaired-24-19088,20261012,repaired,24,19088,680445b8d393af7d14a5272f7786459438d74eaaaf26187c5f90a1f58549da18,154,1,0,0,0,39,0,39,0,38,0,74,0,0.3854166666666667
eval-s20261012-repaired-24-19089,20261012,repaired,24,19089,f517ec5280efb1433a7434c4736ae53d9bd0f50a5a814b996d4efa641be1c84d,185,1,0,0,0,47,0,43,0,44,0,92,0,0.4791666666666667
eval-s20261012-repaired-24-19090,20261012,repaired,24,19090,5b1ac0d1429286fa2627f24f278aab4c66cf7062f4e127d5363af51e17d94b9f,206,0,0,0,0,0,0,0,0,0,0,0,0,0.0
eval-s20261012-repaired-24-19091,20261012,repaired,24,19091,715ee67c691b20cdd5f155c4937fd01f14f1ee1d491c6960b2a69f9c86fcdc04,80,1,0,0,0,39,0,39,0,38,0,74,0,0.3854166666666667
eval-s20261012-repaired-24-19092,20261012,repaired,24,19092,1942ab936af4ba70a72b18fdfd03ccee1668509f0b87c24680c77a6e5cfca4ce,377,1,0,0,0,1,0,1,0,1,0,1,0,0.005208333333333333
eval-s20261012-repaired-24-19093,20261012,repaired,24,19093,492e5e8a0876dd0e5a6aeadb3ff4cc71403a052f3b71e151cf1ebd35fa6f7284,103,1,0,0,0,39,0,39,0,38,0,74,0,0.3854166666666667
eval-s20261012-repaired-24-19094,20261012,repaired,24,19094,2437922f70bb68af0661139bf5c61daf420bdec3c3bc14d3cbb774f2bb886b9c,284,1,0,0,0,96,1,57,1,57,1,192,1,1.0
eval-s20261012-repaired-24-19095,20261012,repaired,24,19095,7e00c778f80f776fc30eace1ac619453066ef448ee8977e752ba40748a04be3d,132,1,0,0,0,39,0,39,0,38,0,74,0,0.3854166666666667
eval-s20261012-repaired-24-19096,20261012,repaired,24,19096,f03a5d0b3dbcb3c5f8a3eba9f8a5cd305b2618610b0302510281b360ccd20c1f,202,1,0,0,0,1,0,1,0,1,0,1,0,0.005208333333333333
eval-s20261012-repaired-24-19097,20261012,repaired,24,19097,c737e31ecb12fe0ea5984fa0b5a8d1fab1837dedfa7311bd1596b58e52fdc190,24,1,0,0,0,2,0,2,0,1,0,1,0,0.005208333333333333
eval-s20261012-repaired-24-19098,20261012,repaired,24,19098,e511a91641c6cf2b7abf0c8f238590444aa7e3c82347c1e85d09e04390dc78bb,212,1,0,0,0,39,0,39,0,38,0,74,0,0.3854166666666667
eval-s20261012-repaired-24-19099,20261012,repaired,24,19099,cd47de98d667a089845967a11c197dc2fdd8e14db6027a655b79212dba323f40,224,1,0,0,0,2,0,2,0,1,0,1,0,0.005208333333333333
eval-s20261012-repaired-24-19100,20261012,repaired,24,19100,669782f3123ad8802f78a8e0403c41e0752ba13104208f580fabd4b903b3652f,127,1,0,0,0,1,0,1,0,1,0,1,0,0.005208333333333333
eval-s20261012-repaired-24-19101,20261012,repaired,24,19101,c8be4b9fd86de1299bdf2bcf6642f57b9cbb29b3b479e62aface1fa6f4c148d5,152,1,0,0,0,34,0,18,0,19,0,71,0,0.3697916666666667
eval-s20261012-repaired-24-19102,20261012,repaired,24,19102,a7946013fd71b9037205cb3e265c55cb3810761728486139c6825e227f60fbdf,246,1,0,0,0,39,0,39,0,38,0,74,0,0.3854166666666667
eval-s20261012-repaired-24-19103,20261012,repaired,24,19103,f25df9a87627f99951f8f7b21e0e987c46fa05f0f59fe0190eba9b2bc0bb7071,102,1,0,0,0,39,0,39,0,38,0,74,0,0.3854166666666667
eval-s20261012-repaired-24-19104,20261012,repaired,24,19104,318cb82856f16e026d6e6e090ad91cd22b704464892ab2cfe73b66e6877a3e98,121,1,0,0,0,39,0,39,0,38,0,74,0,0.3854166666666667
eval-s20261012-repaired-24-19105,20261012,repaired,24,19105,4e1287779ed50d1132f27730ce680e691c557b20570a67bd07442cb9704792fc,132,1,0,0,0,14,0,12,0,12,0,29,0,0.15104166666666666
eval-s20261012-repaired-24-19106,20261012,repaired,24,19106,48e2d39e5663f6d4d8540441da7998ec8bcb1a3ebcff426104f52d7b9bc2e3c7,388,1,0,0,0,96,1,57,1,57,1,192,1,1.0
eval-s20261012-repaired-24-19107,20261012,repaired,24,19107,95bcd80e15c898bfc413a8e8f1c27019d73e5825d2b81aaf93424a5bb2675f29,106,1,0,0,0,39,0,39,0,38,0,74,0,0.3854166666666667
eval-s20261012-repaired-24-19108,20261012,repaired,24,19108,57f9dc31c5f1c2f0a95650a1a9824f01ae39292d71198fee0e4b2193926d2de1,163,1,0,0,0,15,0,14,0,14,0,27,0,0.140625
eval-s20261012-repaired-24-19109,20261012,repaired,24,19109,9c564fcc8933b7c2253747da850da8bb1a266cc13c9f3e2703f8b50ae43fd37a,180,1,0,0,0,72,0,54,0,54,0,143,0,0.7447916666666666
eval-s20261012-repaired-24-19110,20261012,repaired,24,19110,7ae53b087b1783b1e7ff1aba9816b8cbf6ae31172ed9576242c7b1423a279c39,102,1,0,0,0,96,1,57,1,57,1,192,1,1.0
eval-s20261012-repaired-24-19111,20261012,repaired,24,19111,eaa55ac1ebff9a8c0860822132598ad2138f4b8a9580861447eda6732320eac8,457,1,0,0,0,42,0,40,0,38,0,83,0,0.4322916666666667
eval-s20261012-repaired-24-19112,20261012,repaired,24,19112,75452e1cfcf8626e27c08c864d8afd43013dcb03c918b6a33c8c840a7f1a8fab,197,1,0,0,0,39,0,39,0,38,0,74,0,0.3854166666666667
eval-s20261012-repaired-24-19113,20261012,repaired,24,19113,70c7453aa3da0cd996345d5d377401b3fd70e4d44f8973d3844a29c7af7eec87,110,1,0,0,0,52,0,50,0,42,0,99,0,0.515625
eval-s20261012-repaired-24-19114,20261012,repaired,24,19114,2319e39477fe51320c93d8c3c908f520cdeb2b442d372c23856085b223a62a9f,165,1,0,0,0,39,0,39,0,38,0,74,0,0.3854166666666667
eval-s20261012-repaired-24-19115,20261012,repaired,24,19115,8bb8f90434e99a1d09a06cecaf249065467d1037c59997aa7facf806ffa0770d,437,1,0,0,0,75,0,53,0,53,0,151,0,0.7864583333333334
eval-s20261012-repaired-24-19116,20261012,repaired,24,19116,60d46118e75d32e4e42ad418c2812cd8e5a90adbf3939c86bcde6a70b6b8dd7e,276,1,0,0,0,39,0,39,0,38,0,74,0,0.3854166666666667
eval-s20261012-repaired-24-19117,20261012,repaired,24,19117,0b374bfc6ab23e7a96efaf7a46b4ef15143b02cc836de7af520621aceae3f771,157,1,0,0,0,1,0,1,0,1,0,1,0,0.005208333333333333
eval-s20261012-repaired-24-19118,20261012,repaired,24,19118,bdc345f71bab4b2d610e1e525eb6fb9f1430b2f832b9cbbc93fbe155faba4ac3,203,1,0,0,0,1,0,1,0,1,0,1,0,0.005208333333333333
eval-s20261012-repaired-24-19119,20261012,repaired,24,19119,130c1ef50a2ba091fba4e9afb98ffc29395ad30eefcf53fb3cc8da53dabe7ec8,264,1,0,0,0,1,0,1,0,0,0,0,0,0.0
eval-s20261012-repaired-24-19120,20261012,repaired,24,19120,28b3e5c0d0663d643ee5634c218f067dd92de11f1750a3963e76814daccc0f32,499,1,0,0,0,0,0,0,0,0,0,0,0,0.0
eval-s20261012-repaired-24-19121,20261012,repaired,24,19121,4facfcd47aca49fbee277ed7b716991bb0227e9bcfb20a40c9820567d9e7fb35,188,1,0,0,0,96,1,57,1,57,1,192,1,1.0
eval-s20261012-repaired-24-19122,20261012,repaired,24,19122,28a8ec25edb9411363541f242f7fc04464159336b18225b5737e8acf7d517afa,125,1,0,0,0,96,1,57,1,57,1,192,1,1.0
eval-s20261012-repaired-24-19123,20261012,repaired,24,19123,8ff5367a23226c371a33fdc2cf12176cb493c58fabbcc2273fb15884c0920286,120,1,0,0,0,1,0,1,0,1,0,1,0,0.005208333333333333
eval-s20261012-repaired-24-19124,20261012,repaired,24,19124,810abb8dfd716b90694c632c97c3296f799d5ef602f372d225f4d559c891db14,118,1,0,0,0,96,1,57,1,57,1,192,1,1.0
eval-s20261012-repaired-24-19125,20261012,repaired,24,19125,ea263a17375af3786e982b2e9816646df8aafc5f33469d54e3bd2a124b34a58a,106,1,0,0,0,8,0,7,0,7,0,14,0,0.07291666666666667
eval-s20261012-repaired-24-19126,20261012,repaired,24,19126,6f6c71807f31a830438cb9383e998ae74bb85c591ac7ceb975c97cce7e013f37,98,1,0,0,0,1,0,1,0,1,0,1,0,0.005208333333333333
eval-s20261012-repaired-24-19127,20261012,repaired,24,19127,32bc745933992b04c220bb6c5db045f161329320b7bee399bb64f9e9178c5386,98,1,0,0,0,96,1,57,1,57,1,192,1,1.0
eval-s20261013-endpoint_omission-12-19000,20261013,endpoint_omission,12,19000,5b1ac0d1429286fa2627f24f278aab4c66cf7062f4e127d5363af51e17d94b9f,512,0,1,0,0,0,0,0,0,0,0,0,0,0.0
eval-s20261013-endpoint_omission-12-19001,20261013,endpoint_omission,12,19001,f12c54c0bdce2541a53bb3e6b61a6ba9801b23b09ed5a5b7df1bebb2e51169e5,512,1,1,0,0,40,0,27,0,24,0,83,0,0.4322916666666667
eval-s20261013-endpoint_omission-12-19002,20261013,endpoint_omission,12,19002,bb02caf6c3355e8c01ebcdb05461ead8d59d85e3f388d9c14b96bab0024e56b9,491,1,0,0,0,1,0,1,0,1,0,1,0,0.005208333333333333
eval-s20261013-endpoint_omission-12-19003,20261013,endpoint_omission,12,19003,f93a865819cc4b9413bda70fbfe9346c91bbc8b0a7ef9cfdd5e65809452d6e23,318,1,0,0,0,96,1,57,1,57,1,192,1,1.0
eval-s20261013-endpoint_omission-12-19004,20261013,endpoint_omission,12,19004,4f1dcee368462cb7e42ddddb58460850c149ffa2b5348652db2ec88de75d4b30,186,1,0,0,0,96,1,57,1,57,1,192,1,1.0
eval-s20261013-endpoint_omission-12-19005,20261013,endpoint_omission,12,19005,655e12e9250b9972da926169eaf3cd7f1e4084294a3f71443f91b440eeec112a,120,1,0,0,0,96,1,57,1,57,1,192,1,1.0
eval-s20261013-endpoint_omission-12-19006,20261013,endpoint_omission,12,19006,19e40aa9966d83e974c32be77fe5a57a6ef5f0e1af19861905fbca33e61e328b,284,1,0,0,0,1,0,1,0,1,0,1,0,0.005208333333333333
eval-s20261013-endpoint_omission-12-19007,20261013,endpoint_omission,12,19007,c21ee8ff06da933af5afa9005413e4d950b86ba14e95c50ca6d154795107ad82,179,1,0,0,0,2,0,2,0,1,0,1,0,0.005208333333333333
eval-s20261013-endpoint_omission-12-19008,20261013,endpoint_omission,12,19008,32beb837503c19d19f5b4e32de6345426dac4d4c1c338d66456aa851494a5cf8,118,1,0,0,0,72,0,54,0,54,0,141,0,0.734375
eval-s20261013-endpoint_omission-12-19009,20261013,endpoint_omission,12,19009,88464cd9dc7bb0acdac758fdb438a0fa83b70e3ade21bed7f723c878988184a4,145,1,0,0,0,1,0,1,0,1,0,1,0,0.005208333333333333
eval-s20261013-endpoint_omission-12-19010,20261013,endpoint_omission,12,19010,312a9b6842cc953390d164067a0b04ec588f12d780da771b8f78a5cbe63ddd68,470,1,0,0,0,96,1,57,1,57,1,192,1,1.0
eval-s20261013-endpoint_omission-12-19011,20261013,endpoint_omission,12,19011,0510d66631477326e807f4327dbb08ddf681dfb776a9e00f49b1340c597b2bad,486,1,0,0,0,96,1,57,1,57,1,192,1,1.0
eval-s20261013-endpoint_omission-12-19012,20261013,endpoint_omission,12,19012,fd0ae30d5ee1f6c47ddbe886c73d0d41e6affafe3b1d51ad476705a633d043ce,322,1,0,0,0,1,0,1,0,1,0,1,0,0.005208333333333333
eval-s20261013-endpoint_omission-12-19013,20261013,endpoint_omission,12,19013,76f3bb568b90b5a2d11da2a419ef408bf42282ac2cab2283a6c297df07888bf3,184,1,0,0,0,72,0,54,0,54,0,141,0,0.734375
eval-s20261013-endpoint_omission-12-19014,20261013,endpoint_omission,12,19014,f15cdd2dde5d46c290b5de4cef268ac2923520783f1983b5990ae123c59ea8c9,98,1,0,0,0,39,0,39,0,38,0,74,0,0.3854166666666667
eval-s20261013-endpoint_omission-12-19015,20261013,endpoint_omission,12,19015,318fe46b99d458c23029b12d2ce4872e459aa6e1bb59de3e774924dd7750f2e9,460,1,0,0,0,1,0,1,0,1,0,1,0,0.005208333333333333
eval-s20261013-endpoint_omission-12-19016,20261013,endpoint_omission,12,19016,2f99ece635205a3027fe511b2ca443ea0f47a5f864fe345fe727c275a6f70047,138,1,0,0,0,39,0,39,0,38,0,74,0,0.3854166666666667
eval-s20261013-endpoint_omission-12-19017,20261013,endpoint_omission,12,19017,135425a497cb6212dcd76b5a0b698aa1456ee5e1ea420ef5d7873be246ec7239,75,1,0,0,0,2,0,2,0,1,0,1,0,0.005208333333333333
eval-s20261013-endpoint_omission-12-19018,20261013,endpoint_omission,12,19018,c681940cc7dd9b9390354be8258708f6c763a969801cae9a9412ed743c044ec4,194,1,0,0,0,39,0,39,0,38,0,74,0,0.3854166666666667
eval-s20261013-endpoint_omission-12-19019,20261013,endpoint_omission,12,19019,c64c943a5e01a27072ef22dfe5d8b4c4fa8be8e75d8c14e7d935527e6d8dba72,241,1,0,0,0,95,0,56,0,56,0,191,0,0.9947916666666666
eval-s20261013-endpoint_omission-12-19020,20261013,endpoint_omission,12,19020,a53209cc0d56a664c1e0e6a6ef17cc9757f6a7921916e301923145a9b77753bc,248,1,0,0,0,39,0,39,0,38,0,74,0,0.3854166666666667
eval-s20261013-endpoint_omission-12-19021,20261013,endpoint_omission,12,19021,d1ff3321519b8db14312cb4e46ea73cf73505904c724d27f78127fc361c23683,103,1,0,0,0,96,1,57,1,57,1,192,1,1.0
eval-s20261013-endpoint_omission-12-19022,20261013,endpoint_omission,12,19022,d8d979e38f5877f7cf1fd12d0f6507ece7d4c2b75314a79bd8d43b04b1078f2f,231,1,0,0,0,2,0,2,0,2,0,2,0,0.010416666666666666
eval-s20261013-endpoint_omission-12-19023,20261013,endpoint_omission,12,19023,4c9470fef9b6a44b6b008dddff61221262a88edcdf5eaf49fb95a6afbd7bf247,154,1,0,0,0,28,0,18,0,12,0,58,0,0.3020833333333333
eval-s20261013-endpoint_omission-12-19024,20261013,endpoint_omission,12,19024,6b8c867f226b2bac5b4cd457873c7c327b7cb28b3bc9bb7b3d8cffbbdc222887,512,1,1,0,0,0,0,0,0,0,0,0,0,0.0
eval-s20261013-endpoint_omission-12-19025,20261013,endpoint_omission,12,19025,ac004e09ddfa2bd284ecb1148e09fb87dce27eded2c6cef3fa72084d7a9a43c5,78,1,0,0,0,39,0,39,0,38,0,74,0,0.3854166666666667
eval-s20261013-endpoint_omission-12-19026,20261013,endpoint_omission,12,19026,4d5b5b89161442599a278b8dfebf854208d3e0af905a1d123952672619df57f1,178,1,0,0,0,1,0,1,0,1,0,1,0,0.005208333333333333
eval-s20261013-endpoint_omission-12-19027,20261013,endpoint_omission,12,19027,869ab2017bd2f49fd07981ba2b62b10cc459059a77369aed64918ef24ba39ad9,143,1,0,0,0,39,0,39,0,38,0,74,0,0.3854166666666667
eval-s20261013-endpoint_omission-12-19028,20261013,endpoint_omission,12,19028,2ddc4749d0a7b726656ce5995a718dbfe50c64773e5e36ca4596d7a5674f74ce,424,1,0,0,0,40,0,27,0,24,0,83,0,0.4322916666666667
eval-s20261013-endpoint_omission-12-19029,20261013,endpoint_omission,12,19029,a98276fdbbb2e444166aa09dd3e2c612e5d5c747cf7d393cd004ff44e562c786,143,1,0,0,0,1,0,1,0,1,0,1,0,0.005208333333333333
eval-s20261013-endpoint_omission-12-19030,20261013,endpoint_omission,12,19030,6af7f94c07882fe4607e35f957b54443db0047942aa1b392ab487ce608c2134f,183,1,0,0,0,1,0,1,0,1,0,1,0,0.005208333333333333
eval-s20261013-endpoint_omission-12-19031,20261013,endpoint_omission,12,19031,d02e7968940f75dbb657742e8bc6433b00be90bf482142c7fde4e1bf210c7765,322,1,0,0,0,0,0,0,0,0,0,0,0,0.0
eval-s20261013-endpoint_omission-24-19000,20261013,endpoint_omission,24,19000,b572c8e63a91ac8ae1c1989abc8bf366b65583856b315d77895fedc6237ae601,262,1,0,0,0,96,1,57,1,57,1,192,1,1.0
eval-s20261013-endpoint_omission-24-19001,20261013,endpoint_omission,24,19001,142774d74658f5f3023dab144364cccca2c0d41b427a547c96e4fc3af8ac6b06,314,1,0,0,0,1,0,1,0,1,0,1,0,0.005208333333333333
eval-s20261013-endpoint_omission-24-19002,20261013,endpoint_omission,24,19002,889732ead3f362549b5b4f2f85b93211b4cbb8c0f309698f040ae81a4bf8900f,472,1,0,0,0,10,0,10,0,9,0,19,0,0.09895833333333333
eval-s20261013-endpoint_omission-24-19003,20261013,endpoint_omission,24,19003,f93a865819cc4b9413bda70fbfe9346c91bbc8b0a7ef9cfdd5e65809452d6e23,384,1,0,0,0,96,1,57,1,57,1,192,1,1.0
eval-s20261013-endpoint_omission-24-19004,20261013,endpoint_omission,24,19004,e30f4c033d40d5ce1e65235045a19bd057981b3476b9f26cdc2d8962f03cf4c6,155,1,0,0,0,96,1,57,1,57,1,192,1,1.0
eval-s20261013-endpoint_omission-24-19005,20261013,endpoint_omission,24,19005,5a3a4b42fc416e0b5aa74a0a74763904ed635e2dd5e9eb5dfb52d7342c0f125c,98,1,0,0,0,5,0,3,0,1,0,7,0,0.036458333333333336
eval-s20261013-endpoint_omission-24-19006,20261013,endpoint_omission,24,19006,d551252f96dc7e4fad9739076532e6c30ef3cfbebd5b25ffaedb4d717863dcc6,161,1,0,0,0,36,0,27,0,22,0,79,0,0.4114583333333333
eval-s20261013-endpoint_omission-24-19007,20261013,endpoint_omission,24,19007,8a0b3edbefbf58045e144a56d873b82f582e7f14efc8bae9bca68a4ea3ecceaf,288,1,0,0,0,96,1,57,1,57,1,192,1,1.0
eval-s20261013-endpoint_omission-24-19008,20261013,endpoint_omission,24,19008,be05cdf982b68572fa3c18f079dcbe245031cd31d02168e98816749584cedd7c,98,1,0,0,0,1,0,1,0,1,0,1,0,0.005208333333333333
eval-s20261013-endpoint_omission-24-19009,20261013,endpoint_omission,24,19009,7bee1556611b2947e815dcd1211dd4fcd0e2f473d62e2a58969ae01cc11a3b0b,159,1,0,0,0,1,0,1,0,1,0,1,0,0.005208333333333333
eval-s20261013-endpoint_omission-24-19010,20261013,endpoint_omission,24,19010,50d55ca897e1d4818593ac3210e3523671c40da768e51cdf0467aba94db669c0,397,1,0,0,0,1,0,1,0,1,0,1,0,0.005208333333333333
eval-s20261013-endpoint_omission-24-19011,20261013,endpoint_omission,24,19011,69aa8f83e24b694f73d4525ac5845e7928b3f6b58b41f6bf61e5c3198d6fc18c,470,1,0,0,0,95,0,56,0,56,0,191,0,0.9947916666666666
eval-s20261013-endpoint_omission-24-19012,20261013,endpoint_omission,24,19012,cd67f57835c9863b7c97c005a05838f9132cc3b4a5a9140621e2e9b5c824c40e,244,1,0,0,0,96,1,57,1,57,1,192,1,1.0
eval-s20261013-endpoint_omission-24-19013,20261013,endpoint_omission,24,19013,c6ab2978cc329eeae05169ac036efa283aecd87d8ed6f3095e07e1f6a94039a6,347,1,0,0,0,1,0,1,0,1,0,1,0,0.005208333333333333
eval-s20261013-endpoint_omission-24-19014,20261013,endpoint_omission,24,19014,dd2936e9de31bfeda38327007320bf5e990dab86bdfa1ed6507533c280409325,98,1,0,0,0,39,0,39,0,38,0,74,0,0.3854166666666667
eval-s20261013-endpoint_omission-24-19015,20261013,endpoint_omission,24,19015,ebf3db2948824dea953fc928dde06d848b53338e72c08ca34c86d812d093a58d,405,1,0,0,0,39,0,39,0,38,0,74,0,0.3854166666666667
eval-s20261013-endpoint_omission-24-19016,20261013,endpoint_omission,24,19016,7263b25bc9fd296120e80075047ea2882ae7c332da14e6c1931103a9e6493294,180,1,0,0,0,39,0,39,0,38,0,74,0,0.3854166666666667
eval-s20261013-endpoint_omission-24-19017,20261013,endpoint_omission,24,19017,135425a497cb6212dcd76b5a0b698aa1456ee5e1ea420ef5d7873be246ec7239,75,1,0,0,0,2,0,2,0,1,0,1,0,0.005208333333333333
eval-s20261013-endpoint_omission-24-19018,20261013,endpoint_omission,24,19018,6aa60d0974db11a6892ae646301f1342f1efc44b132ea0060da1a19d2ae069b9,483,1,0,0,0,10,0,10,0,9,0,19,0,0.09895833333333333
eval-s20261013-endpoint_omission-24-19019,20261013,endpoint_omission,24,19019,ae44aedfd6cf20de22a136a1c3152cc4a1e0bd186320dd52995c99140539e6ec,81,1,0,0,0,28,0,18,0,12,0,58,0,0.3020833333333333
eval-s20261013-endpoint_omission-24-19020,20261013,endpoint_omission,24,19020,c34bd6bcb461e02813ce5d0598d79e5547c058c13eb753ea6976fa75d8927ca0,66,1,0,0,0,2,0,2,0,1,0,1,0,0.005208333333333333
eval-s20261013-endpoint_omission-24-19021,20261013,endpoint_omission,24,19021,4cea173e657df51a6bb501a8f9849e2920e10fc940d518a16c9f87591ceb051c,103,1,0,0,0,96,1,57,1,57,1,192,1,1.0
eval-s20261013-endpoint_omission-24-19022,20261013,endpoint_omission,24,19022,a3bd134a5d06c4658562cf0b7263439052506d0ba7b8355ee0431df77d9a5fc6,64,1,0,0,0,0,0,0,0,0,0,0,0,0.0
eval-s20261013-endpoint_omission-24-19023,20261013,endpoint_omission,24,19023,4c9470fef9b6a44b6b008dddff61221262a88edcdf5eaf49fb95a6afbd7bf247,154,1,0,0,0,28,0,18,0,12,0,58,0,0.3020833333333333
eval-s20261013-endpoint_omission-24-19024,20261013,endpoint_omission,24,19024,33eb93f0ed53cff0a855be915163b73b46a33e96caa1ec55a074fe5868acd031,414,1,0,0,0,2,0,2,0,1,0,1,0,0.005208333333333333
eval-s20261013-endpoint_omission-24-19025,20261013,endpoint_omission,24,19025,ac004e09ddfa2bd284ecb1148e09fb87dce27eded2c6cef3fa72084d7a9a43c5,78,1,0,0,0,39,0,39,0,38,0,74,0,0.3854166666666667
eval-s20261013-endpoint_omission-24-19026,20261013,endpoint_omission,24,19026,c776a13a2cc24f4dcc9b286066d6c62187f4a6ee668602af853bd79971b51826,177,1,0,0,0,1,0,1,0,1,0,1,0,0.005208333333333333
eval-s20261013-endpoint_omission-24-19027,20261013,endpoint_omission,24,19027,a7f35077681cac47fc60b294052fc38eebc51031b4ad555818e7f181e251f6ae,211,1,0,0,0,1,0,1,0,1,0,1,0,0.005208333333333333
eval-s20261013-endpoint_omission-24-19028,20261013,endpoint_omission,24,19028,2ddc4749d0a7b726656ce5995a718dbfe50c64773e5e36ca4596d7a5674f74ce,416,1,0,0,0,40,0,27,0,24,0,83,0,0.4322916666666667
eval-s20261013-endpoint_omission-24-19029,20261013,endpoint_omission,24,19029,430bf7591e09bae75c560c7734dba7d154dd82cd7e4bc720c725567231c4bc19,162,1,0,0,0,1,0,1,0,1,0,1,0,0.005208333333333333
eval-s20261013-endpoint_omission-24-19030,20261013,endpoint_omission,24,19030,1a6ad74451cea9232f1205f9343d6ae5918f8aa48570ed206b3455042d1737bd,178,1,0,0,0,28,0,18,0,12,0,58,0,0.3020833333333333
eval-s20261013-endpoint_omission-24-19031,20261013,endpoint_omission,24,19031,87a02b76130609a49d8c34419148d358d5ab03bcc0a6ae4d9d9740e4837692f9,203,1,0,1,1,64,0,57,1,49,0,127,0,0.6614583333333334
eval-s20261013-endpoint_omission-24-19032,20261013,endpoint_omission,24,19032,d90d461836b58f09b74f7405199f6e2281d275937e17c6053576a4bc34cd723c,512,1,1,0,0,0,0,0,0,0,0,0,0,0.0
eval-s20261013-endpoint_omission-24-19033,20261013,endpoint_omission,24,19033,f663fe071c725612b5c0b861f578b6bb3fa993bf2434e8d4663c641831f89da1,273,1,0,0,0,95,0,56,0,56,0,191,0,0.9947916666666666
eval-s20261013-endpoint_omission-24-19034,20261013,endpoint_omission,24,19034,f57867c991a521002315485d5953757e3d09708b5890d85a40948f732d68948f,155,1,0,0,0,28,0,18,0,12,0,58,0,0.3020833333333333
eval-s20261013-endpoint_omission-24-19035,20261013,endpoint_omission,24,19035,9afda7550fe4c3197464b6a6296a00219fe5d7bc3e09a46cd49e53dfa8c0cb2e,419,1,0,0,0,28,0,18,0,12,0,58,0,0.3020833333333333
eval-s20261013-endpoint_omission-24-19036,20261013,endpoint_omission,24,19036,4d1a692e2d267457d2c0ca57f20eefc3dabcc8afb483c3c6014f9d725d418d04,512,1,1,0,0,2,0,1,0,1,0,1,0,0.005208333333333333
eval-s20261013-endpoint_omission-24-19037,20261013,endpoint_omission,24,19037,355952dbb2fdbcf4fc2067e9d632a348195be7c739738aa3f9ae53e0e9c1ce4e,512,1,1,0,0,0,0,0,0,0,0,0,0,0.0
eval-s20261013-endpoint_omission-24-19038,20261013,endpoint_omission,24,19038,b6030383cf40dea3c712e40e01cee308c9265a4abf2c2d953978c1b8ded10ccc,108,1,0,0,0,1,0,1,0,1,0,1,0,0.005208333333333333
eval-s20261013-endpoint_omission-24-19039,20261013,endpoint_omission,24,19039,9e7a9d4d05c74670e0f48cd33d3193778f6020595ade7e292b0818235424cc3d,231,1,0,0,0,96,1,57,1,57,1,192,1,1.0
eval-s20261013-endpoint_omission-24-19040,20261013,endpoint_omission,24,19040,edf174037324df9ab5ff12c50727005635e69b30af4d3597a1a9bdeb47b55a72,182,1,0,0,0,2,0,2,0,2,0,2,0,0.010416666666666666
eval-s20261013-endpoint_omission-24-19041,20261013,endpoint_omission,24,19041,f559bb3929ffad0b59d97fb325a7d16ef3c24eef391e8d1d4092afdfebefc12f,158,1,0,0,0,96,1,57,1,57,1,192,1,1.0
eval-s20261013-endpoint_omission-24-19042,20261013,endpoint_omission,24,19042,b15858978b7c94fd30ca06b8e5b1c0e8e50e4d27fbe0f5dca317e635f63b649d,147,1,0,0,0,0,0,0,0,0,0,0,0,0.0
eval-s20261013-endpoint_omission-24-19043,20261013,endpoint_omission,24,19043,632dc1f58c12e8fbd33f84f7c4315ba5e480ae9f18a7b57ae69b3a830d73c941,182,1,0,0,0,96,1,57,1,57,1,192,1,1.0
eval-s20261013-endpoint_omission-24-19044,20261013,endpoint_omission,24,19044,fb5fdbd78ca9d60e724625fe23415ba63e2f0b450c47e9de344736708c39047b,455,1,0,0,0,96,1,57,1,57,1,192,1,1.0
eval-s20261013-endpoint_omission-24-19045,20261013,endpoint_omission,24,19045,a8630fe7806ecc5dd081132459f10f0373d335c1b05fcaebded4788728b45823,391,1,0,0,0,96,1,57,1,57,1,192,1,1.0
eval-s20261013-endpoint_omission-24-19046,20261013,endpoint_omission,24,19046,a18f67e98db237586e5cd324b9772c2b2e33d668f6a6331a9fe4f47526e61721,455,1,0,0,0,1,0,1,0,1,0,1,0,0.005208333333333333
eval-s20261013-endpoint_omission-24-19047,20261013,endpoint_omission,24,19047,5b916d188cf509e50b411a2e929e68a4d51623c9ec21b26fac9edddf033f076a,225,1,0,0,0,96,1,57,1,57,1,192,1,1.0
eval-s20261013-endpoint_omission-24-19048,20261013,endpoint_omission,24,19048,3d87fd02b7b9a99dc4f2628b08eded5f933e07ad8023891c00079ad926b3cca9,174,1,0,0,0,1,0,1,0,1,0,1,0,0.005208333333333333
eval-s20261013-endpoint_omission-24-19049,20261013,endpoint_omission,24,19049,8fe04a2cab4e22bb0b1e0ed258f344106ef2ac7446967403d7259f6e5086489c,115,1,0,0,0,1,0,1,0,1,0,1,0,0.005208333333333333
eval-s20261013-endpoint_omission-24-19050,20261013,endpoint_omission,24,19050,63470c431822fa00601f14836cba276da1603ea06344a72848317b6cae289e23,126,1,0,0,0,1,0,1,0,1,0,1,0,0.005208333333333333
eval-s20261013-endpoint_omission-24-19051,20261013,endpoint_omission,24,19051,c9bc8b07f052e2f45d46738c2c5876ef2e3a77a490d50428b4b0c5ecd50b2b4a,310,1,0,0,0,96,1,57,1,57,1,192,1,1.0
eval-s20261013-endpoint_omission-24-19052,20261013,endpoint_omission,24,19052,d3ed95c856dcb10de28e4086413bb620204b40c575e5f6b6b2dd1b4423550a52,455,1,0,0,0,96,1,57,1,57,1,192,1,1.0
eval-s20261013-endpoint_omission-24-19053,20261013,endpoint_omission,24,19053,22ccf173939a311d63f5cfbd7be1855a0fc8d4ecff957a3b8248a48485b2c86f,512,1,1,0,0,1,0,1,0,1,0,1,0,0.005208333333333333
eval-s20261013-endpoint_omission-24-19054,20261013,endpoint_omission,24,19054,d29201eea7f4a655d28d2c59ba587d791754fec23fcbc670add61d652a6167bc,303,1,0,0,0,44,0,42,0,40,0,91,0,0.4739583333333333
eval-s20261013-endpoint_omission-24-19055,20261013,endpoint_omission,24,19055,86e4c7692b0ee8fe31f1b58416b6d7208e70363f499df6c804e4e61ccba05f83,156,1,0,0,0,39,0,39,0,38,0,74,0,0.3854166666666667
eval-s20261013-endpoint_omission-24-19056,20261013,endpoint_omission,24,19056,8e59c786f122bf168aa013c2281990ed3039fe931b35d952e1a8d81692e4dda4,160,1,0,0,0,2,0,2,0,1,0,1,0,0.005208333333333333
eval-s20261013-endpoint_omission-24-19057,20261013,endpoint_omission,24,19057,f8ae23e8c10f969c29241787043a5568be3b68a78af2d373ec7883a0fbd3080b,147,1,0,0,0,1,0,1,0,1,0,1,0,0.005208333333333333
eval-s20261013-endpoint_omission-24-19058,20261013,endpoint_omission,24,19058,ba81758fb2da2ff95f3cf17832d7ee12ba43a55bcf6cb63aa0af7236fcadd424,487,1,0,0,0,96,1,57,1,57,1,192,1,1.0
eval-s20261013-endpoint_omission-24-19059,20261013,endpoint_omission,24,19059,bfbc2aa9f1dd7ae9aae5795b8edb0095c8b414c0eee91a97b948d04ce2041e01,512,1,1,0,0,96,1,57,1,57,1,192,1,1.0
eval-s20261013-endpoint_omission-24-19060,20261013,endpoint_omission,24,19060,d124a701b8013e92f9fc0358cd6fa6f27062304a6546f4edb636e9776a0253dc,512,1,1,0,0,96,1,57,1,57,1,192,1,1.0
eval-s20261013-endpoint_omission-24-19061,20261013,endpoint_omission,24,19061,a2cb03f0db27a0fc7a285604c8795676a4e6a226a0ccd04238a18fb5cf492a28,133,1,0,0,0,2,0,2,0,1,0,1,0,0.005208333333333333
eval-s20261013-endpoint_omission-24-19062,20261013,endpoint_omission,24,19062,d876ea5fd5e28c750844b0f22ac80cdb8429155bc540ee529513bb84e379214a,512,1,1,0,0,0,0,0,0,0,0,0,0,0.0
eval-s20261013-endpoint_omission-24-19063,20261013,endpoint_omission,24,19063,e3352fd3a7f35c7400432c16eb383dbf1a1316bf1dbd0db13536b704c1aab10a,171,1,0,0,0,36,0,27,0,22,0,79,0,0.4114583333333333
eval-s20261013-endpoint_omission-24-19064,20261013,endpoint_omission,24,19064,60f507a5e4054f0a07e9d8ae214af3d47b1fd910e14d31a6a3f2720db8ebc7bd,478,1,0,0,0,0,0,0,0,0,0,0,0,0.0
eval-s20261013-endpoint_omission-24-19065,20261013,endpoint_omission,24,19065,f150ff36d519c5bd669a25e2c9a9a499a132d66a72a0e3e455c5a1741b876432,68,1,0,0,0,0,0,0,0,0,0,0,0,0.0
eval-s20261013-endpoint_omission-24-19066,20261013,endpoint_omission,24,19066,96d74b3e593ed308e8e392fe95f3cc43a903b93fce752bab1d4d81018a4c8f4d,474,1,0,0,0,1,0,1,0,1,0,1,0,0.005208333333333333
eval-s20261013-endpoint_omission-24-19067,20261013,endpoint_omission,24,19067,c17fd793014a41268c46026fe7b78383f8096351746f4e82b02155b4bb9f0c5f,83,1,0,0,0,1,0,1,0,1,0,1,0,0.005208333333333333
eval-s20261013-endpoint_omission-24-19068,20261013,endpoint_omission,24,19068,c5eaac4eed3d23852f8b69dbd1b3c0779ea2803c7d7083c3b7aae895e1888a3c,512,1,1,0,0,55,0,54,0,46,0,108,0,0.5625
eval-s20261013-endpoint_omission-24-19069,20261013,endpoint_omission,24,19069,571c8046de70e33e712a09d4de7f2e9e86da7f79ee050744da5b634fef81a282,512,1,1,0,0,28,0,18,0,12,0,58,0,0.3020833333333333
eval-s20261013-endpoint_omission-24-19070,20261013,endpoint_omission,24,19070,374e10b4f1f71b3731f65cbd6b53093d2b8a4301b72389da2089d4d1d4b9ac1f,338,1,0,0,0,28,0,18,0,12,0,58,0,0.3020833333333333
eval-s20261013-endpoint_omission-24-19071,20261013,endpoint_omission,24,19071,5cd6b82546800e38cb1b57f4e943c55f6f65f0518003b08491ada0eeeab5b94f,179,1,0,0,0,1,0,1,0,1,0,1,0,0.005208333333333333
eval-s20261013-endpoint_omission-24-19072,20261013,endpoint_omission,24,19072,cfab6378eb4a0c4988e214165af95a2f1cb6e9ca015b4bb331e1b8faedb44ace,96,1,0,0,0,1,0,1,0,1,0,1,0,0.005208333333333333
eval-s20261013-endpoint_omission-24-19073,20261013,endpoint_omission,24,19073,17436e362094e4f836091f93fe61e80d4c8af75430d1e175d88c501fb408b78f,168,1,0,0,0,96,1,57,1,57,1,192,1,1.0
eval-s20261013-endpoint_omission-24-19074,20261013,endpoint_omission,24,19074,f15afbbedd53755851d29a3947925fc2f33999bff3e091d920869f9b889fd483,126,1,0,0,0,28,0,18,0,12,0,58,0,0.3020833333333333
eval-s20261013-endpoint_omission-24-19075,20261013,endpoint_omission,24,19075,f4f82cc61ea3344cc2c995e2d534decb676798585461b0b1a502c51d62147894,348,1,0,0,0,18,0,13,0,14,0,36,0,0.1875
eval-s20261013-endpoint_omission-24-19076,20261013,endpoint_omission,24,19076,57c03f4a9ab67c4bd8e0f53fc80b6181bc10281743f9c5e524dea091b4366374,358,1,0,0,0,5,0,3,0,1,0,6,0,0.03125
eval-s20261013-endpoint_omission-24-19077,20261013,endpoint_omission,24,19077,827fc040386bbbcea8d95a003401ce2b882bfb96208463c99a8d401c0c6a8f49,95,1,0,0,0,96,1,57,1,57,1,192,1,1.0
eval-s20261013-endpoint_omission-24-19078,20261013,endpoint_omission,24,19078,1eb199ca16be66b482a686cd316991b90b314121f7da56c0a44f6d77d6435f30,130,1,0,0,0,1,0,1,0,1,0,1,0,0.005208333333333333
eval-s20261013-endpoint_omission-24-19079,20261013,endpoint_omission,24,19079,e133cf539723e145af9ae5f66310375f97878e2d39708dcae9f022772f927e46,63,1,0,0,0,0,0,0,0,0,0,0,0,0.0
eval-s20261013-endpoint_omission-24-19080,20261013,endpoint_omission,24,19080,21a375023e289a088808afd69137739074afba510619649dcd0d98e7ede53621,463,1,0,1,1,64,0,57,1,49,0,127,0,0.6614583333333334
eval-s20261013-endpoint_omission-24-19081,20261013,endpoint_omission,24,19081,261281a88be7d9ed3fa829356ee3bcfc36230ba63a489ffb10313211bc188c1f,423,1,0,0,0,75,0,53,0,53,0,151,0,0.7864583333333334
eval-s20261013-endpoint_omission-24-19082,20261013,endpoint_omission,24,19082,2a4870a043f137383df653e9823294f362373e5437699043b289e62932522ef7,181,1,0,0,0,96,1,57,1,57,1,192,1,1.0
eval-s20261013-endpoint_omission-24-19083,20261013,endpoint_omission,24,19083,a63794ed0afddfeebe8bbeabd48a37f868ef0faea56cf7d2cd2b7fae4e955aed,217,1,0,1,1,64,0,57,1,49,0,127,0,0.6614583333333334
eval-s20261013-endpoint_omission-24-19084,20261013,endpoint_omission,24,19084,7acad89fff68e5b5b102403277906c79ebc5fdf2ae270644d4efd464fa127216,338,1,0,0,0,1,0,1,0,1,0,1,0,0.005208333333333333
eval-s20261013-endpoint_omission-24-19085,20261013,endpoint_omission,24,19085,ea0aebc09d3d16ad94348c358d1073264dfd836ea26bb3eafae13508ef549f47,162,1,0,0,0,96,1,57,1,57,1,192,1,1.0
eval-s20261013-endpoint_omission-24-19086,20261013,endpoint_omission,24,19086,2f239cf3448ade1e43f6a423fdabc0b136159fd2880253e9e52beedbda2cc74f,512,1,1,0,0,0,0,0,0,0,0,0,0,0.0
eval-s20261013-endpoint_omission-24-19087,20261013,endpoint_omission,24,19087,ca61654261eb8d170486f95bf7e1e05ddf700896b24c3e3d801c424f587b5741,105,1,0,1,1,64,0,57,1,49,0,127,0,0.6614583333333334
eval-s20261013-endpoint_omission-24-19088,20261013,endpoint_omission,24,19088,ad55f1c226b260fa7e89f9be6c7f2a0accec697fae8b5ae757b8e704d5e56021,155,1,0,0,0,71,0,53,0,53,0,139,0,0.7239583333333334
eval-s20261013-endpoint_omission-24-19089,20261013,endpoint_omission,24,19089,c02b497c584e90b82c8b854738478d9c1c59641c0bbb6fb09613102ba07afa55,100,1,0,0,0,5,0,3,0,1,0,6,0,0.03125
eval-s20261013-endpoint_omission-24-19090,20261013,endpoint_omission,24,19090,419579a0d285a223182e1af8d71c8a1634b1673065be1547893a5e2cea519366,196,1,0,0,0,28,0,18,0,12,0,58,0,0.3020833333333333
eval-s20261013-endpoint_omission-24-19091,20261013,endpoint_omission,24,19091,ea19f3647800d05de9dd190b919a0c32a92c2d6af7139d081a6a2ce2f04a31db,506,1,0,0,0,0,0,0,0,0,0,0,0,0.0
eval-s20261013-endpoint_omission-24-19092,20261013,endpoint_omission,24,19092,34542269557367f8372d8e3ba8803b93e81b6ad37bce261cd408318cf996cb48,169,1,0,0,0,60,0,43,0,37,0,118,0,0.6145833333333334
eval-s20261013-endpoint_omission-24-19093,20261013,endpoint_omission,24,19093,792809e39e6354e3acbbce463e9e72f8db1efb4e78e751f264f13a6b36041860,210,1,0,0,0,18,0,12,0,12,0,34,0,0.17708333333333334
eval-s20261013-endpoint_omission-24-19094,20261013,endpoint_omission,24,19094,f604989d5e2e4743b86655223206f85192a63ef4f539d7819cc6e2639bd677b5,487,1,0,0,0,0,0,0,0,0,0,0,0,0.0
eval-s20261013-endpoint_omission-24-19095,20261013,endpoint_omission,24,19095,3da9f801c24f2c3e8e97040cf3138ed47da09c3eb5429e7379d28f463aadf214,138,1,0,0,0,0,0,0,0,0,0,0,0,0.0
eval-s20261013-endpoint_omission-24-19096,20261013,endpoint_omission,24,19096,421e41cdf64174123aa40eba5b6dd887e49a6ba2f29db8700b89dd061d4a5eaa,255,1,0,0,0,1,0,1,0,1,0,1,0,0.005208333333333333
eval-s20261013-endpoint_omission-24-19097,20261013,endpoint_omission,24,19097,a8b854e9d9327ea9a0c72197c3c1240c3c36a3fd5c8a1a84681ac27e4b61b931,110,1,0,0,0,76,0,54,0,54,0,154,0,0.8020833333333334
eval-s20261013-endpoint_omission-24-19098,20261013,endpoint_omission,24,19098,d40d80bf17fac00cf8b51dc152209bca5daa122247c72d4648405f8dd63fa570,184,1,0,0,0,96,1,57,1,57,1,192,1,1.0
eval-s20261013-endpoint_omission-24-19099,20261013,endpoint_omission,24,19099,38b1f49f20797dd8d5940cd90f7625c23c83f0174be8cae4b738bf43a7ffec77,345,1,0,0,0,96,1,57,1,57,1,192,1,1.0
eval-s20261013-endpoint_omission-24-19100,20261013,endpoint_omission,24,19100,d5aa72313eefbc71f782f567344cdd34426878c57107ec65ff5e1aa235130f18,127,1,0,0,0,2,0,2,0,1,0,1,0,0.005208333333333333
eval-s20261013-endpoint_omission-24-19101,20261013,endpoint_omission,24,19101,da0477176abcb8e3b004fe8f37695ff75670e8d2f2bec14c91f5ca91ab893086,262,1,0,0,0,96,1,57,1,57,1,192,1,1.0
eval-s20261013-endpoint_omission-24-19102,20261013,endpoint_omission,24,19102,c9da21cd6242b476c7a158564f3cd22f4a296e1c61adc576276c6636679ad250,405,1,0,0,0,1,0,1,0,1,0,1,0,0.005208333333333333
eval-s20261013-endpoint_omission-24-19103,20261013,endpoint_omission,24,19103,650a5ef273b157f2c40e041b557c9a4d61ad322e37bfe9f7c10493384baef7e0,101,1,0,0,0,96,1,57,1,57,1,192,1,1.0
eval-s20261013-endpoint_omission-24-19104,20261013,endpoint_omission,24,19104,1e5b84a6a9bb45fc94cdb6a7b61cf53b379c93676b06f354aecc713f38ed7b9b,111,1,0,0,0,72,0,49,0,49,0,146,0,0.7604166666666666
eval-s20261013-endpoint_omission-24-19105,20261013,endpoint_omission,24,19105,9aabee7c0cd86122b8c418c06504bb4ed0d2495b8f0df311e72afcf06427c873,395,1,0,0,0,2,0,2,0,1,0,1,0,0.005208333333333333
eval-s20261013-endpoint_omission-24-19106,20261013,endpoint_omission,24,19106,0fe991fe1f7635aa92046facaa5aa70f7c562d09e7e5aebbdd5408444ab6931b,360,1,0,0,0,96,1,57,1,57,1,192,1,1.0
eval-s20261013-endpoint_omission-24-19107,20261013,endpoint_omission,24,19107,60460044cd5dc6a9e6840ad94f9d2a263bff73efd2c7d4604c5c3dae86f103a1,449,1,0,0,0,0,0,0,0,0,0,0,0,0.0
eval-s20261013-endpoint_omission-24-19108,20261013,endpoint_omission,24,19108,2b718c961deaf5f6524646f03caee341e47bd37cea9e6e1301f299fc725fdc6f,147,1,0,0,0,95,0,56,0,56,0,191,0,0.9947916666666666
eval-s20261013-endpoint_omission-24-19109,20261013,endpoint_omission,24,19109,09ca042a3c44abe8b2cd0426aa30c3569c29d98d789e24bd43025eb00c77bbde,107,1,0,0,0,96,1,57,1,57,1,192,1,1.0
eval-s20261013-endpoint_omission-24-19110,20261013,endpoint_omission,24,19110,ee135b05decd07cd9627500f3d3b968200c3df5e736eda77f4505c3e83eb4862,208,1,0,0,0,96,1,57,1,57,1,192,1,1.0
eval-s20261013-endpoint_omission-24-19111,20261013,endpoint_omission,24,19111,b7bc682aae41288c7d768d80938ec030cb44c3f313a2e1594d393bcc35907e0a,496,1,0,0,0,43,0,27,0,27,0,89,0,0.4635416666666667
eval-s20261013-endpoint_omission-24-19112,20261013,endpoint_omission,24,19112,7cb33043df42e97a97900f6ee70390e71d0abf81cefd695bcecda6364479d778,145,1,0,0,0,1,0,1,0,1,0,1,0,0.005208333333333333
eval-s20261013-endpoint_omission-24-19113,20261013,endpoint_omission,24,19113,18b37115e8ef35faf9610e22935ecb06445f5dd1ebf80fa419a1cdb99501cc9c,130,1,0,0,0,39,0,39,0,38,0,74,0,0.3854166666666667
eval-s20261013-endpoint_omission-24-19114,20261013,endpoint_omission,24,19114,5b1ac0d1429286fa2627f24f278aab4c66cf7062f4e127d5363af51e17d94b9f,512,0,1,0,0,0,0,0,0,0,0,0,0,0.0
eval-s20261013-endpoint_omission-24-19115,20261013,endpoint_omission,24,19115,65f970ba99f499206f10b0d440c0a7ca0c6c66cab2a3bb636766e0df0ab8d503,495,1,0,0,0,1,0,1,0,1,0,1,0,0.005208333333333333
eval-s20261013-endpoint_omission-24-19116,20261013,endpoint_omission,24,19116,8b709275ec95348154479403df93dd0dd8bc94d058dfe437d6aa9de528d06f2a,135,1,0,0,0,1,0,1,0,1,0,1,0,0.005208333333333333
eval-s20261013-endpoint_omission-24-19117,20261013,endpoint_omission,24,19117,109edbcb3f98ae02e6acb57726442e8a1a29f1e387ded0d409d603a32268b1f5,215,1,0,0,0,1,0,1,0,1,0,1,0,0.005208333333333333
eval-s20261013-endpoint_omission-24-19118,20261013,endpoint_omission,24,19118,a62e123081da2fc05bcc8907bd2f439afb205d15beeff41ae3fb741c7a29f2af,198,1,0,0,0,1,0,1,0,1,0,1,0,0.005208333333333333
eval-s20261013-endpoint_omission-24-19119,20261013,endpoint_omission,24,19119,bc7a578d4da8417de716d099b9672a54b2f8a803c90c0a0e1896e7c62fca0755,263,1,0,0,0,0,0,0,0,0,0,0,0,0.0
eval-s20261013-endpoint_omission-24-19120,20261013,endpoint_omission,24,19120,463792abb2078343ba233e9b106b98586e1931364535ec5a3a51a79b0ce9f3b2,444,1,0,0,0,96,1,57,1,57,1,192,1,1.0
eval-s20261013-endpoint_omission-24-19121,20261013,endpoint_omission,24,19121,9fe2c94cecf85476caf7042663602276ea6e92f45950948fc691e78ffb19597c,300,1,0,0,0,0,0,0,0,0,0,0,0,0.0
eval-s20261013-endpoint_omission-24-19122,20261013,endpoint_omission,24,19122,846b9a2b33ebbd2a76fc64600e6bb3c083e65b1bf6dabfab5ad6bd7707e6a67e,512,1,1,0,0,96,1,57,1,57,1,192,1,1.0
eval-s20261013-endpoint_omission-24-19123,20261013,endpoint_omission,24,19123,005ef3d521625c1ab433e0a19cc985ddda1c6a2df2f40ee1828a2b3b139df843,120,1,0,0,0,36,0,27,0,22,0,79,0,0.4114583333333333
eval-s20261013-endpoint_omission-24-19124,20261013,endpoint_omission,24,19124,04a04b64489dfc683ad0bfa7643bde0968b5f15c9058fbd6d66793af3b0863d8,91,1,0,0,0,0,0,0,0,0,0,0,0,0.0
eval-s20261013-endpoint_omission-24-19125,20261013,endpoint_omission,24,19125,389759b93aff20e659dce112ca3b80696ab9354bd01c755d58e99400aec9d8d1,168,0,0,0,0,0,0,0,0,0,0,0,0,0.0
eval-s20261013-endpoint_omission-24-19126,20261013,endpoint_omission,24,19126,8cd8bb401bd17f0ea780fe0e6057e283be190a4e211dd506ae472e85e00bc741,266,1,0,0,0,36,0,27,0,22,0,79,0,0.4114583333333333
eval-s20261013-endpoint_omission-24-19127,20261013,endpoint_omission,24,19127,32ba07f26b600032f762a4bef47eab4d3efb180c713ffb57714279220b5b448f,98,1,0,0,0,96,1,57,1,57,1,192,1,1.0
eval-s20261013-reference-12-19000,20261013,reference,12,19000,982b4ae50b7b2877782982615d261c53381b9d585fdc5c8040ac18c1be77e63a,426,1,0,0,0,96,1,57,1,57,1,192,1,1.0
eval-s20261013-reference-12-19001,20261013,reference,12,19001,8ab1fc7bf3f42730546882490e5aa5b6fb0eb7790fccbd85e96844f0f085a7a1,311,1,0,0,0,1,0,1,0,1,0,1,0,0.005208333333333333
eval-s20261013-reference-12-19002,20261013,reference,12,19002,4a595787dcb07a7afe376b163ecc61e37b1aa6e70235ac6f6fb7eef0162d1276,511,1,0,0,0,1,0,1,0,1,0,1,0,0.005208333333333333
eval-s20261013-reference-12-19003,20261013,reference,12,19003,f93a865819cc4b9413bda70fbfe9346c91bbc8b0a7ef9cfdd5e65809452d6e23,361,1,0,0,0,96,1,57,1,57,1,192,1,1.0
eval-s20261013-reference-12-19004,20261013,reference,12,19004,4f1dcee368462cb7e42ddddb58460850c149ffa2b5348652db2ec88de75d4b30,186,1,0,0,0,96,1,57,1,57,1,192,1,1.0
eval-s20261013-reference-12-19005,20261013,reference,12,19005,75f3ae029bff964b663299c6e298f7160b6dad23681d0db14b3ec419fc0fcacb,171,1,0,0,0,39,0,39,0,38,0,74,0,0.3854166666666667
eval-s20261013-reference-12-19006,20261013,reference,12,19006,b6f87e5a946499618e9d89042acdfc6019fefbd9699fe7e67f181e13bfd6ee48,188,1,0,0,0,0,0,0,0,0,0,0,0,0.0
eval-s20261013-reference-12-19007,20261013,reference,12,19007,f9a4ffc50f127332334bab3c9738fe99bf58bf6b7b8c46caacee318cea283dd1,292,1,0,0,0,12,0,4,0,8,0,23,0,0.11979166666666667
eval-s20261013-reference-12-19008,20261013,reference,12,19008,1ac0b671a4571169326624a870c56ae17b81bda14de309b835b9cfbb17e2f896,302,1,0,0,0,39,0,39,0,38,0,74,0,0.3854166666666667
eval-s20261013-reference-12-19009,20261013,reference,12,19009,3f21751674094063442d58b528a726db4008c9f02375425d1d39cefe3344971f,133,1,0,0,0,70,0,53,0,53,0,139,0,0.7239583333333334
eval-s20261013-reference-12-19010,20261013,reference,12,19010,8bdd682392fda763aaa21362e13a4b35e59f08e23c99049deca40e075274553d,370,1,0,0,0,0,0,0,0,0,0,0,0,0.0
eval-s20261013-reference-12-19011,20261013,reference,12,19011,0510d66631477326e807f4327dbb08ddf681dfb776a9e00f49b1340c597b2bad,501,1,0,0,0,96,1,57,1,57,1,192,1,1.0
eval-s20261013-reference-12-19012,20261013,reference,12,19012,956fb22b94acfdf912deb2b6189a8492f47645b901b06a611996588a3ab68f07,512,1,1,0,0,49,0,48,0,40,0,96,0,0.5
eval-s20261013-reference-12-19013,20261013,reference,12,19013,76f3bb568b90b5a2d11da2a419ef408bf42282ac2cab2283a6c297df07888bf3,184,1,0,0,0,72,0,54,0,54,0,141,0,0.734375
eval-s20261013-reference-12-19014,20261013,reference,12,19014,f15cdd2dde5d46c290b5de4cef268ac2923520783f1983b5990ae123c59ea8c9,98,1,0,0,0,39,0,39,0,38,0,74,0,0.3854166666666667
eval-s20261013-reference-12-19015,20261013,reference,12,19015,80b6636129f8c2a0612465052190697fc58cbd235461b39f18192e460d6eea40,512,1,1,0,0,0,0,0,0,0,0,0,0,0.0
eval-s20261013-reference-12-19016,20261013,reference,12,19016,9fcf3002e89b6a58ce1564dcb373e38f060eb6533aa8a48e029040b9a15db130,181,1,0,0,0,2,0,2,0,1,0,1,0,0.005208333333333333
eval-s20261013-reference-12-19017,20261013,reference,12,19017,135425a497cb6212dcd76b5a0b698aa1456ee5e1ea420ef5d7873be246ec7239,75,1,0,0,0,2,0,2,0,1,0,1,0,0.005208333333333333
eval-s20261013-reference-12-19018,20261013,reference,12,19018,5141d0286233bd0b13bebe3c2b21ddd514af7429f8ff907daf6c12b79b002040,221,1,0,0,0,28,0,18,0,12,0,58,0,0.3020833333333333
eval-s20261013-reference-12-19019,20261013,reference,12,19019,a0e1fe1b3692deb9873c79bea7a9a8dea6861744c51adc4b3cd3430ada8a4164,146,1,0,0,0,0,0,0,0,0,0,0,0,0.0
eval-s20261013-reference-12-19020,20261013,reference,12,19020,79a9766ee2bc06499e3f1bdcd6a08af45a294e23bce646972aefab203240ded3,150,1,0,0,0,2,0,2,0,1,0,1,0,0.005208333333333333
eval-s20261013-reference-12-19021,20261013,reference,12,19021,d6297e79f217e20c43baa652536e106fad38f7a96124199942a504fb1a0f01cd,93,1,0,0,0,96,1,57,1,57,1,192,1,1.0
eval-s20261013-reference-12-19022,20261013,reference,12,19022,74da2a445d5edc13ecfa69aaf1badf62eccb76188e20b9bb32b3825d5ad25a45,181,1,0,0,0,1,0,1,0,1,0,1,0,0.005208333333333333
eval-s20261013-reference-12-19023,20261013,reference,12,19023,9bb49497bbe63e07a05800d2ddc109171cc57df7ea1864d77c6aad504d5672c7,198,1,0,0,0,39,0,39,0,38,0,74,0,0.3854166666666667
eval-s20261013-reference-12-19024,20261013,reference,12,19024,c70ccfce6970912a3c0bb270d644b6dbc6708664dd087e160d1ffa874babd14f,512,1,1,0,0,0,0,0,0,0,0,0,0,0.0
eval-s20261013-reference-12-19025,20261013,reference,12,19025,c8d64ca523e81cc404adebd70a45867e4357432f548c668d63fa9b4e71b9c667,162,1,0,0,0,39,0,39,0,38,0,74,0,0.3854166666666667
eval-s20261013-reference-12-19026,20261013,reference,12,19026,4d5b5b89161442599a278b8dfebf854208d3e0af905a1d123952672619df57f1,178,1,0,0,0,1,0,1,0,1,0,1,0,0.005208333333333333
eval-s20261013-reference-12-19027,20261013,reference,12,19027,a8e85d893aa40c4d28a4cfd890f0689adf065e44533b987f97d88532b44bff84,451,1,0,0,0,96,1,57,1,57,1,192,1,1.0
eval-s20261013-reference-12-19028,20261013,reference,12,19028,4d240bc48b9e992f84ba83f5deb59ab59c7807a0ae3082f4b187a7bf87c890c4,455,1,0,0,0,46,0,42,0,43,0,96,0,0.5
eval-s20261013-reference-12-19029,20261013,reference,12,19029,784a11972fcc31f4e8c1e80f5e761b641d0a20e791d723c1c78bfa04d0cbc872,365,1,0,0,0,0,0,0,0,0,0,0,0,0.0
eval-s20261013-reference-12-19030,20261013,reference,12,19030,90f630f22bde4942be7a6f95154b61fe94f9861eee5b3fd58c7d82915fcb5523,117,1,0,0,0,1,0,1,0,1,0,1,0,0.005208333333333333
eval-s20261013-reference-12-19031,20261013,reference,12,19031,e00cb2713a0175919bd679ac674fb65064010677da5ad277cff7ae2d098103de,151,1,0,0,0,1,0,1,0,1,0,1,0,0.005208333333333333
eval-s20261013-reference-24-19000,20261013,reference,24,19000,3700213c7e4de341a60b085a362d58377b1a2123e3fc8bcbeac77051be1354a7,447,1,0,0,0,1,0,1,0,1,0,1,0,0.005208333333333333
eval-s20261013-reference-24-19001,20261013,reference,24,19001,52037713fff4ecb1ec87edb9cf4ee7393db69b16720b3d81c904f9bb8ca450f2,156,1,0,0,0,36,0,27,0,22,0,79,0,0.4114583333333333
eval-s20261013-reference-24-19002,20261013,reference,24,19002,fd3f1f57199d060c6ad8ae6f83a106bb2b76cab0a2202a0a0f36a93897b81165,512,1,1,0,0,14,0,12,0,12,0,29,0,0.15104166666666666
eval-s20261013-reference-24-19003,20261013,reference,24,19003,6a16fb7901b20069058539d677d063ab3938cd32e4025ab8c688dd98d55b99f1,326,1,0,0,0,28,0,18,0,12,0,58,0,0.3020833333333333
eval-s20261013-reference-24-19004,20261013,reference,24,19004,4f1dcee368462cb7e42ddddb58460850c149ffa2b5348652db2ec88de75d4b30,186,1,0,0,0,96,1,57,1,57,1,192,1,1.0
eval-s20261013-reference-24-19005,20261013,reference,24,19005,655e12e9250b9972da926169eaf3cd7f1e4084294a3f71443f91b440eeec112a,120,1,0,0,0,96,1,57,1,57,1,192,1,1.0
eval-s20261013-reference-24-19006,20261013,reference,24,19006,c64d2587e72cf1a9e0e1f3bc30c1aa3564dac7e2ea9e2cbedbbd6a23bbadb050,153,1,0,0,0,96,1,57,1,57,1,192,1,1.0
eval-s20261013-reference-24-19007,20261013,reference,24,19007,0213d74acaabd1bc1bec877f0fa9afaa2a34dde184db23791d94fc3217bf689d,268,1,0,0,0,1,0,1,0,1,0,1,0,0.005208333333333333
eval-s20261013-reference-24-19008,20261013,reference,24,19008,f263a3808c855aa0a097faa5b8fad2675b8a6d7b4eabf87e1293b5cd7f60f3cf,221,1,0,0,0,28,0,18,0,12,0,58,0,0.3020833333333333
eval-s20261013-reference-24-19009,20261013,reference,24,19009,639bad759cfeee8bd2f7fa7758f60b11e3f23d50d6719bd8651ee5f32eba96aa,152,1,0,0,0,73,0,50,0,50,0,146,0,0.7604166666666666
eval-s20261013-reference-24-19010,20261013,reference,24,19010,9a365b66e8703e59ccee05e28fc1b79ff5ddb22656c71b954537612d88fed5d2,379,1,0,0,0,27,0,17,0,11,0,57,0,0.296875
eval-s20261013-reference-24-19011,20261013,reference,24,19011,673528cc990fd33207a43cc8592b866a6fd0861634a69e4d0f5b1ecefc0f53cc,400,1,0,0,0,28,0,18,0,12,0,58,0,0.3020833333333333
eval-s20261013-reference-24-19012,20261013,reference,24,19012,59a2476f2ec098f5a648a29737855c4f84291c05a411e304e7e7e72492ba937c,229,1,0,0,0,73,0,50,0,50,0,146,0,0.7604166666666666
eval-s20261013-reference-24-19013,20261013,reference,24,19013,76f3bb568b90b5a2d11da2a419ef408bf42282ac2cab2283a6c297df07888bf3,184,1,0,0,0,72,0,54,0,54,0,141,0,0.734375
eval-s20261013-reference-24-19014,20261013,reference,24,19014,7448dde1ef7b5e283bf37285d2e58639b731c40b44b9f90c002aa60f586d761e,410,1,0,0,0,14,0,13,0,13,0,24,0,0.125
eval-s20261013-reference-24-19015,20261013,reference,24,19015,b4de7e7fba16acb4ced838351f985e0eac48ec7c0aff0372d8d9580795b506b2,507,1,0,0,0,96,1,57,1,57,1,192,1,1.0
eval-s20261013-reference-24-19016,20261013,reference,24,19016,9fcf3002e89b6a58ce1564dcb373e38f060eb6533aa8a48e029040b9a15db130,165,1,0,0,0,2,0,2,0,1,0,1,0,0.005208333333333333
eval-s20261013-reference-24-19017,20261013,reference,24,19017,531bc0be1d51547bf9b4ddecae7113378dd924c7dbca2e0258cee7678039bf5b,76,1,0,0,0,2,0,2,0,1,0,1,0,0.005208333333333333
eval-s20261013-reference-24-19018,20261013,reference,24,19018,5141d0286233bd0b13bebe3c2b21ddd514af7429f8ff907daf6c12b79b002040,138,1,0,0,0,28,0,18,0,12,0,58,0,0.3020833333333333
eval-s20261013-reference-24-19019,20261013,reference,24,19019,2bd55d2352095534ad8ba2824287fcdc12c2252c25876a8e663433dad5f9cf88,225,1,0,0,0,43,0,39,0,42,0,88,0,0.4583333333333333
eval-s20261013-reference-24-19020,20261013,reference,24,19020,4d01cb7bf379a6663d958795fed56ca2da67df0e8c8cdc61ad4760948f1f5d45,180,1,0,0,0,2,0,2,0,1,0,1,0,0.005208333333333333
eval-s20261013-reference-24-19021,20261013,reference,24,19021,d6297e79f217e20c43baa652536e106fad38f7a96124199942a504fb1a0f01cd,93,1,0,0,0,96,1,57,1,57,1,192,1,1.0
eval-s20261013-reference-24-19022,20261013,reference,24,19022,74da2a445d5edc13ecfa69aaf1badf62eccb76188e20b9bb32b3825d5ad25a45,181,1,0,0,0,1,0,1,0,1,0,1,0,0.005208333333333333
eval-s20261013-reference-24-19023,20261013,reference,24,19023,4c9470fef9b6a44b6b008dddff61221262a88edcdf5eaf49fb95a6afbd7bf247,158,1,0,0,0,28,0,18,0,12,0,58,0,0.3020833333333333
eval-s20261013-reference-24-19024,20261013,reference,24,19024,3381eeca448190bda1b6bbace0b5f9d7787c3402469156cd14e3cb112b4cd09b,512,1,1,0,0,39,0,39,0,38,0,74,0,0.3854166666666667
eval-s20261013-reference-24-19025,20261013,reference,24,19025,c8d64ca523e81cc404adebd70a45867e4357432f548c668d63fa9b4e71b9c667,162,1,0,0,0,39,0,39,0,38,0,74,0,0.3854166666666667
eval-s20261013-reference-24-19026,20261013,reference,24,19026,4d5b5b89161442599a278b8dfebf854208d3e0af905a1d123952672619df57f1,178,1,0,0,0,1,0,1,0,1,0,1,0,0.005208333333333333
eval-s20261013-reference-24-19027,20261013,reference,24,19027,801a2249359fc436d721034db1adf339cae6899f12a50f3b28d453fb6c2e2b82,217,1,0,0,0,72,0,54,0,54,0,141,0,0.734375
eval-s20261013-reference-24-19028,20261013,reference,24,19028,a127823d264eea58fba3b0b82520482acdff97fb6639fb39c32614a7d3d16661,512,1,1,0,0,1,0,1,0,1,0,1,0,0.005208333333333333
eval-s20261013-reference-24-19029,20261013,reference,24,19029,907752b2f8ff08681551b67de34296ef6daaaadf0d8890cd0d0f43303d7edc90,353,1,0,0,0,1,0,1,0,1,0,1,0,0.005208333333333333
eval-s20261013-reference-24-19030,20261013,reference,24,19030,b5b588cf09c92b64017690156f91a78b8edddb6ab22651b198940613fa7eb8f7,150,1,0,0,0,10,0,10,0,9,0,19,0,0.09895833333333333
eval-s20261013-reference-24-19031,20261013,reference,24,19031,b13aeeab8f1e60e010ee94a8ad256d5a40a7ac880cd32e9f24b74bc55c422082,307,1,0,0,0,39,0,39,0,38,0,74,0,0.3854166666666667
eval-s20261013-reference-24-19032,20261013,reference,24,19032,99c74a49939278faa0d778e9ec265901b769abf85d142a788c752face9df18ec,206,1,0,0,0,1,0,1,0,1,0,1,0,0.005208333333333333
eval-s20261013-reference-24-19033,20261013,reference,24,19033,2bd8937dc13a48d64d8f92fe6b7a8b82495f02790d27bd95dac2d3cf82d7f7cb,263,1,0,0,0,36,0,27,0,22,0,79,0,0.4114583333333333
eval-s20261013-reference-24-19034,20261013,reference,24,19034,efc3fdb26e0cab550efb94d73e653242c56f30f035089307d086416a5b75c4fb,161,1,0,0,0,28,0,18,0,12,0,58,0,0.3020833333333333
eval-s20261013-reference-24-19035,20261013,reference,24,19035,4daafa55a5ddb4423bb72479d990e0dc38f07ccd2c4a2dedcf48e237cc14255c,460,1,0,0,0,1,0,1,0,1,0,1,0,0.005208333333333333
eval-s20261013-reference-24-19036,20261013,reference,24,19036,67a29eee5821b038a1c284f11208487ced5d64fccba76a8b5d74ca2745fb742f,402,1,0,0,0,0,0,0,0,0,0,0,0,0.0
eval-s20261013-reference-24-19037,20261013,reference,24,19037,39de40b717918ab5b652790249af48531bd257ffa93f0c17c378a08aff79af18,512,1,1,0,0,0,0,0,0,0,0,0,0,0.0
eval-s20261013-reference-24-19038,20261013,reference,24,19038,b748db0b8bc478932e345b5bccb06d45d32a9a7e5083f19de0022d107384a85e,104,1,0,0,0,12,0,4,0,8,0,25,0,0.13020833333333334
eval-s20261013-reference-24-19039,20261013,reference,24,19039,94bfa049c663aef2bcf555524df091fa0f0f217658146522e947fde618ee197c,97,1,0,0,0,72,0,54,0,54,0,141,0,0.734375
eval-s20261013-reference-24-19040,20261013,reference,24,19040,f43f2c013b5b70dbbe17e17df3f9345438e99b30dd3bdd0326a75b8c5cce3f37,435,1,0,0,0,39,0,39,0,38,0,74,0,0.3854166666666667
eval-s20261013-reference-24-19041,20261013,reference,24,19041,6af679ede254329427c8ac238c8019022c6a105f9e600328236ad5b29d7bc05c,162,1,0,0,0,96,1,57,1,57,1,192,1,1.0
eval-s20261013-reference-24-19042,20261013,reference,24,19042,e0159f4c8345e09029abbf71114a66dc73dc6d49bb5c3ef58d4e9867f6e55119,248,1,0,0,1,72,0,57,1,50,0,145,0,0.7552083333333334
eval-s20261013-reference-24-19043,20261013,reference,24,19043,60a9cca8f6a480ed799a292db11bca22f45de96e23a552b5aec817a8a82cf0d2,174,1,0,0,0,2,0,2,0,1,0,1,0,0.005208333333333333
eval-s20261013-reference-24-19044,20261013,reference,24,19044,42b3063868f900679df3adcd561a1f370b289aa1ef3d04f3fe481fec8599e3eb,364,1,0,0,0,39,0,39,0,38,0,74,0,0.3854166666666667
eval-s20261013-reference-24-19045,20261013,reference,24,19045,3b6cc95c7518b2a6f4ea1e408adf161d3e40d125b5d99691d5ccd00fef3c0af8,512,1,1,0,0,0,0,0,0,0,0,0,0,0.0
eval-s20261013-reference-24-19046,20261013,reference,24,19046,3472f823fabef1e39b08246d35af6b2fcae9fdcf3b23d34e7363a5772e9c7be2,450,1,0,0,0,96,1,57,1,57,1,192,1,1.0
eval-s20261013-reference-24-19047,20261013,reference,24,19047,4e81d03566f3109872a72437c4d83ca21cd00f57850d9894f2a14ff8eecf90e8,95,1,0,0,0,39,0,39,0,38,0,74,0,0.3854166666666667
eval-s20261013-reference-24-19048,20261013,reference,24,19048,5ac9a9ab79b3bff5b18634c373b4d0948c7338c79d660efe6a68cde79e99770a,175,1,0,0,0,40,0,27,0,24,0,83,0,0.4322916666666667
eval-s20261013-reference-24-19049,20261013,reference,24,19049,da5644e6f5f49181db35bf30ac2df14e7f516a8b6a2c35009b715d9a60a0ab38,127,1,0,0,0,64,0,39,0,46,0,124,0,0.6458333333333334
eval-s20261013-reference-24-19050,20261013,reference,24,19050,0df5e375a55bef2689a623b202676b607975539794d0e6b4990005e12caf1c9b,306,1,0,0,0,1,0,1,0,1,0,1,0,0.005208333333333333
eval-s20261013-reference-24-19051,20261013,reference,24,19051,c9bc8b07f052e2f45d46738c2c5876ef2e3a77a490d50428b4b0c5ecd50b2b4a,310,1,0,0,0,96,1,57,1,57,1,192,1,1.0
eval-s20261013-reference-24-19052,20261013,reference,24,19052,5b1ac0d1429286fa2627f24f278aab4c66cf7062f4e127d5363af51e17d94b9f,512,0,1,0,0,0,0,0,0,0,0,0,0,0.0
eval-s20261013-reference-24-19053,20261013,reference,24,19053,2a3aca2fa2db2c57d68e55945a915a7eb5c94b7ba2625d0d56fdcd814b49a294,391,1,0,0,0,96,1,57,1,57,1,192,1,1.0
eval-s20261013-reference-24-19054,20261013,reference,24,19054,0765e5ea8e3c5cd57e7a7b4a12b6a62b2a21da99a2fe289b8a7e03de54df5a60,246,1,0,0,0,5,0,3,0,1,0,6,0,0.03125
eval-s20261013-reference-24-19055,20261013,reference,24,19055,240bee89f61c33fa82c0126930aa29dc5674b2b54a6c056d1ea5b8e274e3a468,151,1,0,0,0,1,0,1,0,1,0,1,0,0.005208333333333333
eval-s20261013-reference-24-19056,20261013,reference,24,19056,5996524d6ea3c2924791397a7915c550003aed6e8b84acc6284a553b789e0ded,117,1,0,0,0,23,0,13,0,14,0,42,0,0.21875
eval-s20261013-reference-24-19057,20261013,reference,24,19057,76e26f9ba89299ba0e01384a7a6c1f32e3284e6f92194753314437c63fcdf60e,211,1,0,0,0,1,0,1,0,1,0,1,0,0.005208333333333333
eval-s20261013-reference-24-19058,20261013,reference,24,19058,72a6215f51613d283125028b61215641c27cc8299c7cf030d44413d78acfd83f,436,1,0,0,0,72,0,54,0,54,0,141,0,0.734375
eval-s20261013-reference-24-19059,20261013,reference,24,19059,c9b38a37d9577ca75a3998c6d54d4cde9eb0d6d80c5279b11e043a40696d3f7d,512,1,1,0,0,96,1,57,1,57,1,192,1,1.0
eval-s20261013-reference-24-19060,20261013,reference,24,19060,95f4cd9ada5368298a5d7a41e368b6716cd1d26f69f645bab2e9f46f67a1e0ce,465,1,0,0,0,28,0,18,0,12,0,58,0,0.3020833333333333
eval-s20261013-reference-24-19061,20261013,reference,24,19061,fb7936d094af5a8344a14f6425f03a66c85f91d4366c7f5a702caa265dda8aa4,292,1,0,0,0,96,1,57,1,57,1,192,1,1.0
eval-s20261013-reference-24-19062,20261013,reference,24,19062,992ce9fc0258492acd15b28b3c0e382b770f088d4645d28b6328ce7656ad4ead,455,1,0,0,0,1,0,1,0,1,0,1,0,0.005208333333333333
eval-s20261013-reference-24-19063,20261013,reference,24,19063,e4e2853dd95732587cc7c80670d30c4a1fbd82c2031d3e4cf2505bb0d73f2e05,244,1,0,0,0,74,0,54,0,51,0,151,0,0.7864583333333334
eval-s20261013-reference-24-19064,20261013,reference,24,19064,8937731977ed3464f340902ff66ba60d0eb2265411c1ce5e24df0e9b97597c80,432,1,0,0,0,1,0,1,0,1,0,1,0,0.005208333333333333
eval-s20261013-reference-24-19065,20261013,reference,24,19065,d9886831b2e0a837eb1a50319578e05c3cbb9a29f22d11929ed5335ada5e99ba,108,1,0,0,0,96,1,57,1,57,1,192,1,1.0
eval-s20261013-reference-24-19066,20261013,reference,24,19066,1ca17ca2eb1c02123ed350d26b835a181dc4ae3b7fb1eebd52f742a30850813f,503,1,0,0,0,1,0,1,0,1,0,1,0,0.005208333333333333
eval-s20261013-reference-24-19067,20261013,reference,24,19067,992a73b0f80c9466b35c95a819691b881bda991ffc9ea8f210dfee6282425bd3,224,1,0,0,0,5,0,3,0,1,0,6,0,0.03125
eval-s20261013-reference-24-19068,20261013,reference,24,19068,8b58314783f32f7155ab34060042a82c0231d422aa4d97ebf29f0399bd19a281,441,1,0,0,0,1,0,1,0,1,0,1,0,0.005208333333333333
eval-s20261013-reference-24-19069,20261013,reference,24,19069,01d23c59ceb87f3bba35b31cf2f90de8e739b7dd97c6245983f89818086fa711,512,1,1,0,0,96,1,57,1,57,1,192,1,1.0
eval-s20261013-reference-24-19070,20261013,reference,24,19070,49c9749e6c860e101a9c8301e87229c4db00e57d88598c3c07bd9f7886ab52e6,199,1,0,0,0,15,0,4,0,11,0,31,0,0.16145833333333334
eval-s20261013-reference-24-19071,20261013,reference,24,19071,f3c836f04e7cc5aaf88f82586ebf90246466a53a5192ba1427fd21d8a4a6d80e,172,1,0,0,0,28,0,18,0,12,0,58,0,0.3020833333333333
eval-s20261013-reference-24-19072,20261013,reference,24,19072,47dcaf5827584d8ec958974ab764f9180d0b109b469f874c110e82fd0e9712bd,83,1,0,0,0,39,0,39,0,38,0,74,0,0.3854166666666667
eval-s20261013-reference-24-19073,20261013,reference,24,19073,17436e362094e4f836091f93fe61e80d4c8af75430d1e175d88c501fb408b78f,168,1,0,0,0,96,1,57,1,57,1,192,1,1.0
eval-s20261013-reference-24-19074,20261013,reference,24,19074,03c6be54e56c31a810a02ad1cccab1227aa8997ced16d1c921fa9d6a29cb785e,213,1,0,0,0,1,0,1,0,1,0,1,0,0.005208333333333333
eval-s20261013-reference-24-19075,20261013,reference,24,19075,b33f1a07ff2467858141ad4503b878d26f724838b56a3e19e2aeb1f69968e4a3,512,1,1,0,0,0,0,0,0,0,0,0,0,0.0
eval-s20261013-reference-24-19076,20261013,reference,24,19076,76457baa6a522862403649994baff3e6764473a7cd28648fbabc56cf88b3d1f4,340,1,0,0,0,1,0,1,0,1,0,1,0,0.005208333333333333
eval-s20261013-reference-24-19077,20261013,reference,24,19077,4908c331fcc0ce4e02ba3a0ee336c17e9edfd47c2f5b649c466f21f7c9961174,208,1,0,0,0,96,1,57,1,57,1,192,1,1.0
eval-s20261013-reference-24-19078,20261013,reference,24,19078,64796b1cc920bef450bda4f85162b2fe84543082b89402b90ded063f0dbad2da,176,1,0,0,0,1,0,1,0,1,0,1,0,0.005208333333333333
eval-s20261013-reference-24-19079,20261013,reference,24,19079,bd3ca15d81e495479409973eed184a652c797c7a06f04bd1f30dd5160b6ebb8c,439,1,0,0,0,96,1,57,1,57,1,192,1,1.0
eval-s20261013-reference-24-19080,20261013,reference,24,19080,de3c47b8ddbc85890b23fa6a91c93f695bd80ab7194942c01f686c4a642f35c3,413,1,0,0,0,46,0,42,0,43,0,96,0,0.5
eval-s20261013-reference-24-19081,20261013,reference,24,19081,98b4e7ff93601c44cf2f03f8c2b1ee6d6a4d42a7a89a924819d82bc0e16ed48a,451,1,0,0,0,75,0,53,0,53,0,151,0,0.7864583333333334
eval-s20261013-reference-24-19082,20261013,reference,24,19082,4842a191808df66e291727e0823e28fd6440d57add3bf212e4197e4f38e4723f,208,1,0,0,0,28,0,18,0,12,0,58,0,0.3020833333333333
eval-s20261013-reference-24-19083,20261013,reference,24,19083,22e0bdebb2052e401922bef9e5619e7b2bdb8fb147933ae213ce2c5c7bc13e91,189,1,0,0,0,12,0,4,0,8,0,25,0,0.13020833333333334
eval-s20261013-reference-24-19084,20261013,reference,24,19084,ad3c11276223b9d2ad089db7d2bbfca4e0ed7f8666072db02d32903e72bad093,420,1,0,0,0,96,1,57,1,57,1,192,1,1.0
eval-s20261013-reference-24-19085,20261013,reference,24,19085,975ccdcd3bf34f6fd1d07d4c3ccacd28a570029b3f24098d0a1fa681c1149e93,253,1,0,0,0,39,0,39,0,38,0,74,0,0.3854166666666667
eval-s20261013-reference-24-19086,20261013,reference,24,19086,3da32358deac00ab42674245b86c3508099e607ea4a365a050c31a90f6f19268,512,1,1,0,0,0,0,0,0,0,0,0,0,0.0
eval-s20261013-reference-24-19087,20261013,reference,24,19087,0c382c62b01782ac15a46be559627ec8b4fb823f955ff42ad7ac344eadc43bcf,97,1,0,0,0,96,1,57,1,57,1,192,1,1.0
eval-s20261013-reference-24-19088,20261013,reference,24,19088,ad55f1c226b260fa7e89f9be6c7f2a0accec697fae8b5ae757b8e704d5e56021,181,1,0,0,0,71,0,53,0,53,0,139,0,0.7239583333333334
eval-s20261013-reference-24-19089,20261013,reference,24,19089,5b53047c303deb5d5ea43b5ff36872828247474e8f39074cd0a2f7eb83cc4331,121,1,0,0,0,39,0,39,0,38,0,74,0,0.3854166666666667
eval-s20261013-reference-24-19090,20261013,reference,24,19090,9120c290ccd8cfaf937f704da7b976744c88d4d8b349dc7b0336cb22bf4345d8,214,1,0,0,0,28,0,18,0,12,0,58,0,0.3020833333333333
eval-s20261013-reference-24-19091,20261013,reference,24,19091,ba803163be8781aa73fbc839b748eb08fe80644e50f9cbf02feec8380467593c,438,1,0,0,0,2,0,2,0,1,0,1,0,0.005208333333333333
eval-s20261013-reference-24-19092,20261013,reference,24,19092,0d3074acfc0a54fc5e78c3c7ea1e87b918a2134a385a6b37b394a83a541f3a6b,172,1,0,0,0,1,0,1,0,1,0,1,0,0.005208333333333333
eval-s20261013-reference-24-19093,20261013,reference,24,19093,b3d7f59ba86f624d30b4c3db0a527d1c6c33cee2d7e0ee470308bc75b16c4ab0,470,1,0,0,0,0,0,0,0,0,0,0,0,0.0
eval-s20261013-reference-24-19094,20261013,reference,24,19094,232ec6340cec69828cef9d5dab233a21e6b8c8ca17e45a45450a9d2ec3dd6077,241,1,0,0,0,55,0,54,0,46,0,109,0,0.5677083333333334
eval-s20261013-reference-24-19095,20261013,reference,24,19095,ff52e4e72910b1fa7b80ed56f985c0d42a99a9e5963e2c6745fe3388d5d68638,143,1,0,0,0,1,0,1,0,1,0,1,0,0.005208333333333333
eval-s20261013-reference-24-19096,20261013,reference,24,19096,58eaf5d2671212d2405b413afe129e097967b4fb81581d561e10bbf4bb205789,99,1,0,0,0,96,1,57,1,57,1,192,1,1.0
eval-s20261013-reference-24-19097,20261013,reference,24,19097,be1a947aa96e1aaf510c1754d6fd62673dc25a9721a7842c63b80dbd76cdf468,111,1,0,0,0,1,0,1,0,1,0,1,0,0.005208333333333333
eval-s20261013-reference-24-19098,20261013,reference,24,19098,887f2f560250ed7cb70539c1504cc97769efbe28501b9b4e80ac2a6b1ce110b1,179,1,0,0,0,96,1,57,1,57,1,192,1,1.0
eval-s20261013-reference-24-19099,20261013,reference,24,19099,c60a46350eab67c10894ec2fc5b4cc218263dda346d7ca6ce86bfeaee0642a18,264,1,0,0,0,1,0,1,0,1,0,1,0,0.005208333333333333
eval-s20261013-reference-24-19100,20261013,reference,24,19100,2ec8974da2224918e87c74665f7b925b4d95e1dda3f7c6741befe5c96ff3ea2d,135,1,0,0,0,39,0,39,0,38,0,74,0,0.3854166666666667
eval-s20261013-reference-24-19101,20261013,reference,24,19101,a5709fc86642d6534ee4c0762fead32e2c4e7b88465629d2f46bc1771b00e95c,155,1,0,0,0,10,0,4,0,6,0,21,0,0.109375
eval-s20261013-reference-24-19102,20261013,reference,24,19102,85552a95d1b8d1c6825ce014394c1783681775904645a4c4f017ef8a6b115120,259,1,0,0,0,1,0,1,0,1,0,1,0,0.005208333333333333
eval-s20261013-reference-24-19103,20261013,reference,24,19103,4174fd24cc4a6818f2e9eb4405d5ef9ba628956f88c37ac946ec06f98095d08b,179,1,0,0,0,96,1,57,1,57,1,192,1,1.0
eval-s20261013-reference-24-19104,20261013,reference,24,19104,e65e1a61adf31625c4ec75992f5875b031f3200e06c3373d45938f99b40bff2b,346,1,0,0,0,1,0,1,0,1,0,1,0,0.005208333333333333
eval-s20261013-reference-24-19105,20261013,reference,24,19105,936ac569e24fd6bc3d0e8466afee15fcd24d4af3be2b0e70787460296b9599ed,512,1,1,0,0,76,0,54,0,54,0,152,0,0.7916666666666666
eval-s20261013-reference-24-19106,20261013,reference,24,19106,1ab15ca3522435344c83c0e65ee876e0fa8f3dad52981a54342c464a0fb2c4ae,399,1,0,0,0,96,1,57,1,57,1,192,1,1.0
eval-s20261013-reference-24-19107,20261013,reference,24,19107,8da4458c14315c2b4bd7e1c2cd38f7ba83d08470d3f3ef4fc54e2f60aac23f07,512,1,1,0,0,76,0,54,0,54,0,152,0,0.7916666666666666
eval-s20261013-reference-24-19108,20261013,reference,24,19108,951f13ebf127a17a24df8655049c04d41bd17ef308feb63e5a94ef6c7110b614,159,1,0,0,0,80,0,55,0,55,0,162,0,0.84375
eval-s20261013-reference-24-19109,20261013,reference,24,19109,09ca042a3c44abe8b2cd0426aa30c3569c29d98d789e24bd43025eb00c77bbde,107,1,0,0,0,96,1,57,1,57,1,192,1,1.0
eval-s20261013-reference-24-19110,20261013,reference,24,19110,ff101945727accbe86452a84e249cb589c262dcb75f12dc8dddd3877694c88f0,105,1,0,0,0,96,1,57,1,57,1,192,1,1.0
eval-s20261013-reference-24-19111,20261013,reference,24,19111,a8fd73f6199ddc93473d406b93e2b4e50e90d30375b9865adeec21bcb6843ffc,431,1,0,0,0,28,0,18,0,12,0,58,0,0.3020833333333333
eval-s20261013-reference-24-19112,20261013,reference,24,19112,f13cefa7b652a177802770d5a454d16c55fe36b61dc08527ab0da7fc55e252a2,404,1,0,0,0,0,0,0,0,0,0,0,0,0.0
eval-s20261013-reference-24-19113,20261013,reference,24,19113,f8853b9c41a7c76257b6ea802dce5a4ba2938cd38e450959ecab83def25e7095,312,1,0,0,0,0,0,0,0,0,0,0,0,0.0
eval-s20261013-reference-24-19114,20261013,reference,24,19114,587ef915f0c1226d83cc840447c498312a6a870bafe53823bab4f6571c16dcd8,430,1,0,0,0,39,0,39,0,38,0,74,0,0.3854166666666667
eval-s20261013-reference-24-19115,20261013,reference,24,19115,5c285b254efdd60c4fee97a9d2e50213ca21ea08de830a82c90bfa487fca698e,495,1,0,0,0,42,0,42,0,40,0,83,0,0.4322916666666667
eval-s20261013-reference-24-19116,20261013,reference,24,19116,246740501ff0aa296d1d5f6f4871da31565bfb49dd83465e244ed7cabb7a7a53,152,1,0,0,0,1,0,1,0,1,0,1,0,0.005208333333333333
eval-s20261013-reference-24-19117,20261013,reference,24,19117,050d85a9158c67316a97f674b69bf1de68a36be0249f3abe6b38e53ad22d8ccd,297,1,0,0,0,1,0,1,0,1,0,1,0,0.005208333333333333
eval-s20261013-reference-24-19118,20261013,reference,24,19118,bdc345f71bab4b2d610e1e525eb6fb9f1430b2f832b9cbbc93fbe155faba4ac3,211,1,0,0,0,1,0,1,0,1,0,1,0,0.005208333333333333
eval-s20261013-reference-24-19119,20261013,reference,24,19119,93929adedb76658f1d844a84dbee2fe238aa382894fe3e6d224c4c992e75ce12,334,1,0,0,0,17,0,10,0,11,0,34,0,0.17708333333333334
eval-s20261013-reference-24-19120,20261013,reference,24,19120,d665fb5aa7186ddcd4e86042b2cad6309a2a1e0c321fc599ff88fbb4ddb63e86,386,1,0,0,0,96,1,57,1,57,1,192,1,1.0
eval-s20261013-reference-24-19121,20261013,reference,24,19121,746c48901fd03c66b4b39b3b8ac8d348a29fc7a8634f11f962ebe7b2f65f96a1,447,1,0,1,1,64,0,57,1,49,0,127,0,0.6614583333333334
eval-s20261013-reference-24-19122,20261013,reference,24,19122,5b1ac0d1429286fa2627f24f278aab4c66cf7062f4e127d5363af51e17d94b9f,512,0,1,0,0,0,0,0,0,0,0,0,0,0.0
eval-s20261013-reference-24-19123,20261013,reference,24,19123,3de924497c3f80d6596ccf01f92b3d6571b552e585952e77eb06af446a6dc31d,133,1,0,0,0,96,1,57,1,57,1,192,1,1.0
eval-s20261013-reference-24-19124,20261013,reference,24,19124,cef68caafe8c127959456fc2cb80097b4eccce63f4e968dd2d5e4e84be0d6eab,134,1,0,0,0,1,0,1,0,1,0,1,0,0.005208333333333333
eval-s20261013-reference-24-19125,20261013,reference,24,19125,7434a76d9ea3b09e5bbe3fc7ffd49adb42323f1be481815dddf222ffe56295fb,106,1,0,0,0,11,0,7,0,9,0,21,0,0.109375
eval-s20261013-reference-24-19126,20261013,reference,24,19126,8cd8bb401bd17f0ea780fe0e6057e283be190a4e211dd506ae472e85e00bc741,266,1,0,0,0,36,0,27,0,22,0,79,0,0.4114583333333333
eval-s20261013-reference-24-19127,20261013,reference,24,19127,32ba07f26b600032f762a4bef47eab4d3efb180c713ffb57714279220b5b448f,98,1,0,0,0,96,1,57,1,57,1,192,1,1.0
eval-s20261013-repaired-12-19000,20261013,repaired,12,19000,248dd134d730d25965b45ed5deb59e7e4b97b9cc2cfcd129eb5657eeb7bf7353,512,1,1,0,0,0,0,0,0,0,0,0,0,0.0
eval-s20261013-repaired-12-19001,20261013,repaired,12,19001,8d901e6c67ce1cd4cee353c231906f476017a1708f03e55837803f1d881d97ac,186,1,0,0,0,1,0,1,0,1,0,1,0,0.005208333333333333
eval-s20261013-repaired-12-19002,20261013,repaired,12,19002,e0b632ebc5689695db2062011063ef66a5d5f0e7b8a4967012b827c013d9bfef,512,1,1,0,0,1,0,1,0,1,0,1,0,0.005208333333333333
eval-s20261013-repaired-12-19003,20261013,repaired,12,19003,5b1ac0d1429286fa2627f24f278aab4c66cf7062f4e127d5363af51e17d94b9f,384,0,0,0,0,0,0,0,0,0,0,0,0,0.0
eval-s20261013-repaired-12-19004,20261013,repaired,12,19004,4f1dcee368462cb7e42ddddb58460850c149ffa2b5348652db2ec88de75d4b30,186,1,0,0,0,96,1,57,1,57,1,192,1,1.0
eval-s20261013-repaired-12-19005,20261013,repaired,12,19005,2b4526b9377142bde37343f37d40073d0843b6665cd8cd1eed398ceb20532fb7,310,1,0,0,0,10,0,10,0,9,0,19,0,0.09895833333333333
eval-s20261013-repaired-12-19006,20261013,repaired,12,19006,c3ab1fccc993a9de4d087b23191507ca44444bc325f46a0b18bea6202f3f624c,308,1,0,0,0,1,0,1,0,1,0,1,0,0.005208333333333333
eval-s20261013-repaired-12-19007,20261013,repaired,12,19007,9e842f0858ed84ca4906555a76323fc7f802803ab1682e9f8c13caf216e8b5f3,289,1,0,0,0,29,0,18,0,18,0,60,0,0.3125
eval-s20261013-repaired-12-19008,20261013,repaired,12,19008,1ac0b671a4571169326624a870c56ae17b81bda14de309b835b9cfbb17e2f896,302,1,0,0,0,39,0,39,0,38,0,74,0,0.3854166666666667
eval-s20261013-repaired-12-19009,20261013,repaired,12,19009,51d86c5d078db1adb85f4b8149fd5a04f5e2db4e57c1ddbf6fc1102e8bad31e0,140,1,0,0,0,0,0,0,0,0,0,0,0,0.0
eval-s20261013-repaired-12-19010,20261013,repaired,12,19010,b8cef3a407c7fb2f4e14be4fe354701be3fe73663962f12c642b163a3c8f460a,512,1,1,0,0,0,0,0,0,0,0,0,0,0.0
eval-s20261013-repaired-12-19011,20261013,repaired,12,19011,619f4f4de8f2631846ec68753c28ee997bbe22c2f68d4e291ceaa0c3a013d427,446,1,0,0,0,1,0,1,0,1,0,1,0,0.005208333333333333
eval-s20261013-repaired-12-19012,20261013,repaired,12,19012,e79be46d08e9b88d0f0987402b92a574259e24d506761fbc08fce26fd96737db,512,1,1,0,0,1,0,1,0,1,0,1,0,0.005208333333333333
eval-s20261013-repaired-12-19013,20261013,repaired,12,19013,76f3bb568b90b5a2d11da2a419ef408bf42282ac2cab2283a6c297df07888bf3,184,1,0,0,0,72,0,54,0,54,0,141,0,0.734375
eval-s20261013-repaired-12-19014,20261013,repaired,12,19014,04b8602f1e2c9b7320585fe59b7a28b648306b097010e891c604a9a91eaa24ce,169,1,0,0,0,39,0,39,0,38,0,74,0,0.3854166666666667
eval-s20261013-repaired-12-19015,20261013,repaired,12,19015,4b6ce761ded02c6e0094f62c73f81c3c7e877d051b9fa19fa02c4af11324d917,418,1,0,0,0,2,0,2,0,1,0,1,0,0.005208333333333333
eval-s20261013-repaired-12-19016,20261013,repaired,12,19016,9fcf3002e89b6a58ce1564dcb373e38f060eb6533aa8a48e029040b9a15db130,181,1,0,0,0,2,0,2,0,1,0,1,0,0.005208333333333333
eval-s20261013-repaired-12-19017,20261013,repaired,12,19017,135425a497cb6212dcd76b5a0b698aa1456ee5e1ea420ef5d7873be246ec7239,75,1,0,0,0,2,0,2,0,1,0,1,0,0.005208333333333333
eval-s20261013-repaired-12-19018,20261013,repaired,12,19018,5141d0286233bd0b13bebe3c2b21ddd514af7429f8ff907daf6c12b79b002040,221,1,0,0,0,28,0,18,0,12,0,58,0,0.3020833333333333
eval-s20261013-repaired-12-19019,20261013,repaired,12,19019,e7952312735fc0685ea7e8f42f7eda20b4c0d1a58ab039efed6e5b90dd0e02d9,241,1,0,0,0,28,0,18,0,12,0,58,0,0.3020833333333333
eval-s20261013-repaired-12-19020,20261013,repaired,12,19020,79a9766ee2bc06499e3f1bdcd6a08af45a294e23bce646972aefab203240ded3,150,1,0,0,0,2,0,2,0,1,0,1,0,0.005208333333333333
eval-s20261013-repaired-12-19021,20261013,repaired,12,19021,4cea173e657df51a6bb501a8f9849e2920e10fc940d518a16c9f87591ceb051c,103,1,0,0,0,96,1,57,1,57,1,192,1,1.0
eval-s20261013-repaired-12-19022,20261013,repaired,12,19022,336e01880727df2af395395ac99fd166be2d57864141581132f5b6f052c3fd71,243,1,0,0,0,1,0,1,0,1,0,1,0,0.005208333333333333
eval-s20261013-repaired-12-19023,20261013,repaired,12,19023,9048a267b7ae619e1a8b2b9e2cc4c32999546bf1c58e0ef9505a18ca6c7c7815,212,1,0,0,0,39,0,39,0,38,0,74,0,0.3854166666666667
eval-s20261013-repaired-12-19024,20261013,repaired,12,19024,3dfd14c2bc4b6763b7ee5bb08f29631a9f2a9f15f9b8acb43cc59bd8f2526907,508,1,0,0,0,0,0,0,0,0,0,0,0,0.0
eval-s20261013-repaired-12-19025,20261013,repaired,12,19025,c8d64ca523e81cc404adebd70a45867e4357432f548c668d63fa9b4e71b9c667,158,1,0,0,0,39,0,39,0,38,0,74,0,0.3854166666666667
eval-s20261013-repaired-12-19026,20261013,repaired,12,19026,271dadfe0275bdf791b112992cd5dc2acd85d8e8647ac4a61ce898b809abd2fe,487,1,0,0,0,1,0,1,0,1,0,1,0,0.005208333333333333
eval-s20261013-repaired-12-19027,20261013,repaired,12,19027,dd47470a741b710b0d76a2ea58536435d34162fd8a9cb346495b30f9f8348e22,314,1,0,0,0,96,1,57,1,57,1,192,1,1.0
eval-s20261013-repaired-12-19028,20261013,repaired,12,19028,08811c203a5caf666331f5c5d188b476e101a6faecfb8e2ceb9e349d671f9c63,512,1,1,0,0,0,0,0,0,0,0,0,0,0.0
eval-s20261013-repaired-12-19029,20261013,repaired,12,19029,ee72830522b9644f7d68d46172d49463dea652ef20bae810075e68542abfcafb,333,1,0,0,0,39,0,39,0,38,0,74,0,0.3854166666666667
eval-s20261013-repaired-12-19030,20261013,repaired,12,19030,d81ca394178554ea445131649e6788b9b22b016ecc484de5290dcee2d1b43dc7,338,1,0,0,0,2,0,2,0,1,0,1,0,0.005208333333333333
eval-s20261013-repaired-12-19031,20261013,repaired,12,19031,d669abe72f5b698a9604eff038b4d42c416b5ac8c63b68277bce2438834070a9,402,1,0,0,0,39,0,39,0,38,0,74,0,0.3854166666666667
eval-s20261013-repaired-24-19000,20261013,repaired,24,19000,a722212a470be6d59d7584caa2be5ad4ebe5a4370a4c5926a5569eb8bfcbf759,445,1,0,0,0,0,0,0,0,0,0,0,0,0.0
eval-s20261013-repaired-24-19001,20261013,repaired,24,19001,8e7da6139d9be4c4e70567809c8cf66650e2e92a24f175146844c83631d0b977,387,1,0,0,0,28,0,18,0,12,0,58,0,0.3020833333333333
eval-s20261013-repaired-24-19002,20261013,repaired,24,19002,3851b388975a271f3b116f64e0b789829a18eacc2f479c4c331dc12e0b3fdb0d,512,1,1,0,0,1,0,1,0,1,0,1,0,0.005208333333333333
eval-s20261013-repaired-24-19003,20261013,repaired,24,19003,1f14fadd0df00d070f734e33af7c2b0cc81c79315f9e1015e45db97832d13173,299,1,0,0,0,14,0,13,0,13,0,24,0,0.125
eval-s20261013-repaired-24-19004,20261013,repaired,24,19004,80463b538cf34ff4b32dcdb158471d788eafec017397da2c86707abc10344d0d,176,1,0,0,0,96,1,57,1,57,1,192,1,1.0
eval-s20261013-repaired-24-19005,20261013,repaired,24,19005,75f3ae029bff964b663299c6e298f7160b6dad23681d0db14b3ec419fc0fcacb,172,1,0,0,0,39,0,39,0,38,0,74,0,0.3854166666666667
eval-s20261013-repaired-24-19006,20261013,repaired,24,19006,840e42dd98551d57f23a3ac040b384e4fc8c26ae682e695342d146b9b6f0b508,240,1,0,0,0,96,1,57,1,57,1,192,1,1.0
eval-s20261013-repaired-24-19007,20261013,repaired,24,19007,0213d74acaabd1bc1bec877f0fa9afaa2a34dde184db23791d94fc3217bf689d,236,1,0,0,0,1,0,1,0,1,0,1,0,0.005208333333333333
eval-s20261013-repaired-24-19008,20261013,repaired,24,19008,5ea34fe716d8fb7d3b69237ba386645b3e8cae1ce88300b1607b35ce40423c58,253,1,0,0,0,39,0,39,0,38,0,74,0,0.3854166666666667
eval-s20261013-repaired-24-19009,20261013,repaired,24,19009,51d86c5d078db1adb85f4b8149fd5a04f5e2db4e57c1ddbf6fc1102e8bad31e0,140,1,0,0,0,0,0,0,0,0,0,0,0,0.0
eval-s20261013-repaired-24-19010,20261013,repaired,24,19010,3b3e918e56a50d2e2093e28c716b79ba1c375a9838a4896857803e335cb5bf36,419,1,0,0,0,96,1,57,1,57,1,192,1,1.0
eval-s20261013-repaired-24-19011,20261013,repaired,24,19011,0f4d6f1f73ed91cea1649dfe2b0b4110e32d0ec439a499819068c92a8903c454,512,1,1,0,0,1,0,1,0,1,0,1,0,0.005208333333333333
eval-s20261013-repaired-24-19012,20261013,repaired,24,19012,98fe5505dc8eae688ad0c6cb083faa73527224872cfa5b21b9cf43ce6431255c,512,1,1,0,0,0,0,0,0,0,0,0,0,0.0
eval-s20261013-repaired-24-19013,20261013,repaired,24,19013,7623e3afc38b19148936af15a11d822d60ec58aa8a780ffedffbf8c8a6cdeab7,182,1,0,0,0,72,0,54,0,54,0,141,0,0.734375
eval-s20261013-repaired-24-19014,20261013,repaired,24,19014,84e19e2bbbb9b323f4357effeccf69b5e3fb9dc9f5ad67bcfbff67e52a1748c1,410,1,0,0,0,14,0,13,0,13,0,24,0,0.125
eval-s20261013-repaired-24-19015,20261013,repaired,24,19015,4b6ce761ded02c6e0094f62c73f81c3c7e877d051b9fa19fa02c4af11324d917,447,1,0,0,0,2,0,2,0,1,0,1,0,0.005208333333333333
eval-s20261013-repaired-24-19016,20261013,repaired,24,19016,25bd656f56151683fd2e0eed54a513a66154e059d9ebbb9609db17828015c372,89,1,0,0,0,2,0,2,0,1,0,1,0,0.005208333333333333
eval-s20261013-repaired-24-19017,20261013,repaired,24,19017,135425a497cb6212dcd76b5a0b698aa1456ee5e1ea420ef5d7873be246ec7239,75,1,0,0,0,2,0,2,0,1,0,1,0,0.005208333333333333
eval-s20261013-repaired-24-19018,20261013,repaired,24,19018,34cdd6afac1463c80ea65ffcfb5aa418a534acb4ca199ff7fcaeb9daa1560985,133,1,0,0,0,28,0,18,0,12,0,58,0,0.3020833333333333
eval-s20261013-repaired-24-19019,20261013,repaired,24,19019,ed766a6b3a6a347976c8960de1a117008b180cbb2eed67d63d5718fd4475a628,265,1,0,0,0,1,0,1,0,1,0,1,0,0.005208333333333333
eval-s20261013-repaired-24-19020,20261013,repaired,24,19020,ab7fd86500c23d69128966bdd8e3bd388833ec27ee966d227156ebb883d94c4e,421,1,0,0,0,10,0,10,0,9,0,19,0,0.09895833333333333
eval-s20261013-repaired-24-19021,20261013,repaired,24,19021,39cd0b83cd1e8b4b94262b0fe4cc8824619bb7b68064166d9fabf3490daf3040,195,1,0,0,0,1,0,1,0,1,0,1,0,0.005208333333333333
eval-s20261013-repaired-24-19022,20261013,repaired,24,19022,336e01880727df2af395395ac99fd166be2d57864141581132f5b6f052c3fd71,243,1,0,0,0,1,0,1,0,1,0,1,0,0.005208333333333333
eval-s20261013-repaired-24-19023,20261013,repaired,24,19023,41824cf144991851c761e801ccfbdaaf65859e7c66a572e1c07e388b5cbfd855,141,1,0,0,0,2,0,2,0,2,0,4,0,0.020833333333333332
eval-s20261013-repaired-24-19024,20261013,repaired,24,19024,54e1fcc7b1f580f9abdd822daf5ebe2dd41cc8afa3c4e6d6fa704db446f4d0b2,460,1,0,0,0,1,0,1,0,1,0,1,0,0.005208333333333333
eval-s20261013-repaired-24-19025,20261013,repaired,24,19025,5a18035483522271e32234ee36eee70892d3b56cfa47beee2a48e28dd031f3bd,84,1,0,0,0,1,0,1,0,1,0,1,0,0.005208333333333333
eval-s20261013-repaired-24-19026,20261013,repaired,24,19026,53628daa9765162b7212527ffa589872353cecf0573de983155cf5cfdcba5565,369,1,0,0,0,1,0,1,0,1,0,1,0,0.005208333333333333
eval-s20261013-repaired-24-19027,20261013,repaired,24,19027,dd47470a741b710b0d76a2ea58536435d34162fd8a9cb346495b30f9f8348e22,194,1,0,0,0,96,1,57,1,57,1,192,1,1.0
eval-s20261013-repaired-24-19028,20261013,repaired,24,19028,f3d4d6fa8e4b81cca0d221acc7259334cf050974883ddd99e54ebee147712a26,465,1,0,0,0,49,0,43,0,45,0,101,0,0.5260416666666666
eval-s20261013-repaired-24-19029,20261013,repaired,24,19029,c2a58285f3f9e7a6aa4d170e13e86c2b5947ada77d058e0c610b80980be6a51d,148,1,0,0,0,1,0,1,0,1,0,1,0,0.005208333333333333
eval-s20261013-repaired-24-19030,20261013,repaired,24,19030,facb90fa13a759a14c0d1778feac3d932703ac583d22557b90839d0dddf4cf73,96,1,0,0,0,16,0,16,0,15,0,35,0,0.18229166666666666
eval-s20261013-repaired-24-19031,20261013,repaired,24,19031,7c97cbeead0193af6f9e9a7c31c45bbbc69551cf299818a8cf46149a249c2a6d,378,1,0,0,0,39,0,39,0,38,0,74,0,0.3854166666666667
eval-s20261013-repaired-24-19032,20261013,repaired,24,19032,3249f3bf92e80548ee58cb041808d53d780475f887ce121f56f10d6a48862a64,254,1,0,0,0,46,0,42,0,43,0,96,0,0.5
eval-s20261013-repaired-24-19033,20261013,repaired,24,19033,0dfbdfb8ef8802a680fce24cf3d6821eaff48277bc23d843e8c06401026cae4f,178,1,0,0,0,28,0,18,0,12,0,58,0,0.3020833333333333
eval-s20261013-repaired-24-19034,20261013,repaired,24,19034,2e6f0d65a9be1085e595638abb502b092ae1fa9ca0ec675cccee81ee9a8693f2,202,1,0,0,0,1,0,1,0,1,0,1,0,0.005208333333333333
eval-s20261013-repaired-24-19035,20261013,repaired,24,19035,554e4eb454cb4abde4b26f3f90d62778d977fc61160fd9720ce7108f616e8e57,405,1,0,0,0,96,1,57,1,57,1,192,1,1.0
eval-s20261013-repaired-24-19036,20261013,repaired,24,19036,710cf1ad228247e49a82118c3ec49a87721e9ee247ec9ead526cdea9dda48915,366,1,0,0,0,0,0,0,0,0,0,0,0,0.0
eval-s20261013-repaired-24-19037,20261013,repaired,24,19037,bb98ea47c611c7c07e9b37e832c89ab1a707573230bab139320602ad763d3917,512,1,1,0,0,0,0,0,0,0,0,0,0,0.0
eval-s20261013-repaired-24-19038,20261013,repaired,24,19038,6ec08950621d311b49287da00b3ac7671503cd7bfd05f7f96b37fb781ef30aa5,138,1,0,0,0,2,0,2,0,2,0,2,0,0.010416666666666666
eval-s20261013-repaired-24-19039,20261013,repaired,24,19039,6fb63e892dcc3947ad34478d9ddeddf508b44cf1c5060c6c927c7c1521b3adb0,322,1,0,0,0,96,1,57,1,57,1,192,1,1.0
eval-s20261013-repaired-24-19040,20261013,repaired,24,19040,f85c789b1599ed4dfdafda544762c77bb127a32b2d3775b4c8b278a9354a9ddb,410,1,0,0,0,39,0,39,0,38,0,74,0,0.3854166666666667
eval-s20261013-repaired-24-19041,20261013,repaired,24,19041,e7fcc42a98359b011f90c70804a56ee9bb85ae9146055d33fd87799f8ae5d650,316,1,0,0,0,41,0,41,0,40,0,76,0,0.3958333333333333
eval-s20261013-repaired-24-19042,20261013,repaired,24,19042,ad29e14fd4904cf226c95046800e72ae410785949e2c0f5533b559ba412c84ac,370,1,0,0,0,72,0,54,0,54,0,141,0,0.734375
eval-s20261013-repaired-24-19043,20261013,repaired,24,19043,797aa63fbd18daea2a0d2c2a1fc8233b270694bb036d13ba98537f1c32d4e0af,173,1,0,0,0,1,0,1,0,1,0,1,0,0.005208333333333333
eval-s20261013-repaired-24-19044,20261013,repaired,24,19044,0b1e34d048d32c3082092a1af9c8932dae2dda9d0d1000d2c6124cff541f8bef,439,1,0,0,0,2,0,2,0,1,0,1,0,0.005208333333333333
eval-s20261013-repaired-24-19045,20261013,repaired,24,19045,239ae967b236859b95faec188d196e788d9de4241e28458aa2f0a8496c1fe84b,512,1,1,0,0,0,0,0,0,0,0,0,0,0.0
eval-s20261013-repaired-24-19046,20261013,repaired,24,19046,4a3eb32380d12ef424d758e1c1bbebaefdd61a39853bc7616df52c7437c1f667,481,1,0,0,0,39,0,39,0,38,0,74,0,0.3854166666666667
eval-s20261013-repaired-24-19047,20261013,repaired,24,19047,51650eb38461cf6f20be2199df943f303a3b48218c7477bb9e51a89bda5b120c,512,1,1,0,0,0,0,0,0,0,0,0,0,0.0
eval-s20261013-repaired-24-19048,20261013,repaired,24,19048,546a206876edd0f3e4e973a99f12577ce37439102401f111e45caa51399f801e,319,1,0,0,0,39,0,39,0,38,0,74,0,0.3854166666666667
eval-s20261013-repaired-24-19049,20261013,repaired,24,19049,9c3195cd0220ab86c0dacf1510e0a0151945b4dbae077d9851ffd66ef6fa0142,108,1,0,0,0,39,0,39,0,38,0,74,0,0.3854166666666667
eval-s20261013-repaired-24-19050,20261013,repaired,24,19050,0df5e375a55bef2689a623b202676b607975539794d0e6b4990005e12caf1c9b,299,1,0,0,0,1,0,1,0,1,0,1,0,0.005208333333333333
eval-s20261013-repaired-24-19051,20261013,repaired,24,19051,16a00907f86b46949aa985834da584a1a665c01a11f2cc5a25701f627a8915a2,315,1,0,0,0,1,0,1,0,1,0,1,0,0.005208333333333333
eval-s20261013-repaired-24-19052,20261013,repaired,24,19052,83c3d0c279d98e54927a41445579ff99a0d3d4528430ab3e3b733a8befba19c4,418,1,0,1,1,64,0,57,1,49,0,127,0,0.6614583333333334
eval-s20261013-repaired-24-19053,20261013,repaired,24,19053,2a3aca2fa2db2c57d68e55945a915a7eb5c94b7ba2625d0d56fdcd814b49a294,421,1,0,0,0,96,1,57,1,57,1,192,1,1.0
eval-s20261013-repaired-24-19054,20261013,repaired,24,19054,d90f384a893a7f64ea192789dd685e933f674858597e568882d9a01cbd83c922,305,1,0,0,0,28,0,18,0,12,0,58,0,0.3020833333333333
eval-s20261013-repaired-24-19055,20261013,repaired,24,19055,cebb93b400d9e3f880b4ea002ea786a1e2993661512bc42519982659084c2925,183,1,0,0,0,1,0,1,0,1,0,1,0,0.005208333333333333
eval-s20261013-repaired-24-19056,20261013,repaired,24,19056,5996524d6ea3c2924791397a7915c550003aed6e8b84acc6284a553b789e0ded,117,1,0,0,0,23,0,13,0,14,0,42,0,0.21875
eval-s20261013-repaired-24-19057,20261013,repaired,24,19057,5e78d5b7e4f433d0760a1f80556b41e78285e0e9c6303b025739ced1ace17374,257,1,0,0,0,1,0,1,0,1,0,1,0,0.005208333333333333
eval-s20261013-repaired-24-19058,20261013,repaired,24,19058,fd2a9f4c6dc461fb03033d42ac2a20d458fa421c80f942c8770d1e9ce544c80d,409,1,0,0,0,39,0,39,0,38,0,74,0,0.3854166666666667
eval-s20261013-repaired-24-19059,20261013,repaired,24,19059,7b96d5b80e810e167225ccfc60aa358dbc6400b653750bfd813fa2d158940142,361,1,0,0,0,96,1,57,1,57,1,192,1,1.0
eval-s20261013-repaired-24-19060,20261013,repaired,24,19060,80164a7dff6dd0997817db2cea2c36beff7c312497a7bfc8e0a58f6a6996f41b,486,0,0,0,0,0,0,0,0,0,0,0,0,0.0
eval-s20261013-repaired-24-19061,20261013,repaired,24,19061,a2ef3f3e0505d1f92bec123d692f9ea30f5611967d60dfd60c2fa1c79774c71c,337,1,0,0,0,72,0,54,0,54,0,141,0,0.734375
eval-s20261013-repaired-24-19062,20261013,repaired,24,19062,27085e4f3d6cf3b9945b63fe291b2b81dc56172f6b8ff7c6942d6c1ebb906974,455,1,0,0,0,0,0,0,0,0,0,0,0,0.0
eval-s20261013-repaired-24-19063,20261013,repaired,24,19063,1898d07badcf8939465fa5d2269e2c374151fb4496bdb8c5b364d6c8fee050d3,332,1,0,0,0,39,0,39,0,38,0,74,0,0.3854166666666667
eval-s20261013-repaired-24-19064,20261013,repaired,24,19064,9a92eb612cde092d06404a6da16b6172efff277ecbff400575ec95364968c77a,442,1,0,0,0,96,1,57,1,57,1,192,1,1.0
eval-s20261013-repaired-24-19065,20261013,repaired,24,19065,3710a64df350a376b6d70068a79012c38bdf877bdca4850963cf764d52d31404,512,0,1,0,0,0,0,0,0,0,0,0,0,0.0
eval-s20261013-repaired-24-19066,20261013,repaired,24,19066,2a5ad1a85b2b1e53c1e00d3ca76ff44e0c6bcd27e5b6b1f692b505d8ed145b1b,512,1,1,0,0,96,1,57,1,57,1,192,1,1.0
eval-s20261013-repaired-24-19067,20261013,repaired,24,19067,a41b650164d3e128923d7cd8c4726702718999f80d5f598003de8c1522ab65fe,281,1,0,0,0,72,0,54,0,54,0,141,0,0.734375
eval-s20261013-repaired-24-19068,20261013,repaired,24,19068,edd1b85ec75e57b07fb94ac6e1afd0054a7eb51917e243b8e99b6cfc08d111bd,353,1,0,0,0,46,0,42,0,43,0,96,0,0.5
eval-s20261013-repaired-24-19069,20261013,repaired,24,19069,57ffe3af1769b3d876bc18969a99dab96e654b59de7c5bbd01157dd8b2616962,512,1,1,0,0,96,1,57,1,57,1,192,1,1.0
eval-s20261013-repaired-24-19070,20261013,repaired,24,19070,db20b211720e44382bd8ad8c74654af3a0e847d9cd475d5d5ce035bedeb84f61,244,1,0,0,0,6,0,4,0,3,0,19,0,0.09895833333333333
eval-s20261013-repaired-24-19071,20261013,repaired,24,19071,1fbb024b6738692b19581c0944cce5fc4f1f8d6b5f31ee92347111e5a9aecc35,486,1,0,0,0,96,1,57,1,57,1,192,1,1.0
eval-s20261013-repaired-24-19072,20261013,repaired,24,19072,5b1ac0d1429286fa2627f24f278aab4c66cf7062f4e127d5363af51e17d94b9f,229,0,0,0,0,0,0,0,0,0,0,0,0,0.0
eval-s20261013-repaired-24-19073,20261013,repaired,24,19073,1a831b16dfcd90d847417dd759adfcee867c0d4ef4bbda537ab57b25ddc63f63,209,1,0,0,0,72,0,54,0,54,0,143,0,0.7447916666666666
eval-s20261013-repaired-24-19074,20261013,repaired,24,19074,92c19b31fb55afb4ad40d2f9edbb5171b9b48206809a302dc65bd47f95b64edb,162,1,0,0,0,72,0,50,0,50,0,144,0,0.75
eval-s20261013-repaired-24-19075,20261013,repaired,24,19075,f3c6a55f79dbfda55124bcea42e4a1ad5bed985adc1c67cbb013d9dd63ea7c16,486,1,0,1,1,64,0,57,1,49,0,127,0,0.6614583333333334
eval-s20261013-repaired-24-19076,20261013,repaired,24,19076,ddfecafebffb924f08818c430b0aded5d8f7a10ad9eec9b9ff6941212385d5bc,426,1,0,0,0,14,0,12,0,12,0,29,0,0.15104166666666666
eval-s20261013-repaired-24-19077,20261013,repaired,24,19077,827fc040386bbbcea8d95a003401ce2b882bfb96208463c99a8d401c0c6a8f49,95,1,0,0,0,96,1,57,1,57,1,192,1,1.0
eval-s20261013-repaired-24-19078,20261013,repaired,24,19078,b573f3a799aaec1395e974fcc5555904259ce74319434dabc9810d0cd6ec07ac,129,1,0,0,0,1,0,1,0,1,0,1,0,0.005208333333333333
eval-s20261013-repaired-24-19079,20261013,repaired,24,19079,1a6ae0df2d98306fbccd81932bfec2c2763831250395131f838071ba4baf39f1,423,1,0,0,0,2,0,2,0,1,0,1,0,0.005208333333333333
eval-s20261013-repaired-24-19080,20261013,repaired,24,19080,36679c596be6edaadc40771bb23f0d877560bb70f48413182d8fae34ae84a5fe,276,1,0,0,0,10,0,10,0,9,0,19,0,0.09895833333333333
eval-s20261013-repaired-24-19081,20261013,repaired,24,19081,fc9c0e2d3702f1bafabfd8499acd6ef443debb31b0918cee6afd72870daabf9d,395,1,0,0,0,75,0,53,0,53,0,151,0,0.7864583333333334
eval-s20261013-repaired-24-19082,20261013,repaired,24,19082,636f695c254a7fe799fc4488937e687d5a584fbeb6a3ccf96f2cec3ebec10cbc,312,1,0,0,0,73,0,53,0,50,0,150,0,0.78125
eval-s20261013-repaired-24-19083,20261013,repaired,24,19083,3f76944a4db669b54931042b6c2fcfe1a4193f1cd269673be9ccf63b5bfec960,191,1,0,0,0,1,0,1,0,1,0,1,0,0.005208333333333333
eval-s20261013-repaired-24-19084,20261013,repaired,24,19084,127387b0474ad78c6a6645bb358cd6f208e4da7ba550a1dcb3540db1152367b8,315,1,0,0,0,96,1,57,1,57,1,192,1,1.0
eval-s20261013-repaired-24-19085,20261013,repaired,24,19085,685f7e59a6f1f3ca224cd4703074a77540e3f79f0886ae541d6595a098df2d4b,319,0,0,0,0,0,0,0,0,0,0,0,0,0.0
eval-s20261013-repaired-24-19086,20261013,repaired,24,19086,6adb8af0df41b8d65b15895eeadea18f6159010e3786f5f955d375af8b1d2a92,512,1,1,0,0,53,0,47,0,39,0,107,0,0.5572916666666666
eval-s20261013-repaired-24-19087,20261013,repaired,24,19087,1bf8f2222f71fb7d8465f1e4ff00b81eca56a183f972474269d32842f97c0984,108,1,0,1,1,64,0,57,1,49,0,127,0,0.6614583333333334
eval-s20261013-repaired-24-19088,20261013,repaired,24,19088,a04fa44cb01793da5fdb3f9aa308c99f08a25913660a5ea81fd60f0983f0fcb9,117,1,0,0,0,72,0,54,0,54,0,143,0,0.7447916666666666
eval-s20261013-repaired-24-19089,20261013,repaired,24,19089,5f7a98b39f192d2e70da84a14ae1c7d13781f71030abc30cdbfe4359124b1156,446,1,0,0,0,14,0,12,0,12,0,29,0,0.15104166666666666
eval-s20261013-repaired-24-19090,20261013,repaired,24,19090,e024bac43eb1075d661c6acfb0a7fea9132882c65c362914f23e28901687a288,349,1,0,0,0,1,0,1,0,1,0,1,0,0.005208333333333333
eval-s20261013-repaired-24-19091,20261013,repaired,24,19091,83470f447bd6a087d53e3752e4aa4c90d7d0d766bcdac50cd8ff028576ebcab7,427,1,0,0,0,10,0,10,0,9,0,19,0,0.09895833333333333
eval-s20261013-repaired-24-19092,20261013,repaired,24,19092,43c7195ebdfe6bc4496d7bc7518619bffa940cdb0b724d05a34a68b34b209e35,334,1,0,0,0,1,0,1,0,1,0,1,0,0.005208333333333333
eval-s20261013-repaired-24-19093,20261013,repaired,24,19093,e54e894f6a17100ee81fa8c243befab08dd591ffa722cf44e7ebb1a1b2a3cd47,435,1,0,0,0,0,0,0,0,0,0,0,0,0.0
eval-s20261013-repaired-24-19094,20261013,repaired,24,19094,8182accc81800bbc49b0ddf2522b642b510d77f24989eb7654afe42136da98a1,285,1,0,0,0,55,0,54,0,46,0,109,0,0.5677083333333334
eval-s20261013-repaired-24-19095,20261013,repaired,24,19095,e5326f841db9b5a484db62fa534edec067faf475b5a4b9097c4bdbc942370fdd,92,1,0,0,0,96,1,57,1,57,1,192,1,1.0
eval-s20261013-repaired-24-19096,20261013,repaired,24,19096,27821a7ba8bb4d17e87d29a77ad09c167b3624204a8915071b1a9a9ada242bb8,395,1,0,0,0,1,0,1,0,1,0,1,0,0.005208333333333333
eval-s20261013-repaired-24-19097,20261013,repaired,24,19097,9007038d2beb0f1415926136a9d0bdf55794d4cf1404a25901aa79135f950304,87,1,0,0,0,72,0,54,0,54,0,143,0,0.7447916666666666
eval-s20261013-repaired-24-19098,20261013,repaired,24,19098,4ac84a77fdf9e5eef68b7f484d84c88a1613d78ccaec6db9ed0faa4f6940ab43,290,1,0,0,0,72,0,54,0,54,0,143,0,0.7447916666666666
eval-s20261013-repaired-24-19099,20261013,repaired,24,19099,c60a46350eab67c10894ec2fc5b4cc218263dda346d7ca6ce86bfeaee0642a18,262,1,0,0,0,1,0,1,0,1,0,1,0,0.005208333333333333
eval-s20261013-repaired-24-19100,20261013,repaired,24,19100,2c2ed3946dcdc621773bb619f4f0e390719d8b414a9e947c6278eb1f6d3bf804,285,1,0,0,0,5,0,3,0,1,0,6,0,0.03125
eval-s20261013-repaired-24-19101,20261013,repaired,24,19101,5a7c827b8bdac420e2b58cf7d31ea6e63a6ca69921ae0af8ab8e01ce9a432eca,282,1,0,0,0,2,0,2,0,1,0,1,0,0.005208333333333333
eval-s20261013-repaired-24-19102,20261013,repaired,24,19102,d5382654cc941d231cca9c95d9244f1a9b4256598b9cc155548eab3cc3c6d5b4,140,1,0,0,0,2,0,2,0,1,0,1,0,0.005208333333333333
eval-s20261013-repaired-24-19103,20261013,repaired,24,19103,4174fd24cc4a6818f2e9eb4405d5ef9ba628956f88c37ac946ec06f98095d08b,187,1,0,0,0,96,1,57,1,57,1,192,1,1.0
eval-s20261013-repaired-24-19104,20261013,repaired,24,19104,f74de59dd339634fa0e38f8772148e838feebac9f90a499065451cfb388fb478,384,1,0,0,0,22,0,15,0,13,0,42,0,0.21875
eval-s20261013-repaired-24-19105,20261013,repaired,24,19105,e6c0a4b333bc2e1e8c11ab1c91cac86e7613cb754a6c752c060e51c02a668aa0,375,1,0,0,0,15,0,14,0,14,0,28,0,0.14583333333333334
eval-s20261013-repaired-24-19106,20261013,repaired,24,19106,52d8faa29cc45371b6e1d0d94f67da855dceb29d7014c4b15cb436538c5282dc,450,1,0,1,1,64,0,57,1,49,0,127,0,0.6614583333333334
eval-s20261013-repaired-24-19107,20261013,repaired,24,19107,7f7eed921ed0e37b378e0b4915d1920686c18ab15c672bc75d955aad3c57f6ba,376,1,0,0,0,0,0,0,0,0,0,0,0,0.0
eval-s20261013-repaired-24-19108,20261013,repaired,24,19108,5b1ac0d1429286fa2627f24f278aab4c66cf7062f4e127d5363af51e17d94b9f,512,0,1,0,0,0,0,0,0,0,0,0,0,0.0
eval-s20261013-repaired-24-19109,20261013,repaired,24,19109,09ca042a3c44abe8b2cd0426aa30c3569c29d98d789e24bd43025eb00c77bbde,196,1,0,0,0,96,1,57,1,57,1,192,1,1.0
eval-s20261013-repaired-24-19110,20261013,repaired,24,19110,db40a3b064e57ea4cdd2c21db9306d1d12af56ad1463c5ac09f1c8a7695c26f7,113,1,0,0,0,96,1,57,1,57,1,192,1,1.0
eval-s20261013-repaired-24-19111,20261013,repaired,24,19111,39ee6f33a8dd2ee6d4620738cf63d7d25916b33cb20bbd2821f3340622f86aac,512,1,1,0,0,96,1,57,1,57,1,192,1,1.0
eval-s20261013-repaired-24-19112,20261013,repaired,24,19112,e770007302cb0a84d54ec8e682bed797ece67f3f1e208d2fda92f0fa73620283,474,1,0,0,0,96,1,57,1,57,1,192,1,1.0
eval-s20261013-repaired-24-19113,20261013,repaired,24,19113,9bd798a16491bbf7cf5f35d0e8ae4e604be864890871cb233bdab98b79f6c8c3,271,1,0,0,0,1,0,1,0,1,0,1,0,0.005208333333333333
eval-s20261013-repaired-24-19114,20261013,repaired,24,19114,5b1ac0d1429286fa2627f24f278aab4c66cf7062f4e127d5363af51e17d94b9f,469,0,0,0,0,0,0,0,0,0,0,0,0,0.0
eval-s20261013-repaired-24-19115,20261013,repaired,24,19115,761916c1ebdb03d662b6ad6b336ca26952d556be9220a5746f7dabf041ff31cd,457,1,0,0,0,46,0,42,0,43,0,96,0,0.5
eval-s20261013-repaired-24-19116,20261013,repaired,24,19116,9b5f45265c25e74b8fc24cfd4e8fb16bebbbb23746f8bb6c869f239e073f7992,152,1,0,0,0,1,0,1,0,1,0,1,0,0.005208333333333333
eval-s20261013-repaired-24-19117,20261013,repaired,24,19117,28e14d437c07152ec7aac9e5a069a3502bf9596dce3ad4f1ee61e5a397675e0d,165,1,0,0,0,0,0,0,0,0,0,0,0,0.0
eval-s20261013-repaired-24-19118,20261013,repaired,24,19118,dad9c10f3cbcc08c456d7cd0a4b29097f6200c45ab8ed94c9ea4858b7352b8fb,172,1,0,0,0,42,0,25,0,27,0,81,0,0.421875
eval-s20261013-repaired-24-19119,20261013,repaired,24,19119,64a2433e13d2dc62370778470bc249d494c114c4d216a54f5a281468befca27f,279,1,0,0,0,1,0,1,0,0,0,0,0,0.0
eval-s20261013-repaired-24-19120,20261013,repaired,24,19120,d665fb5aa7186ddcd4e86042b2cad6309a2a1e0c321fc599ff88fbb4ddb63e86,386,1,0,0,0,96,1,57,1,57,1,192,1,1.0
eval-s20261013-repaired-24-19121,20261013,repaired,24,19121,aada4700ff06fd605f9b05e4511619047b171e059c4ab8e8a4fdfd367e0996a6,335,1,0,1,1,64,0,57,1,49,0,127,0,0.6614583333333334
eval-s20261013-repaired-24-19122,20261013,repaired,24,19122,f2c578956d371255c0174847f79f7f517961febe13cfd9a301a57b8a7a7b34ad,512,1,1,0,0,1,0,1,0,1,0,1,0,0.005208333333333333
eval-s20261013-repaired-24-19123,20261013,repaired,24,19123,ae9b12a2473e34fab4eb2c5777b7c37892b1632cfa35be569fc5898be7cf7404,118,1,0,0,0,39,0,39,0,38,0,74,0,0.3854166666666667
eval-s20261013-repaired-24-19124,20261013,repaired,24,19124,b8e06e20debe77a6eaf3d1bb90be0732ee044d2081acf150871acd50ca736203,196,1,0,0,0,39,0,39,0,38,0,74,0,0.3854166666666667
eval-s20261013-repaired-24-19125,20261013,repaired,24,19125,7434a76d9ea3b09e5bbe3fc7ffd49adb42323f1be481815dddf222ffe56295fb,106,1,0,0,0,11,0,7,0,9,0,21,0,0.109375
eval-s20261013-repaired-24-19126,20261013,repaired,24,19126,0ef439ca3005c2b5af1d74c07cf6fc608823e9c3987cc72b37c567da41cf786c,280,1,0,0,0,43,0,27,0,27,0,92,0,0.4791666666666667
eval-s20261013-repaired-24-19127,20261013,repaired,24,19127,32ba07f26b600032f762a4bef47eab4d3efb180c713ffb57714279220b5b448f,98,1,0,0,0,96,1,57,1,57,1,192,1,1.0
eval-s20261014-endpoint_omission-12-19000,20261014,endpoint_omission,12,19000,35c621286f3591b6ca810d302aed9fde870c0645bffe5f0f2089a07b334a6ee5,445,1,0,0,0,0,0,0,0,0,0,0,0,0.0
eval-s20261014-endpoint_omission-12-19001,20261014,endpoint_omission,12,19001,9d1ec8bee06b3d58eb54053ee91c4f55812c64c6522f421969e833ebee4be940,268,1,0,0,0,96,1,57,1,57,1,192,1,1.0
eval-s20261014-endpoint_omission-12-19002,20261014,endpoint_omission,12,19002,fdb31e8a9190afac705bc214d4964ceabb3751b5b8436e073aab0b8574d900fa,512,1,1,0,0,0,0,0,0,0,0,0,0,0.0
eval-s20261014-endpoint_omission-12-19003,20261014,endpoint_omission,12,19003,5b1ac0d1429286fa2627f24f278aab4c66cf7062f4e127d5363af51e17d94b9f,512,0,1,0,0,0,0,0,0,0,0,0,0,0.0
eval-s20261014-endpoint_omission-12-19004,20261014,endpoint_omission,12,19004,80463b538cf34ff4b32dcdb158471d788eafec017397da2c86707abc10344d0d,176,1,0,0,0,96,1,57,1,57,1,192,1,1.0
eval-s20261014-endpoint_omission-12-19005,20261014,endpoint_omission,12,19005,622c0ee409b129338c139a8643e7ae29962cb2d05a2409058b4544480a9cd03c,120,1,0,0,0,36,0,27,0,22,0,79,0,0.4114583333333333
eval-s20261014-endpoint_omission-12-19006,20261014,endpoint_omission,12,19006,5f515d1329289d7947a5deaabf585dcb98a7d25eae10ad3df8aadec81ecf6c1b,190,1,0,0,0,0,0,0,0,0,0,0,0,0.0
eval-s20261014-endpoint_omission-12-19007,20261014,endpoint_omission,12,19007,bb0bfafe85db14cafd1e0a486c3acbd2f7a6ebb428ee78e883563b6833a1779a,273,1,0,0,0,28,0,18,0,12,0,58,0,0.3020833333333333
eval-s20261014-endpoint_omission-12-19008,20261014,endpoint_omission,12,19008,32beb837503c19d19f5b4e32de6345426dac4d4c1c338d66456aa851494a5cf8,360,1,0,0,0,72,0,54,0,54,0,141,0,0.734375
eval-s20261014-endpoint_omission-12-19009,20261014,endpoint_omission,12,19009,7c4e3f7ec5bedc7e04f84c73d531ef6bdd63331f2916cafa3b99e50cdf26a294,141,1,0,0,0,1,0,1,0,1,0,1,0,0.005208333333333333
eval-s20261014-endpoint_omission-12-19010,20261014,endpoint_omission,12,19010,5a1ed0bdd4d2188b147a4294d8becc0315b3733d656de875408423a40ad7d24f,392,1,0,0,0,20,0,13,0,16,0,30,0,0.15625
eval-s20261014-endpoint_omission-12-19011,20261014,endpoint_omission,12,19011,0510d66631477326e807f4327dbb08ddf681dfb776a9e00f49b1340c597b2bad,464,1,0,0,0,96,1,57,1,57,1,192,1,1.0
eval-s20261014-endpoint_omission-12-19012,20261014,endpoint_omission,12,19012,975ae297b7942f9ad69c25b14b489a4ca65632709cbeb5f457d74e862d898230,348,1,0,0,0,0,0,0,0,0,0,0,0,0.0
eval-s20261014-endpoint_omission-12-19013,20261014,endpoint_omission,12,19013,a38248701e04b4b0490d3642dcf287cb892fcb0c94f7c9bb5f0ba9b77991d7e8,178,1,0,0,0,28,0,18,0,12,0,58,0,0.3020833333333333
eval-s20261014-endpoint_omission-12-19014,20261014,endpoint_omission,12,19014,06bc74b6aa6fc7096966fc3f658757da62a4fd4a058920989514b836701879c9,180,1,0,0,0,1,0,1,0,1,0,1,0,0.005208333333333333
eval-s20261014-endpoint_omission-12-19015,20261014,endpoint_omission,12,19015,ad9f529ee8b9a7e9cb9dc6d560a81fa96e91926bc3d9d90b8f7681992c66cb08,512,1,1,0,0,96,1,57,1,57,1,192,1,1.0
eval-s20261014-endpoint_omission-12-19016,20261014,endpoint_omission,12,19016,25bd656f56151683fd2e0eed54a513a66154e059d9ebbb9609db17828015c372,177,1,0,0,0,2,0,2,0,1,0,1,0,0.005208333333333333
eval-s20261014-endpoint_omission-12-19017,20261014,endpoint_omission,12,19017,135425a497cb6212dcd76b5a0b698aa1456ee5e1ea420ef5d7873be246ec7239,75,1,0,0,0,2,0,2,0,1,0,1,0,0.005208333333333333
eval-s20261014-endpoint_omission-12-19018,20261014,endpoint_omission,12,19018,42d53157cf025caf99adc3f05883b28fe4da1dbe0ae8cc72d91d73bf6d0f060a,304,1,0,0,0,1,0,1,0,1,0,1,0,0.005208333333333333
eval-s20261014-endpoint_omission-12-19019,20261014,endpoint_omission,12,19019,c64c943a5e01a27072ef22dfe5d8b4c4fa8be8e75d8c14e7d935527e6d8dba72,241,1,0,0,0,95,0,56,0,56,0,191,0,0.9947916666666666
eval-s20261014-endpoint_omission-12-19020,20261014,endpoint_omission,12,19020,a53209cc0d56a664c1e0e6a6ef17cc9757f6a7921916e301923145a9b77753bc,259,1,0,0,0,39,0,39,0,38,0,74,0,0.3854166666666667
eval-s20261014-endpoint_omission-12-19021,20261014,endpoint_omission,12,19021,31e4b8b02d4c4fe6a2ef3512fc9e7e4ff32a43d9e9f78f3c97a3c81487d79bc1,89,1,0,0,0,96,1,57,1,57,1,192,1,1.0
eval-s20261014-endpoint_omission-12-19022,20261014,endpoint_omission,12,19022,a3bd134a5d06c4658562cf0b7263439052506d0ba7b8355ee0431df77d9a5fc6,95,1,0,0,0,0,0,0,0,0,0,0,0,0.0
eval-s20261014-endpoint_omission-12-19023,20261014,endpoint_omission,12,19023,41824cf144991851c761e801ccfbdaaf65859e7c66a572e1c07e388b5cbfd855,141,1,0,0,0,2,0,2,0,2,0,4,0,0.020833333333333332
eval-s20261014-endpoint_omission-12-19024,20261014,endpoint_omission,12,19024,fab4edf3b7cf5b9beed80fbae2bd2943fd7bde93f3ccd80467ffd7c43d023939,512,1,1,0,0,15,0,14,0,14,0,28,0,0.14583333333333334
eval-s20261014-endpoint_omission-12-19025,20261014,endpoint_omission,12,19025,c8d64ca523e81cc404adebd70a45867e4357432f548c668d63fa9b4e71b9c667,173,1,0,0,0,39,0,39,0,38,0,74,0,0.3854166666666667
eval-s20261014-endpoint_omission-12-19026,20261014,endpoint_omission,12,19026,d29f6d4edadbdad62f8f5145aaf96af3996620f5d33732b4a6cc4b0bc5c13e6a,77,1,0,0,0,4,0,0,0,2,0,10,0,0.052083333333333336
eval-s20261014-endpoint_omission-12-19027,20261014,endpoint_omission,12,19027,dd47470a741b710b0d76a2ea58536435d34162fd8a9cb346495b30f9f8348e22,307,1,0,0,0,96,1,57,1,57,1,192,1,1.0
eval-s20261014-endpoint_omission-12-19028,20261014,endpoint_omission,12,19028,393080e3c2c1aef63953428b474b3993415532705f38584181d94e0683c635e4,512,1,1,0,0,0,0,0,0,0,0,0,0,0.0
eval-s20261014-endpoint_omission-12-19029,20261014,endpoint_omission,12,19029,a98276fdbbb2e444166aa09dd3e2c612e5d5c747cf7d393cd004ff44e562c786,143,1,0,0,0,1,0,1,0,1,0,1,0,0.005208333333333333
eval-s20261014-endpoint_omission-12-19030,20261014,endpoint_omission,12,19030,90f630f22bde4942be7a6f95154b61fe94f9861eee5b3fd58c7d82915fcb5523,222,1,0,0,0,1,0,1,0,1,0,1,0,0.005208333333333333
eval-s20261014-endpoint_omission-12-19031,20261014,endpoint_omission,12,19031,f3f61e123b927edcb6c47fca539aafb48c67c78b87d1e7f8ba1567159aa60a63,222,1,0,0,0,0,0,0,0,0,0,0,0,0.0
eval-s20261014-endpoint_omission-24-19000,20261014,endpoint_omission,24,19000,bb625bbd61941ca2d7cf42d8dffd8f1125aff19d8282d692e94f64c7d230c9d3,483,1,0,0,0,0,0,0,0,0,0,0,0,0.0
eval-s20261014-endpoint_omission-24-19001,20261014,endpoint_omission,24,19001,52037713fff4ecb1ec87edb9cf4ee7393db69b16720b3d81c904f9bb8ca450f2,156,1,0,0,0,36,0,27,0,22,0,79,0,0.4114583333333333
eval-s20261014-endpoint_omission-24-19002,20261014,endpoint_omission,24,19002,fed05565abb450d0ce7c4bb228dc9376d5fddb20ec600a377e6da01dadc3b29e,505,1,0,0,0,1,0,1,0,1,0,1,0,0.005208333333333333
eval-s20261014-endpoint_omission-24-19003,20261014,endpoint_omission,24,19003,686a84b02f305d9c0635092d242037e485956560caa152b44b837488d7920e4f,452,1,0,0,0,96,1,57,1,57,1,192,1,1.0
eval-s20261014-endpoint_omission-24-19004,20261014,endpoint_omission,24,19004,e30f4c033d40d5ce1e65235045a19bd057981b3476b9f26cdc2d8962f03cf4c6,155,1,0,0,0,96,1,57,1,57,1,192,1,1.0
eval-s20261014-endpoint_omission-24-19005,20261014,endpoint_omission,24,19005,622c0ee409b129338c139a8643e7ae29962cb2d05a2409058b4544480a9cd03c,120,1,0,0,0,36,0,27,0,22,0,79,0,0.4114583333333333
eval-s20261014-endpoint_omission-24-19006,20261014,endpoint_omission,24,19006,079980d540ea7608a19500e9f50640aa43278bb625d7209b9e2e8bce42b4a39a,189,1,0,0,0,0,0,0,0,0,0,0,0,0.0
eval-s20261014-endpoint_omission-24-19007,20261014,endpoint_omission,24,19007,282a89d0350b8b2d2a2b22e726b3ead4985f084558e2e3b7ee5b0483503109ee,273,1,0,0,0,1,0,1,0,1,0,1,0,0.005208333333333333
eval-s20261014-endpoint_omission-24-19008,20261014,endpoint_omission,24,19008,50f8d015bcf61a3828839e2ee40961acdd41f15cb91ec2ba9bb558443f0e4cb1,100,1,0,0,0,1,0,1,0,1,0,1,0,0.005208333333333333
eval-s20261014-endpoint_omission-24-19009,20261014,endpoint_omission,24,19009,6b29b1dfa82355cb3cf2c9cb6b330ee24dd73b390cbd3309ced788a647be9a8f,227,1,0,0,0,0,0,0,0,0,0,0,0,0.0
eval-s20261014-endpoint_omission-24-19010,20261014,endpoint_omission,24,19010,c2bf438fe4e66381d54804fdab4aea8734dee778c5d48e0a6106ca12bdb3d2be,422,1,0,0,0,42,0,42,0,40,0,83,0,0.4322916666666667
eval-s20261014-endpoint_omission-24-19011,20261014,endpoint_omission,24,19011,012342d2927b6ff43c45bbbc182a183dd8fa96b473aea8de47a9940e3a11de6c,512,1,1,0,0,39,0,39,0,38,0,74,0,0.3854166666666667
eval-s20261014-endpoint_omission-24-19012,20261014,endpoint_omission,24,19012,def4b2f7863a0671808410b370564bab69af616a3400fecd7a5464a5f66ede70,292,1,0,0,0,1,0,1,0,1,0,1,0,0.005208333333333333
eval-s20261014-endpoint_omission-24-19013,20261014,endpoint_omission,24,19013,30323021a04f81755974f10daa8f01c0d8bfb8f03fccce59b9558f3b18dcc426,147,1,0,0,0,1,0,1,0,1,0,1,0,0.005208333333333333
eval-s20261014-endpoint_omission-24-19014,20261014,endpoint_omission,24,19014,d992ec590971d3858648a92af3715a0ca884f64b8b761244e56eeb206767bd91,168,1,0,0,0,1,0,1,0,1,0,1,0,0.005208333333333333
eval-s20261014-endpoint_omission-24-19015,20261014,endpoint_omission,24,19015,4bbcc0321064f17ebc0ad44419381446c7da8ea7d27294e9d5204d140af29e52,512,0,1,0,0,0,0,0,0,0,0,0,0,0.0
eval-s20261014-endpoint_omission-24-19016,20261014,endpoint_omission,24,19016,bab60efeb94e5ce5126522c6fd41cd96d04eeda8664678b0ecedb168854293db,96,1,0,0,0,39,0,39,0,38,0,74,0,0.3854166666666667
eval-s20261014-endpoint_omission-24-19017,20261014,endpoint_omission,24,19017,bb7b03693cbd8d600e683d0f0e134c7335bccd06d6fd07da2891928c45d97c85,73,1,0,0,0,2,0,2,0,1,0,1,0,0.005208333333333333
eval-s20261014-endpoint_omission-24-19018,20261014,endpoint_omission,24,19018,661c25bdf07085802a80bbfda1ff94c753f56a9c63ec25eb0fd2112314197581,233,1,0,0,0,2,0,2,0,1,0,1,0,0.005208333333333333
eval-s20261014-endpoint_omission-24-19019,20261014,endpoint_omission,24,19019,bfa56c9bfca6c308979cbb54e93342a21a9430fecd092d841134f8dbfcda0dc3,81,1,0,0,0,28,0,18,0,12,0,58,0,0.3020833333333333
eval-s20261014-endpoint_omission-24-19020,20261014,endpoint_omission,24,19020,572ec74211b8dd10d9a42d24478f77e6659e6e33fbe51dff9531e2573a10c9dd,194,1,0,0,0,2,0,1,0,2,0,4,0,0.020833333333333332
eval-s20261014-endpoint_omission-24-19021,20261014,endpoint_omission,24,19021,8cfeeeaf312c307cd64005a57cab36242039d9b96a3e6e03381f4b9953c27338,93,1,0,0,0,96,1,57,1,57,1,192,1,1.0
eval-s20261014-endpoint_omission-24-19022,20261014,endpoint_omission,24,19022,a3bd134a5d06c4658562cf0b7263439052506d0ba7b8355ee0431df77d9a5fc6,68,1,0,0,0,0,0,0,0,0,0,0,0,0.0
eval-s20261014-endpoint_omission-24-19023,20261014,endpoint_omission,24,19023,dfaeea4010348f444650767a78c9edc410df2a7b25c6cc2536d8f86ae2a62628,130,1,0,0,0,1,0,1,0,1,0,1,0,0.005208333333333333
eval-s20261014-endpoint_omission-24-19024,20261014,endpoint_omission,24,19024,ed3c6e9f4d8dbf2e6fb030a46f5827281f91661c1a2bca2153beead8b089e418,456,1,0,0,0,22,0,12,0,13,0,41,0,0.21354166666666666
eval-s20261014-endpoint_omission-24-19025,20261014,endpoint_omission,24,19025,ac004e09ddfa2bd284ecb1148e09fb87dce27eded2c6cef3fa72084d7a9a43c5,78,1,0,0,0,39,0,39,0,38,0,74,0,0.3854166666666667
eval-s20261014-endpoint_omission-24-19026,20261014,endpoint_omission,24,19026,0467ed8ad2cecbc39b951b7a6efdc48fd9555dd5dfe1221f4a0afe49a5358e25,77,1,0,0,0,0,0,0,0,0,0,0,0,0.0
eval-s20261014-endpoint_omission-24-19027,20261014,endpoint_omission,24,19027,ee777982393d902c68b3d3ee946c6948e4f9bd01657b8b1155f89f99e71ba7f2,211,1,0,0,0,1,0,1,0,1,0,1,0,0.005208333333333333
eval-s20261014-endpoint_omission-24-19028,20261014,endpoint_omission,24,19028,b6c1842c0bf55380bf2835b3ff582adcbc047aaeb1d0c1c1864013756dcb2f9a,512,1,1,0,0,0,0,0,0,0,0,0,0,0.0
eval-s20261014-endpoint_omission-24-19029,20261014,endpoint_omission,24,19029,a98276fdbbb2e444166aa09dd3e2c612e5d5c747cf7d393cd004ff44e562c786,143,1,0,0,0,1,0,1,0,1,0,1,0,0.005208333333333333
eval-s20261014-endpoint_omission-24-19030,20261014,endpoint_omission,24,19030,90f630f22bde4942be7a6f95154b61fe94f9861eee5b3fd58c7d82915fcb5523,117,1,0,0,0,1,0,1,0,1,0,1,0,0.005208333333333333
eval-s20261014-endpoint_omission-24-19031,20261014,endpoint_omission,24,19031,dbc74d46e4aeff5853e562fab63e888e675fe8fc37a149b8f3dfc87e499ada2d,155,1,0,0,0,39,0,39,0,38,0,74,0,0.3854166666666667
eval-s20261014-endpoint_omission-24-19032,20261014,endpoint_omission,24,19032,e91180a20dd1650ae27d21e9c933d0d224840f0b27dee7db46232c383a50e255,467,1,0,0,0,96,1,57,1,57,1,192,1,1.0
eval-s20261014-endpoint_omission-24-19033,20261014,endpoint_omission,24,19033,f663fe071c725612b5c0b861f578b6bb3fa993bf2434e8d4663c641831f89da1,273,1,0,0,0,95,0,56,0,56,0,191,0,0.9947916666666666
eval-s20261014-endpoint_omission-24-19034,20261014,endpoint_omission,24,19034,fbf10935fb87508a7368d4b3bccf180d06670a68193420ad86b0c63a396d1009,155,1,0,0,0,28,0,18,0,12,0,58,0,0.3020833333333333
eval-s20261014-endpoint_omission-24-19035,20261014,endpoint_omission,24,19035,3e9d484c371fee2ab979c1b649f66f3504beb88657e52d489f65a83ad54cfb0e,512,1,1,0,0,0,0,0,0,0,0,0,0,0.0
eval-s20261014-endpoint_omission-24-19036,20261014,endpoint_omission,24,19036,0dad99324e353e8f345b93280e0b230aee4d15c92b291e3b6bccf6aac67b841d,512,1,1,0,0,1,0,1,0,1,0,1,0,0.005208333333333333
eval-s20261014-endpoint_omission-24-19037,20261014,endpoint_omission,24,19037,e50f3ce9a547d4738cf915697778107476d9541c67c0269c2d41ab2357a8d614,512,1,1,0,0,54,0,53,0,45,0,111,0,0.578125
eval-s20261014-endpoint_omission-24-19038,20261014,endpoint_omission,24,19038,2ce616da068b62f7a00c3b4805fe4a071b6b7869b9287d8ec6a1ad203aa41b8d,110,1,0,0,0,12,0,4,0,8,0,23,0,0.11979166666666667
eval-s20261014-endpoint_omission-24-19039,20261014,endpoint_omission,24,19039,cd52fa42bbc8a5c522fc55ef3ff92a30f6a0fd94bf1ef1034f7ff5a75527728d,453,1,0,0,0,96,1,57,1,57,1,192,1,1.0
eval-s20261014-endpoint_omission-24-19040,20261014,endpoint_omission,24,19040,5b1ac0d1429286fa2627f24f278aab4c66cf7062f4e127d5363af51e17d94b9f,512,0,1,0,0,0,0,0,0,0,0,0,0,0.0
eval-s20261014-endpoint_omission-24-19041,20261014,endpoint_omission,24,19041,f559bb3929ffad0b59d97fb325a7d16ef3c24eef391e8d1d4092afdfebefc12f,158,1,0,0,0,96,1,57,1,57,1,192,1,1.0
eval-s20261014-endpoint_omission-24-19042,20261014,endpoint_omission,24,19042,b15858978b7c94fd30ca06b8e5b1c0e8e50e4d27fbe0f5dca317e635f63b649d,147,1,0,0,0,0,0,0,0,0,0,0,0,0.0
eval-s20261014-endpoint_omission-24-19043,20261014,endpoint_omission,24,19043,e36579f2ea96f3c0b8b1b310d1162038bac82189c7cfbd20a7cb56a00c9cbc6e,156,1,0,0,0,0,0,0,0,0,0,0,0,0.0
eval-s20261014-endpoint_omission-24-19044,20261014,endpoint_omission,24,19044,27f743a0c3b7d415d718abbfcaa095534d95c5a944549db3d950815e244548fb,398,1,0,0,0,96,1,57,1,57,1,192,1,1.0
eval-s20261014-endpoint_omission-24-19045,20261014,endpoint_omission,24,19045,b5ef19eaebf4c0895c9b47229c95e45e3d1416f3c8d406a073ab98be8ec452c1,454,1,0,0,0,39,0,39,0,38,0,74,0,0.3854166666666667
eval-s20261014-endpoint_omission-24-19046,20261014,endpoint_omission,24,19046,e2b360f11f07643a04031a4027a407001ab308fedf60cf5c31559c1f8de8f817,453,1,0,0,0,96,1,57,1,57,1,192,1,1.0
eval-s20261014-endpoint_omission-24-19047,20261014,endpoint_omission,24,19047,74fb6d55d287b82c780e493a2587eb34de6d8ddc502a17dad974bbeb19c161b9,132,1,0,0,0,39,0,39,0,38,0,74,0,0.3854166666666667
eval-s20261014-endpoint_omission-24-19048,20261014,endpoint_omission,24,19048,9e3bc789a0d6bbc18de5e5778f613c3b65af2c6c0280cc5891af803f91b4f2d9,192,1,0,0,0,36,0,27,0,22,0,79,0,0.4114583333333333
eval-s20261014-endpoint_omission-24-19049,20261014,endpoint_omission,24,19049,76aa205027b44649ed6e28abb92f041de7bb211a283e94acb9d8b492dd2c6fea,186,1,0,0,0,1,0,1,0,1,0,1,0,0.005208333333333333
eval-s20261014-endpoint_omission-24-19050,20261014,endpoint_omission,24,19050,ea5f65d0b88735104683b8bbbd267bd6f1a44071ace9ec3f3f6ba4ac3be06ccf,110,1,0,0,0,2,0,2,0,1,0,1,0,0.005208333333333333
eval-s20261014-endpoint_omission-24-19051,20261014,endpoint_omission,24,19051,cedbdbce8f2a518b6d4f244ff1fa7ef3ad5017051facf22aa954b139d4bcb1fc,118,1,0,0,0,96,1,57,1,57,1,192,1,1.0
eval-s20261014-endpoint_omission-24-19052,20261014,endpoint_omission,24,19052,16caf294ecf4077acf95a1096321f9c2b60ff7245d21b4bac9e3ee4a17d1b791,426,1,0,0,0,0,0,0,0,0,0,0,0,0.0
eval-s20261014-endpoint_omission-24-19053,20261014,endpoint_omission,24,19053,40d124844ae72c64256ebcb49f81035ba531135ceb225afd0b686035a89663d3,512,1,1,0,0,96,1,57,1,57,1,192,1,1.0
eval-s20261014-endpoint_omission-24-19054,20261014,endpoint_omission,24,19054,7f9563bed987514e7014dddc8e0273e0547c4d50e7dc9f4ac57fc6b6941322a1,171,1,0,0,0,0,0,0,0,0,0,0,0,0.0
eval-s20261014-endpoint_omission-24-19055,20261014,endpoint_omission,24,19055,a55e5a2d8f6b98eb39ad4b294859a9718c5aebfa7a848d8e07cc6d73a8f8198e,183,1,0,0,0,1,0,1,0,1,0,1,0,0.005208333333333333
eval-s20261014-endpoint_omission-24-19056,20261014,endpoint_omission,24,19056,e866ec2cfbacb9bfbfee99982eeccc45f71345ef3282ba795a92382ff63468d5,200,1,0,0,0,18,0,8,0,3,0,39,0,0.203125
eval-s20261014-endpoint_omission-24-19057,20261014,endpoint_omission,24,19057,18bf5dbd9a804b4b7937b1f14cc2f69c50453653361a1d4884a034cc559c478a,217,1,0,0,0,96,1,57,1,57,1,192,1,1.0
eval-s20261014-endpoint_omission-24-19058,20261014,endpoint_omission,24,19058,866bd4416c5d50453b004a31f853f480a45f085692fe91a7f20f5b9a14089b50,282,1,0,0,0,36,0,27,0,22,0,79,0,0.4114583333333333
eval-s20261014-endpoint_omission-24-19059,20261014,endpoint_omission,24,19059,d35dadeeca45a61908b2c51bfe0459458cb42df9b2c70ee1f0c421f61d5fcb78,489,1,0,0,0,39,0,39,0,38,0,74,0,0.3854166666666667
eval-s20261014-endpoint_omission-24-19060,20261014,endpoint_omission,24,19060,105eb304e7aa59c07a32cb352e5ebef9e3c8b944521e520fcd9f707243cd0cdd,512,1,1,0,0,0,0,0,0,0,0,0,0,0.0
eval-s20261014-endpoint_omission-24-19061,20261014,endpoint_omission,24,19061,647972a5c53bc9e3db032ffd929bcc99acb0134f1dc7d559ba1ac9d8941916fc,274,1,0,0,0,96,1,57,1,57,1,192,1,1.0
eval-s20261014-endpoint_omission-24-19062,20261014,endpoint_omission,24,19062,5ffc6c431f63d3f4a3ff795406906d7376844a8aa43c3f4616b5cd612b9ba3a5,416,1,0,0,0,6,0,4,0,3,0,12,0,0.0625
eval-s20261014-endpoint_omission-24-19063,20261014,endpoint_omission,24,19063,68d6b90b9974fad261c33aa747e56535212e9dbdcaad3aa991793ba13d571132,325,1,0,0,0,30,0,27,0,26,0,54,0,0.28125
eval-s20261014-endpoint_omission-24-19064,20261014,endpoint_omission,24,19064,7ba72e2801968e89f44c2db35684974c6189d2136b6b64af39286ee1cd308f4e,386,1,0,0,0,96,1,57,1,57,1,192,1,1.0
eval-s20261014-endpoint_omission-24-19065,20261014,endpoint_omission,24,19065,33b321b1433e3feb0f63992201b97b6676b15314a17850fe017da48d4f77ae6b,188,1,0,0,0,1,0,1,0,1,0,1,0,0.005208333333333333
eval-s20261014-endpoint_omission-24-19066,20261014,endpoint_omission,24,19066,08a5377a7171797b9b7043703bdcc259cacd38f9d3666c8188f5d11dc66064e2,512,1,1,0,0,0,0,0,0,0,0,0,0,0.0
eval-s20261014-endpoint_omission-24-19067,20261014,endpoint_omission,24,19067,00d113108887a962e6efb6ba4dd58cc7eb618c7d6829011125ded41645a178ec,238,1,0,0,0,1,0,1,0,1,0,1,0,0.005208333333333333
eval-s20261014-endpoint_omission-24-19068,20261014,endpoint_omission,24,19068,5d8d1f257e9c994c905f16b140b5f0a7949a8e59c8d63f870eec5598d631c394,512,1,1,0,0,1,0,1,0,1,0,1,0,0.005208333333333333
eval-s20261014-endpoint_omission-24-19069,20261014,endpoint_omission,24,19069,92d0691bb6c7d23c31cc842cb6758b3d6c9b9a4d20a45f3dcd4c8ebe91c0c442,452,1,0,0,0,96,1,57,1,57,1,192,1,1.0
eval-s20261014-endpoint_omission-24-19070,20261014,endpoint_omission,24,19070,f5b65cccc47dfbd90625d9e6ead6512c03bf553eab81a028b9196fe49c856054,146,1,0,0,0,65,0,40,0,40,0,143,0,0.7447916666666666
eval-s20261014-endpoint_omission-24-19071,20261014,endpoint_omission,24,19071,672e57cc947775552b81b23e9892e2f98a0618ce06f17e25c93f8d1695d79b08,221,1,0,0,0,0,0,0,0,0,0,0,0,0.0
eval-s20261014-endpoint_omission-24-19072,20261014,endpoint_omission,24,19072,6a58848046f449e1b362e7216dcc35d0ed3cae0959f65cbfffa00ffe66810b61,95,1,0,0,0,96,1,57,1,57,1,192,1,1.0
eval-s20261014-endpoint_omission-24-19073,20261014,endpoint_omission,24,19073,853ff34c84c78fd2fbea789a95aa802c3874334d8b9ab2a7d762b5e99bb723d6,128,1,0,0,0,52,0,44,0,45,0,104,0,0.5416666666666666
eval-s20261014-endpoint_omission-24-19074,20261014,endpoint_omission,24,19074,f4d1613a5be8a08b24f66b2548f159a623358955a3681790c738ab1187ac5361,133,1,0,0,0,39,0,39,0,38,0,74,0,0.3854166666666667
eval-s20261014-endpoint_omission-24-19075,20261014,endpoint_omission,24,19075,62ca4159e6153313b66bb1d8fb659e32ad125230b1cda19edd6bea27d4e0958a,512,1,1,0,0,96,1,57,1,57,1,192,1,1.0
eval-s20261014-endpoint_omission-24-19076,20261014,endpoint_omission,24,19076,e27f58f526430a1045f3f123fdb0127d14020d225ebad79b56a8a6ba5746beae,249,1,0,0,0,39,0,39,0,38,0,74,0,0.3854166666666667
eval-s20261014-endpoint_omission-24-19077,20261014,endpoint_omission,24,19077,827fc040386bbbcea8d95a003401ce2b882bfb96208463c99a8d401c0c6a8f49,95,1,0,0,0,96,1,57,1,57,1,192,1,1.0
eval-s20261014-endpoint_omission-24-19078,20261014,endpoint_omission,24,19078,c94895f9ea33bb6feda177d9cde4ae9f57f6715aa8d74772a6e54f596c451f5c,180,1,0,0,0,1,0,1,0,0,0,0,0,0.0
eval-s20261014-endpoint_omission-24-19079,20261014,endpoint_omission,24,19079,d9323adc4aeb669b2ed4262fa51f41dab229e155a407d7c13fa4d450da9eb7e1,512,1,1,0,0,0,0,0,0,0,0,0,0,0.0
eval-s20261014-endpoint_omission-24-19080,20261014,endpoint_omission,24,19080,6c2a24e2be5b497854d6116d9b487c7b10e72d70921f248e66d36a79b8b28ecd,370,1,0,0,0,49,0,43,0,45,0,101,0,0.5260416666666666
eval-s20261014-endpoint_omission-24-19081,20261014,endpoint_omission,24,19081,69aa21faa80ed476e4bf3c2159c19a2c719c40c698580464eeaf0ad1b660b452,512,1,1,0,0,0,0,0,0,0,0,0,0,0.0
eval-s20261014-endpoint_omission-24-19082,20261014,endpoint_omission,24,19082,d4abfef3fb79bf86e2706d8a1ea0b006fa3bc1652547b8300aae4c75e88578b0,207,1,0,0,0,96,1,57,1,57,1,192,1,1.0
eval-s20261014-endpoint_omission-24-19083,20261014,endpoint_omission,24,19083,3a8b2cf909b49e460767347689db719c78535343d110ed291fcdba2d7a376ed1,233,1,0,0,0,96,1,57,1,57,1,192,1,1.0
eval-s20261014-endpoint_omission-24-19084,20261014,endpoint_omission,24,19084,b66fdb0257867b5d1b83c8ba31e0746967bb0ba49a3e195659f2ec5be69b53a1,270,1,0,0,0,1,0,1,0,1,0,1,0,0.005208333333333333
eval-s20261014-endpoint_omission-24-19085,20261014,endpoint_omission,24,19085,e1d8c1a9711dd187e9a4840c3b04086704488f06266bb85277854e26bfc2e289,512,1,1,0,0,96,1,57,1,57,1,192,1,1.0
eval-s20261014-endpoint_omission-24-19086,20261014,endpoint_omission,24,19086,16ecb7dc3d4408f36f0a8405b56cbddd496bbd723cf7c81ccc8aa9b8e23ff6df,413,1,0,0,0,96,1,57,1,57,1,192,1,1.0
eval-s20261014-endpoint_omission-24-19087,20261014,endpoint_omission,24,19087,fbf0cb0781d1472e6ab03d5248a2f49c412a2921f17387ef7e6bf5de3d516284,95,1,0,0,0,96,1,57,1,57,1,192,1,1.0
eval-s20261014-endpoint_omission-24-19088,20261014,endpoint_omission,24,19088,5e3e661bdc84ad24e176078fb23bb78d04875bd188d6264013463369705e79f4,237,1,0,0,0,18,0,11,0,12,0,35,0,0.18229166666666666
eval-s20261014-endpoint_omission-24-19089,20261014,endpoint_omission,24,19089,5b53047c303deb5d5ea43b5ff36872828247474e8f39074cd0a2f7eb83cc4331,121,1,0,0,0,39,0,39,0,38,0,74,0,0.3854166666666667
eval-s20261014-endpoint_omission-24-19090,20261014,endpoint_omission,24,19090,b1931f7c2beadf561a4da8ab2bc34a4c65775a89b2eba513ccbd4653dba8e9cb,372,1,0,0,0,0,0,0,0,0,0,0,0,0.0
eval-s20261014-endpoint_omission-24-19091,20261014,endpoint_omission,24,19091,be38259abf4a5cadd5143c5510a83deb1e38715ad07f5017ea76e22c52a91940,512,1,1,0,0,0,0,0,0,0,0,0,0,0.0
eval-s20261014-endpoint_omission-24-19092,20261014,endpoint_omission,24,19092,b0ba0398c38cf1ffb822bd4b3aebd7f8c7c98fd4900ed2366fc36f2502b2000e,205,1,0,0,0,96,1,57,1,57,1,192,1,1.0
eval-s20261014-endpoint_omission-24-19093,20261014,endpoint_omission,24,19093,6fd41c02ecc52def6c6873667351009b6a36385d214488423de0a1682ca806ee,461,1,0,0,0,0,0,0,0,0,0,0,0,0.0
eval-s20261014-endpoint_omission-24-19094,20261014,endpoint_omission,24,19094,6d6ba1e9b57f9f1eddde96acbd8ec6645f9b2bdab5ed1125ac9a7e3059cf6bbf,380,1,0,0,0,0,0,0,0,0,0,0,0,0.0
eval-s20261014-endpoint_omission-24-19095,20261014,endpoint_omission,24,19095,9f0d0ac9387d6f27546917debf77844fe671f775336a454e72ec1ff7aacd103e,204,1,0,0,0,28,0,18,0,12,0,58,0,0.3020833333333333
eval-s20261014-endpoint_omission-24-19096,20261014,endpoint_omission,24,19096,c070ab30fd5752347c0d018002028125d5c69345523005db3e9aede7f1a32c06,184,1,0,0,0,96,1,57,1,57,1,192,1,1.0
eval-s20261014-endpoint_omission-24-19097,20261014,endpoint_omission,24,19097,503a208afecd3c9e09e464b0972de1d2294c276cde7b5603386332018482a2bc,74,1,0,0,0,1,0,1,0,1,0,1,0,0.005208333333333333
eval-s20261014-endpoint_omission-24-19098,20261014,endpoint_omission,24,19098,b3732d1272367dd2efedf2333dc45b81c0a190c6900ab697642f68e1c406b794,261,1,0,0,0,36,0,27,0,22,0,79,0,0.4114583333333333
eval-s20261014-endpoint_omission-24-19099,20261014,endpoint_omission,24,19099,0e9e5d27e5288fb70ff6fdf75c50439bf52166e12f2b9fa753ce9ff2538f22ba,213,1,0,1,1,64,0,57,1,49,0,127,0,0.6614583333333334
eval-s20261014-endpoint_omission-24-19100,20261014,endpoint_omission,24,19100,0906cff2b42562e1a54e32eff7add317b8f82741be12dbb064244ce725e0efae,163,1,0,0,0,1,0,1,0,1,0,1,0,0.005208333333333333
eval-s20261014-endpoint_omission-24-19101,20261014,endpoint_omission,24,19101,8aad4d9911ba5f9403d3d30d7a53f7b24572aad28e76a14c75b1e81721c3b223,158,1,0,0,0,0,0,0,0,0,0,0,0,0.0
eval-s20261014-endpoint_omission-24-19102,20261014,endpoint_omission,24,19102,49cb5eb978dc24cadf497291475c9e1be20b409e406466540b991dab95d53574,191,1,0,0,0,1,0,1,0,1,0,1,0,0.005208333333333333
eval-s20261014-endpoint_omission-24-19103,20261014,endpoint_omission,24,19103,4fb8200e436c1487f6890913ab53347dd5157b8e0dba86bbf037bf6ee5c6c4e0,207,1,0,0,0,96,1,57,1,57,1,192,1,1.0
eval-s20261014-endpoint_omission-24-19104,20261014,endpoint_omission,24,19104,8821fce341ca77952cc34155034d092c8e832e33a3638df855bcde197be8409a,512,1,1,0,0,0,0,0,0,0,0,0,0,0.0
eval-s20261014-endpoint_omission-24-19105,20261014,endpoint_omission,24,19105,994e8adbedea3e3e5689103f822a30ddc199294dd750f52cd8ffd5cdec34e32d,413,1,0,0,0,0,0,0,0,0,0,0,0,0.0
eval-s20261014-endpoint_omission-24-19106,20261014,endpoint_omission,24,19106,c5dc5b3c02e2748cb1524b3d3952bd880988d57bf543bb4f54b37edab414c524,476,1,0,0,0,1,0,1,0,1,0,1,0,0.005208333333333333
eval-s20261014-endpoint_omission-24-19107,20261014,endpoint_omission,24,19107,e9405d653e5b2ce95040f15bb4b5dd6718c0a01d6ed39821d21e41c4b080fbd0,512,1,1,0,0,96,1,57,1,57,1,192,1,1.0
eval-s20261014-endpoint_omission-24-19108,20261014,endpoint_omission,24,19108,9b430f47a20378fbe25abb4fed82d7c2961b5f4e0a8f0d86fd455e3ede4ac0ff,444,1,0,0,0,96,1,57,1,57,1,192,1,1.0
eval-s20261014-endpoint_omission-24-19109,20261014,endpoint_omission,24,19109,09ca042a3c44abe8b2cd0426aa30c3569c29d98d789e24bd43025eb00c77bbde,209,1,0,0,0,96,1,57,1,57,1,192,1,1.0
eval-s20261014-endpoint_omission-24-19110,20261014,endpoint_omission,24,19110,4f4d3fbb776dc3b94275c0fcd6cdafe32510e7b628cbe418563b01d394a738a0,146,1,0,0,0,96,1,57,1,57,1,192,1,1.0
eval-s20261014-endpoint_omission-24-19111,20261014,endpoint_omission,24,19111,3d215ccc925196459b791ccb409ad5dffab88c17942c1c1a16b66c0eb9c8fab4,492,1,0,0,0,1,0,1,0,1,0,1,0,0.005208333333333333
eval-s20261014-endpoint_omission-24-19112,20261014,endpoint_omission,24,19112,5b1ac0d1429286fa2627f24f278aab4c66cf7062f4e127d5363af51e17d94b9f,512,0,1,0,0,0,0,0,0,0,0,0,0,0.0
eval-s20261014-endpoint_omission-24-19113,20261014,endpoint_omission,24,19113,2dcbb41f63c934982bc47847ccbeb760243e253eb4081a43f85b7aeaf8ad1e74,271,1,0,0,0,11,0,11,0,10,0,23,0,0.11979166666666667
eval-s20261014-endpoint_omission-24-19114,20261014,endpoint_omission,24,19114,5b1ac0d1429286fa2627f24f278aab4c66cf7062f4e127d5363af51e17d94b9f,512,0,1,0,0,0,0,0,0,0,0,0,0,0.0
eval-s20261014-endpoint_omission-24-19115,20261014,endpoint_omission,24,19115,465e1d409dc26082753e4810c6dbe3f32ffa98b1eeb0b9a7ccff15e502156f47,373,1,0,0,0,96,1,57,1,57,1,192,1,1.0
eval-s20261014-endpoint_omission-24-19116,20261014,endpoint_omission,24,19116,fbe5ca1944e8bf7007347b8b2df644676a3827bfbf801530a36946e2c579a43d,189,1,0,0,0,0,0,0,0,0,0,0,0,0.0
eval-s20261014-endpoint_omission-24-19117,20261014,endpoint_omission,24,19117,1f44abbd65b1c9fb8d7c53d26a91f5091a33865fa654aeffd3f722dde1de3f13,186,1,0,0,0,1,0,1,0,1,0,1,0,0.005208333333333333
eval-s20261014-endpoint_omission-24-19118,20261014,endpoint_omission,24,19118,ae252d60a2efb59c96e6e7d21481418042d943b1b5a26eca16c70d206229ca09,225,1,0,0,0,1,0,1,0,1,0,1,0,0.005208333333333333
eval-s20261014-endpoint_omission-24-19119,20261014,endpoint_omission,24,19119,bc7a578d4da8417de716d099b9672a54b2f8a803c90c0a0e1896e7c62fca0755,263,1,0,0,0,0,0,0,0,0,0,0,0,0.0
eval-s20261014-endpoint_omission-24-19120,20261014,endpoint_omission,24,19120,dcdb6961df97416a08eb0156aac23e2d27ef515626f863dbf9df403c5de847c2,381,1,0,0,0,96,1,57,1,57,1,192,1,1.0
eval-s20261014-endpoint_omission-24-19121,20261014,endpoint_omission,24,19121,06217c1559c21dfab837b8a32d76b068afda23b468f3be47e205f04885c374c6,216,1,0,0,0,0,0,0,0,0,0,0,0,0.0
eval-s20261014-endpoint_omission-24-19122,20261014,endpoint_omission,24,19122,5b1ac0d1429286fa2627f24f278aab4c66cf7062f4e127d5363af51e17d94b9f,512,0,1,0,0,0,0,0,0,0,0,0,0,0.0
eval-s20261014-endpoint_omission-24-19123,20261014,endpoint_omission,24,19123,3de924497c3f80d6596ccf01f92b3d6571b552e585952e77eb06af446a6dc31d,133,1,0,0,0,96,1,57,1,57,1,192,1,1.0
eval-s20261014-endpoint_omission-24-19124,20261014,endpoint_omission,24,19124,b953744187c644a5011154d4e3509e9b829d2c020cf77855e5c22be38377a7e4,250,1,0,0,0,0,0,0,0,0,0,0,0,0.0
eval-s20261014-endpoint_omission-24-19125,20261014,endpoint_omission,24,19125,1eee79197feca6e7520e5af3e1fd9a9deef40dabe1e67615845df15caa3f37f1,100,1,0,0,0,0,0,0,0,0,0,0,0,0.0
eval-s20261014-endpoint_omission-24-19126,20261014,endpoint_omission,24,19126,5fce4d9b05f0a45b08f206b5360025e9cb7c3442d68656b2652dc540409dbe8a,101,1,0,0,0,42,0,25,0,27,0,81,0,0.421875
eval-s20261014-endpoint_omission-24-19127,20261014,endpoint_omission,24,19127,fa20e4eaa5ea75b6ba5b7a46e4d3d9601fc7036508f2c8512bd6427c0394a21b,134,1,0,0,0,96,1,57,1,57,1,192,1,1.0
eval-s20261014-reference-12-19000,20261014,reference,12,19000,8982c35ac5785a70fe94d36b0aa449a935dd83f141168c788c486dec1737377b,454,1,0,0,0,0,0,0,0,0,0,0,0,0.0
eval-s20261014-reference-12-19001,20261014,reference,12,19001,4a57f3ef79029566cc09143eafe72cd1bf105d771e030d50d15fdb5e20c8aea3,298,1,0,0,0,1,0,1,0,1,0,1,0,0.005208333333333333
eval-s20261014-reference-12-19002,20261014,reference,12,19002,41b6a9528c43b3f7335e66c57d075c7dd8acf25a70d2851953e9a0c986e1dcb9,512,1,1,0,0,39,0,39,0,38,0,74,0,0.3854166666666667
eval-s20261014-reference-12-19003,20261014,reference,12,19003,5b1ac0d1429286fa2627f24f278aab4c66cf7062f4e127d5363af51e17d94b9f,512,0,1,0,0,0,0,0,0,0,0,0,0,0.0
eval-s20261014-reference-12-19004,20261014,reference,12,19004,4f1dcee368462cb7e42ddddb58460850c149ffa2b5348652db2ec88de75d4b30,186,1,0,0,0,96,1,57,1,57,1,192,1,1.0
eval-s20261014-reference-12-19005,20261014,reference,12,19005,622c0ee409b129338c139a8643e7ae29962cb2d05a2409058b4544480a9cd03c,120,1,0,0,0,36,0,27,0,22,0,79,0,0.4114583333333333
eval-s20261014-reference-12-19006,20261014,reference,12,19006,db708a4961ee4e7b51bdb32c16553fc2bb2e9a75639a41db751ee65af24906bd,267,1,0,0,0,0,0,0,0,0,0,0,0,0.0
eval-s20261014-reference-12-19007,20261014,reference,12,19007,c21ee8ff06da933af5afa9005413e4d950b86ba14e95c50ca6d154795107ad82,179,1,0,0,0,2,0,2,0,1,0,1,0,0.005208333333333333
eval-s20261014-reference-12-19008,20261014,reference,12,19008,db62b8a7ddcc0017924b422ec05d4d89f23a34efec8146ad916bb3999ae29acf,243,1,0,0,0,39,0,39,0,38,0,74,0,0.3854166666666667
eval-s20261014-reference-12-19009,20261014,reference,12,19009,d87aa0783a7125b6dad4a1363f5f1e07d133c86685068d61f100dba39e56cec5,119,1,0,0,0,2,0,2,0,1,0,1,0,0.005208333333333333
eval-s20261014-reference-12-19010,20261014,reference,12,19010,30305a8011b35e35baff1f3cff29a54ce647584e0fe46f4b7796a4949ad3f38f,328,1,0,1,1,64,0,57,1,49,0,127,0,0.6614583333333334
eval-s20261014-reference-12-19011,20261014,reference,12,19011,0510d66631477326e807f4327dbb08ddf681dfb776a9e00f49b1340c597b2bad,414,1,0,0,0,96,1,57,1,57,1,192,1,1.0
eval-s20261014-reference-12-19012,20261014,reference,12,19012,f314992b8787070628bda809d861ac7a25f6e74be89aaa46f4a4c90ea3049568,165,1,0,0,0,96,1,57,1,57,1,192,1,1.0
eval-s20261014-reference-12-19013,20261014,reference,12,19013,76f3bb568b90b5a2d11da2a419ef408bf42282ac2cab2283a6c297df07888bf3,184,1,0,0,0,72,0,54,0,54,0,141,0,0.734375
eval-s20261014-reference-12-19014,20261014,reference,12,19014,5396d67bba80fca1b7cc3e5216efda1e81f263c3a6ec3e8b31a373f771715486,99,1,0,0,0,39,0,39,0,38,0,74,0,0.3854166666666667
eval-s20261014-reference-12-19015,20261014,reference,12,19015,35d3d807b621b72b0a529c9698cfe8ac063f5ab372358bec523696a80f4e9236,406,1,0,0,0,39,0,39,0,38,0,74,0,0.3854166666666667
eval-s20261014-reference-12-19016,20261014,reference,12,19016,25bd656f56151683fd2e0eed54a513a66154e059d9ebbb9609db17828015c372,177,1,0,0,0,2,0,2,0,1,0,1,0,0.005208333333333333
eval-s20261014-reference-12-19017,20261014,reference,12,19017,135425a497cb6212dcd76b5a0b698aa1456ee5e1ea420ef5d7873be246ec7239,75,1,0,0,0,2,0,2,0,1,0,1,0,0.005208333333333333
eval-s20261014-reference-12-19018,20261014,reference,12,19018,6cd956ab2fb3489e75dd83502efec2903fe946d7cf7fb9a23422100f7fb1ff36,228,1,0,0,0,1,0,1,0,1,0,1,0,0.005208333333333333
eval-s20261014-reference-12-19019,20261014,reference,12,19019,a8d2452f93f349c0b9168de3894deecf45f5cf51d570ecf1ca382245b6d847a8,177,1,0,0,0,1,0,1,0,0,0,0,0,0.0
eval-s20261014-reference-12-19020,20261014,reference,12,19020,a53209cc0d56a664c1e0e6a6ef17cc9757f6a7921916e301923145a9b77753bc,259,1,0,0,0,39,0,39,0,38,0,74,0,0.3854166666666667
eval-s20261014-reference-12-19021,20261014,reference,12,19021,c02c220713b5d3b8826b7734c740beecc1a903d354fc3b13303dc61164894a66,93,1,0,0,0,96,1,57,1,57,1,192,1,1.0
eval-s20261014-reference-12-19022,20261014,reference,12,19022,336e01880727df2af395395ac99fd166be2d57864141581132f5b6f052c3fd71,243,1,0,0,0,1,0,1,0,1,0,1,0,0.005208333333333333
eval-s20261014-reference-12-19023,20261014,reference,12,19023,41824cf144991851c761e801ccfbdaaf65859e7c66a572e1c07e388b5cbfd855,141,1,0,0,0,2,0,2,0,2,0,4,0,0.020833333333333332
eval-s20261014-reference-12-19024,20261014,reference,12,19024,4cf31a700629edc02917cbf64864ba1ab93506e75bec1ece3ee4b56ad0e2b373,512,1,1,0,0,39,0,39,0,38,0,74,0,0.3854166666666667
eval-s20261014-reference-12-19025,20261014,reference,12,19025,ac004e09ddfa2bd284ecb1148e09fb87dce27eded2c6cef3fa72084d7a9a43c5,78,1,0,0,0,39,0,39,0,38,0,74,0,0.3854166666666667
eval-s20261014-reference-12-19026,20261014,reference,12,19026,289f31095d3dbe9d721ad1263ec9bc5a0283ee1d2fe185fe5a034377d161cf63,135,1,0,0,0,28,0,18,0,12,0,58,0,0.3020833333333333
eval-s20261014-reference-12-19027,20261014,reference,12,19027,dd47470a741b710b0d76a2ea58536435d34162fd8a9cb346495b30f9f8348e22,275,1,0,0,0,96,1,57,1,57,1,192,1,1.0
eval-s20261014-reference-12-19028,20261014,reference,12,19028,2ddc4749d0a7b726656ce5995a718dbfe50c64773e5e36ca4596d7a5674f74ce,414,1,0,0,0,40,0,27,0,24,0,83,0,0.4322916666666667
eval-s20261014-reference-12-19029,20261014,reference,12,19029,a98276fdbbb2e444166aa09dd3e2c612e5d5c747cf7d393cd004ff44e562c786,143,1,0,0,0,1,0,1,0,1,0,1,0,0.005208333333333333
eval-s20261014-reference-12-19030,20261014,reference,12,19030,90f630f22bde4942be7a6f95154b61fe94f9861eee5b3fd58c7d82915fcb5523,178,1,0,0,0,1,0,1,0,1,0,1,0,0.005208333333333333
eval-s20261014-reference-12-19031,20261014,reference,12,19031,f3f61e123b927edcb6c47fca539aafb48c67c78b87d1e7f8ba1567159aa60a63,222,1,0,0,0,0,0,0,0,0,0,0,0,0.0
eval-s20261014-reference-24-19000,20261014,reference,24,19000,8982c35ac5785a70fe94d36b0aa449a935dd83f141168c788c486dec1737377b,508,1,0,0,0,0,0,0,0,0,0,0,0,0.0
eval-s20261014-reference-24-19001,20261014,reference,24,19001,9d1ec8bee06b3d58eb54053ee91c4f55812c64c6522f421969e833ebee4be940,268,1,0,0,0,96,1,57,1,57,1,192,1,1.0
eval-s20261014-reference-24-19002,20261014,reference,24,19002,243b0fb6ca108f541f34e8acf733991db1c3c97cc08ef2c38a6e4eea5cf632f2,512,1,1,0,0,68,0,50,0,50,0,137,0,0.7135416666666666
eval-s20261014-reference-24-19003,20261014,reference,24,19003,f906986df83f0f23b67d670b2e961585d7dadc28863176bdb583b6147d3eae96,512,1,1,0,0,0,0,0,0,0,0,0,0,0.0
eval-s20261014-reference-24-19004,20261014,reference,24,19004,16567208bd3a9f78bd7974cf388c143b8d69cbd67f0570d44edfb7c3db86ab78,138,1,0,0,0,96,1,57,1,57,1,192,1,1.0
eval-s20261014-reference-24-19005,20261014,reference,24,19005,b77b51c806240178ac378e99d136ef41d7248a5bdced7a2262277ea3ba0c0d91,184,1,0,0,0,1,0,1,0,1,0,1,0,0.005208333333333333
eval-s20261014-reference-24-19006,20261014,reference,24,19006,feeef65cf7fa1db890fda2dccf4e18ee316a92660b282d9401d04440d44d2629,229,1,0,0,0,25,0,23,0,23,0,50,0,0.2604166666666667
eval-s20261014-reference-24-19007,20261014,reference,24,19007,bb0bfafe85db14cafd1e0a486c3acbd2f7a6ebb428ee78e883563b6833a1779a,373,1,0,0,0,28,0,18,0,12,0,58,0,0.3020833333333333
eval-s20261014-reference-24-19008,20261014,reference,24,19008,f0431b325aad8017595a75f8250bf839c3f3d948072dbbf5502edfaf1138a13a,205,1,0,0,0,21,0,16,0,16,0,36,0,0.1875
eval-s20261014-reference-24-19009,20261014,reference,24,19009,cfcea0772094b0b2a72ff509d0c49320fc8704b216c9ec588fc1a4d811e5c826,193,1,0,0,0,1,0,1,0,1,0,1,0,0.005208333333333333
eval-s20261014-reference-24-19010,20261014,reference,24,19010,7ac93509b3d907cc26b2f639493258bc104386836019f9726a6390d997f6c511,330,1,0,0,0,96,1,57,1,57,1,192,1,1.0
eval-s20261014-reference-24-19011,20261014,reference,24,19011,0b3953b0e0f3e6ba550d31484708606c32fd8e6c5620dcd25f39ef146fdd5284,439,1,0,0,0,16,0,16,0,15,0,31,0,0.16145833333333334
eval-s20261014-reference-24-19012,20261014,reference,24,19012,24f7bb90f38fe4126e507d9530780ad13514523acfc302c30062a581c8979361,155,1,0,0,0,96,1,57,1,57,1,192,1,1.0
eval-s20261014-reference-24-19013,20261014,reference,24,19013,76f3bb568b90b5a2d11da2a419ef408bf42282ac2cab2283a6c297df07888bf3,184,1,0,0,0,72,0,54,0,54,0,141,0,0.734375
eval-s20261014-reference-24-19014,20261014,reference,24,19014,b2e864de51f11cc028a356f183e9aa41075d9e759cee1ca431aeeabe50028a02,230,1,0,0,0,96,1,57,1,57,1,192,1,1.0
eval-s20261014-reference-24-19015,20261014,reference,24,19015,102acfb559306ebcaf55fdccc1d8442010fa4b923c479f95b014859b00431b70,430,1,0,0,0,2,0,2,0,1,0,1,0,0.005208333333333333
eval-s20261014-reference-24-19016,20261014,reference,24,19016,25bd656f56151683fd2e0eed54a513a66154e059d9ebbb9609db17828015c372,177,1,0,0,0,2,0,2,0,1,0,1,0,0.005208333333333333
eval-s20261014-reference-24-19017,20261014,reference,24,19017,531bc0be1d51547bf9b4ddecae7113378dd924c7dbca2e0258cee7678039bf5b,76,1,0,0,0,2,0,2,0,1,0,1,0,0.005208333333333333
eval-s20261014-reference-24-19018,20261014,reference,24,19018,b2948f34e84c523ed8db283bf902aadce2f5a331a029eb88123b3fef73a51bb7,260,1,0,0,0,39,0,39,0,38,0,74,0,0.3854166666666667
eval-s20261014-reference-24-19019,20261014,reference,24,19019,af9914460f8b4474dc47f4aed6f04295bf8e8a14351d788224a07e0cf9be98d4,165,1,0,0,0,0,0,0,0,0,0,0,0,0.0
eval-s20261014-reference-24-19020,20261014,reference,24,19020,64a09a81183d27fa539ca7991239df20b7c0d27aefd7c6720fe9e63d59b91dcc,140,1,0,0,0,2,0,2,0,1,0,1,0,0.005208333333333333
eval-s20261014-reference-24-19021,20261014,reference,24,19021,c02c220713b5d3b8826b7734c740beecc1a903d354fc3b13303dc61164894a66,93,1,0,0,0,96,1,57,1,57,1,192,1,1.0
eval-s20261014-reference-24-19022,20261014,reference,24,19022,a3bd134a5d06c4658562cf0b7263439052506d0ba7b8355ee0431df77d9a5fc6,95,1,0,0,0,0,0,0,0,0,0,0,0,0.0
eval-s20261014-reference-24-19023,20261014,reference,24,19023,4c9470fef9b6a44b6b008dddff61221262a88edcdf5eaf49fb95a6afbd7bf247,158,1,0,0,0,28,0,18,0,12,0,58,0,0.3020833333333333
eval-s20261014-reference-24-19024,20261014,reference,24,19024,4cf31a700629edc02917cbf64864ba1ab93506e75bec1ece3ee4b56ad0e2b373,512,1,1,0,0,39,0,39,0,38,0,74,0,0.3854166666666667
eval-s20261014-reference-24-19025,20261014,reference,24,19025,ac004e09ddfa2bd284ecb1148e09fb87dce27eded2c6cef3fa72084d7a9a43c5,78,1,0,0,0,39,0,39,0,38,0,74,0,0.3854166666666667
eval-s20261014-reference-24-19026,20261014,reference,24,19026,0467ed8ad2cecbc39b951b7a6efdc48fd9555dd5dfe1221f4a0afe49a5358e25,77,1,0,0,0,0,0,0,0,0,0,0,0,0.0
eval-s20261014-reference-24-19027,20261014,reference,24,19027,39063407e406a0b8a18e1a0a8e33b7948122e9159adfa610cdea78d3d62293f9,424,1,0,0,0,96,1,57,1,57,1,192,1,1.0
eval-s20261014-reference-24-19028,20261014,reference,24,19028,228e6777e893b1c2588436e552fb7112ad17ff50546f1879949ffe4802e8271f,427,1,0,0,0,39,0,26,0,23,0,82,0,0.4270833333333333
eval-s20261014-reference-24-19029,20261014,reference,24,19029,a98276fdbbb2e444166aa09dd3e2c612e5d5c747cf7d393cd004ff44e562c786,143,1,0,0,0,1,0,1,0,1,0,1,0,0.005208333333333333
eval-s20261014-reference-24-19030,20261014,reference,24,19030,faae4bc5b908791c4403bfed671710e31a79bfcb03c0d95a16d622fe5f396ac8,189,1,0,0,0,2,0,2,0,2,0,2,0,0.010416666666666666
eval-s20261014-reference-24-19031,20261014,reference,24,19031,7c97cbeead0193af6f9e9a7c31c45bbbc69551cf299818a8cf46149a249c2a6d,381,1,0,0,0,39,0,39,0,38,0,74,0,0.3854166666666667
eval-s20261014-reference-24-19032,20261014,reference,24,19032,fc9fd3a6f86ca3f5d23679936fe0f4085bced37a6970af69c414d5ab26fba932,512,1,1,0,0,0,0,0,0,0,0,0,0,0.0
eval-s20261014-reference-24-19033,20261014,reference,24,19033,f663fe071c725612b5c0b861f578b6bb3fa993bf2434e8d4663c641831f89da1,319,1,0,0,0,95,0,56,0,56,0,191,0,0.9947916666666666
eval-s20261014-reference-24-19034,20261014,reference,24,19034,9b85e4d1943ca70550db97f1b0011868657a732776c8e4f001552d0262cbabc6,161,1,0,0,0,28,0,18,0,12,0,58,0,0.3020833333333333
eval-s20261014-reference-24-19035,20261014,reference,24,19035,7c6a4cbb4c5b7a1a46c6dc368b2e2b49fecb3b2156e1ee5cd6c20720523727f4,353,1,0,0,0,28,0,18,0,12,0,58,0,0.3020833333333333
eval-s20261014-reference-24-19036,20261014,reference,24,19036,8c6cc29a44f1bbc1effbe5edbd21b4bb7a46c68d0790c691f1b60abfe97cec18,407,1,0,0,0,28,0,18,0,12,0,58,0,0.3020833333333333
eval-s20261014-reference-24-19037,20261014,reference,24,19037,14f7d7bdc8b68978ca1ea52e7fd38aa52abe3c42e54a0e68c0143158dea7d5b9,512,1,1,0,0,1,0,1,0,1,0,1,0,0.005208333333333333
eval-s20261014-reference-24-19038,20261014,reference,24,19038,763102403ba464c12cff52cf6b56a4bb3f352e0b79603a012d5e827b8c35656c,118,1,0,0,0,10,0,10,0,9,0,19,0,0.09895833333333333
eval-s20261014-reference-24-19039,20261014,reference,24,19039,22e3e8785bd47061d218e2f6ec53fba998d7b92a7300f489f908657787cace92,113,1,0,0,0,96,1,57,1,57,1,192,1,1.0
eval-s20261014-reference-24-19040,20261014,reference,24,19040,f43f2c013b5b70dbbe17e17df3f9345438e99b30dd3bdd0326a75b8c5cce3f37,489,1,0,0,0,39,0,39,0,38,0,74,0,0.3854166666666667
eval-s20261014-reference-24-19041,20261014,reference,24,19041,083dabbd82bd7c3db4ea43e1922d6a9a23496a28758f7a12fb50bcb651ccc9c1,138,1,0,0,0,39,0,39,0,38,0,74,0,0.3854166666666667
eval-s20261014-reference-24-19042,20261014,reference,24,19042,017c747abb8aa0e8b242b408c5c220f2a10ada43ad68857fb88f4c5dda03453c,101,1,0,0,0,0,0,0,0,0,0,0,0,0.0
eval-s20261014-reference-24-19043,20261014,reference,24,19043,b3f0cafa4d493dca3a6046d87ebd9734d27327b741d460c76fb1c3642cd44568,161,1,0,0,0,1,0,1,0,1,0,1,0,0.005208333333333333
eval-s20261014-reference-24-19044,20261014,reference,24,19044,5b1ac0d1429286fa2627f24f278aab4c66cf7062f4e127d5363af51e17d94b9f,398,0,0,0,0,0,0,0,0,0,0,0,0,0.0
eval-s20261014-reference-24-19045,20261014,reference,24,19045,daed2b2f8ff2e58f3a8b01c902c2ded19b512e17b987da23a94319c2ee1d5723,512,1,1,0,0,0,0,0,0,0,0,0,0,0.0
eval-s20261014-reference-24-19046,20261014,reference,24,19046,c8f6332443062fbb60531c7c43dd3b2275c7c75c8b6f545a2306de222e53c33d,481,1,0,0,0,96,1,57,1,57,1,192,1,1.0
eval-s20261014-reference-24-19047,20261014,reference,24,19047,fcf2fceeffc92cb0fc42a853a8eb8a1acd0864a945d5dc94bd554a58e31f833b,175,1,0,0,0,96,1,57,1,57,1,192,1,1.0
eval-s20261014-reference-24-19048,20261014,reference,24,19048,3d87fd02b7b9a99dc4f2628b08eded5f933e07ad8023891c00079ad926b3cca9,174,1,0,0,0,1,0,1,0,1,0,1,0,0.005208333333333333
eval-s20261014-reference-24-19049,20261014,reference,24,19049,da5644e6f5f49181db35bf30ac2df14e7f516a8b6a2c35009b715d9a60a0ab38,127,1,0,0,0,64,0,39,0,46,0,124,0,0.6458333333333334
eval-s20261014-reference-24-19050,20261014,reference,24,19050,6fcae61ed59037ea243e23360ad4e60c4e21845e131014ca0442a2b8d38cd6f5,137,1,0,0,0,2,0,2,0,1,0,1,0,0.005208333333333333
eval-s20261014-reference-24-19051,20261014,reference,24,19051,f458789da38d90ebd94eee0da349c767daba92f6c128a41f3304c35fd942c7dd,153,1,0,0,0,96,1,57,1,57,1,192,1,1.0
eval-s20261014-reference-24-19052,20261014,reference,24,19052,18c902b2a404927dd33965cd5004df4fb81ee81df862e4b26f42657f3e1bca73,482,1,0,0,0,0,0,0,0,0,0,0,0,0.0
eval-s20261014-reference-24-19053,20261014,reference,24,19053,bc84d83abd526cd19ace7c11a65bef078e53434a3515eca8048dea4652ac7790,484,1,0,0,0,96,1,57,1,57,1,192,1,1.0
eval-s20261014-reference-24-19054,20261014,reference,24,19054,0a337e2505937420911f7661c0739bb8ed64b8e3930dacf0c544f3381fdd121f,190,1,0,0,0,2,0,2,0,1,0,1,0,0.005208333333333333
eval-s20261014-reference-24-19055,20261014,reference,24,19055,165608b5ea7c260e3b4c0feec49f3d1c403f683c321e684107c1517148dcb611,150,1,0,0,0,1,0,1,0,1,0,1,0,0.005208333333333333
eval-s20261014-reference-24-19056,20261014,reference,24,19056,2ae63a01d5174f567a9d59788362c21cff0288bdc016b344a037ccb40350d7da,182,1,0,0,0,0,0,0,0,0,0,0,0,0.0
eval-s20261014-reference-24-19057,20261014,reference,24,19057,aac0552f36cf4929aa49254026f6ede4fbb5563490aec6a1e95630b91bf58969,129,1,0,0,0,96,1,57,1,57,1,192,1,1.0
eval-s20261014-reference-24-19058,20261014,reference,24,19058,af1762d4fa13b9fd087e850a3ef7f9192813300fe9b1b3026bb42288e919d46c,512,1,1,1,1,64,0,57,1,49,0,127,0,0.6614583333333334
eval-s20261014-reference-24-19059,20261014,reference,24,19059,cdebc5993b8d0e3b520b3a9503344879110211137e96733b323c81c6f701a8eb,450,1,0,0,0,96,1,57,1,57,1,192,1,1.0
eval-s20261014-reference-24-19060,20261014,reference,24,19060,9bd8433df6081770d412ceb03445cfa62008bedd9f0d421c1a35eb9fcfb0c126,415,1,0,0,0,96,1,57,1,57,1,192,1,1.0
eval-s20261014-reference-24-19061,20261014,reference,24,19061,58267eed5392ecbd9fc6ddc3b2cfdc4d5abf5f9c2d2e46b0c103dde0f4b3aad2,190,1,0,0,0,28,0,18,0,12,0,58,0,0.3020833333333333
eval-s20261014-reference-24-19062,20261014,reference,24,19062,d7e2e5aca8433152f4496b87edf4763a1ba34d8c75aca0495003ebf7a825a835,426,1,0,0,0,1,0,1,0,1,0,1,0,0.005208333333333333
eval-s20261014-reference-24-19063,20261014,reference,24,19063,5da81c6be80f4ab9a2ff7d5ee08cd48dc0bfae88434855ef77aab079f0293996,276,1,0,0,0,36,0,27,0,22,0,79,0,0.4114583333333333
eval-s20261014-reference-24-19064,20261014,reference,24,19064,8e69681fdac1f8ec180db89f139e195fac175667ecc95b32df6d0d46859cbd4e,448,1,0,0,0,72,0,54,0,54,0,141,0,0.734375
eval-s20261014-reference-24-19065,20261014,reference,24,19065,ad36ef8d5316fb49d4244d1cc4ec1c4eda4341f3bc5e5e4db44c1eae6148a540,364,1,0,0,0,0,0,0,0,0,0,0,0,0.0
eval-s20261014-reference-24-19066,20261014,reference,24,19066,d19654207ea21fef6a221a7160e6d538b98356e9258773316caa35ab6e67a278,512,1,1,0,0,0,0,0,0,0,0,0,0,0.0
eval-s20261014-reference-24-19067,20261014,reference,24,19067,a803a6e6ff2626698423f154478d9863bc27c24428237e8ef55b4c1b7f690a01,203,1,0,0,0,72,0,54,0,54,0,141,0,0.734375
eval-s20261014-reference-24-19068,20261014,reference,24,19068,5b1ac0d1429286fa2627f24f278aab4c66cf7062f4e127d5363af51e17d94b9f,469,0,0,0,0,0,0,0,0,0,0,0,0,0.0
eval-s20261014-reference-24-19069,20261014,reference,24,19069,ddd348979d7851c62293ff123acf74d86f4ebd327136c2d552eea03283d3c8f0,495,1,0,0,0,0,0,0,0,0,0,0,0,0.0
eval-s20261014-reference-24-19070,20261014,reference,24,19070,0cb6faa0053703cc8643c2bbcf0d734129901cec6d7525726c449c0538583189,271,1,0,0,0,95,0,56,0,56,0,191,0,0.9947916666666666
eval-s20261014-reference-24-19071,20261014,reference,24,19071,c0e651527f7cba7cfd002c30feafce3cc6c050fe96c29b4107c76416ea5d141e,115,1,0,0,0,96,1,57,1,57,1,192,1,1.0
eval-s20261014-reference-24-19072,20261014,reference,24,19072,8167e90ff1864cb3a3fd628d44eced162970432652b5b3962561b58d02c11b8d,98,1,0,0,0,1,0,1,0,1,0,1,0,0.005208333333333333
eval-s20261014-reference-24-19073,20261014,reference,24,19073,731a73e9abf761d1903a43fe2a1debb9956b162f2951bf14b8646623e0814dcd,182,1,0,0,0,1,0,1,0,1,0,1,0,0.005208333333333333
eval-s20261014-reference-24-19074,20261014,reference,24,19074,6ca5b3acfaddfd8ec2f1c2733dad8a3c9f50a01d863c4b3a2df32b9d66f048ac,219,1,0,0,0,39,0,39,0,38,0,74,0,0.3854166666666667
eval-s20261014-reference-24-19075,20261014,reference,24,19075,6ce38a450257545d4d66ff52f4444b283491a33077c6985d1359ee12979dc4bd,477,1,0,0,0,96,1,57,1,57,1,192,1,1.0
eval-s20261014-reference-24-19076,20261014,reference,24,19076,5e7495659f65e991494e6a5bf0496164b4724b6ace7ec69b295880e8510171dc,399,1,0,0,0,28,0,18,0,12,0,58,0,0.3020833333333333
eval-s20261014-reference-24-19077,20261014,reference,24,19077,827fc040386bbbcea8d95a003401ce2b882bfb96208463c99a8d401c0c6a8f49,95,1,0,0,0,96,1,57,1,57,1,192,1,1.0
eval-s20261014-reference-24-19078,20261014,reference,24,19078,64796b1cc920bef450bda4f85162b2fe84543082b89402b90ded063f0dbad2da,194,1,0,0,0,1,0,1,0,1,0,1,0,0.005208333333333333
eval-s20261014-reference-24-19079,20261014,reference,24,19079,60a27a2da298f8ff10ffe273a5947561d74777e32c359b12acbb6e47b23a0179,128,1,0,0,0,28,0,18,0,12,0,58,0,0.3020833333333333
eval-s20261014-reference-24-19080,20261014,reference,24,19080,b6aecf955d3813e23db6117c57956c267b75d0a3a712015ac64f6301b84ae110,375,1,0,0,0,96,1,57,1,57,1,192,1,1.0
eval-s20261014-reference-24-19081,20261014,reference,24,19081,14acdcb90f0efab28039550d16813edad10069c228583df1f31e70f448014d0e,512,1,1,0,0,0,0,0,0,0,0,0,0,0.0
eval-s20261014-reference-24-19082,20261014,reference,24,19082,5a18e6b8dfddcf262f0930aa7b24101e2051e2bc359d5c7367bc341fe4e3083e,189,1,0,0,0,96,1,57,1,57,1,192,1,1.0
eval-s20261014-reference-24-19083,20261014,reference,24,19083,c431f4d18412f6a98f1dac9ff25df097b21dcaaee133c7ac958d3b8ed5d32e6a,174,1,0,0,0,39,0,39,0,38,0,74,0,0.3854166666666667
eval-s20261014-reference-24-19084,20261014,reference,24,19084,ddec4e1b01df38a5cc8443414816e108a0abb023a77a37636460adebb5e2a975,324,1,0,0,0,55,0,54,0,46,0,108,0,0.5625
eval-s20261014-reference-24-19085,20261014,reference,24,19085,ea0aebc09d3d16ad94348c358d1073264dfd836ea26bb3eafae13508ef549f47,162,1,0,0,0,96,1,57,1,57,1,192,1,1.0
eval-s20261014-reference-24-19086,20261014,reference,24,19086,4370b6c76830fc13adc2a3404ee16ec259cc7f33912652a8d52c41f527184b2c,436,1,0,0,0,0,0,0,0,0,0,0,0,0.0
eval-s20261014-reference-24-19087,20261014,reference,24,19087,989987f70dbec0b64883cd2234e56e8f5a96b8996d41a4fd39c425804e5ccc37,95,1,0,0,0,96,1,57,1,57,1,192,1,1.0
eval-s20261014-reference-24-19088,20261014,reference,24,19088,05f2c0353cc4180d8e258b0aa7f301508123a67ca9017ac5591315b76f655862,191,1,0,0,0,1,0,1,0,1,0,1,0,0.005208333333333333
eval-s20261014-reference-24-19089,20261014,reference,24,19089,436a08dcef6f4c30f86ea3c074086ff140584c46d366eb69fa6055842be2bb84,184,1,0,0,0,72,0,54,0,54,0,143,0,0.7447916666666666
eval-s20261014-reference-24-19090,20261014,reference,24,19090,e45ae1a58a429912c686faa4d12deb18d5bd9c5a857f1a4e7d496a01c557a5ad,260,1,0,0,0,28,0,18,0,12,0,58,0,0.3020833333333333
eval-s20261014-reference-24-19091,20261014,reference,24,19091,fd67deebaed1f8d38aae2d4d1fedc6da4a6acf24666472a872bf1e85b9418718,512,1,1,0,0,0,0,0,0,0,0,0,0,0.0
eval-s20261014-reference-24-19092,20261014,reference,24,19092,7e56393811d3adb0f58d31f6c68011e11af7aee398b22b3f2dcba610293e88db,261,1,0,0,0,1,0,1,0,1,0,1,0,0.005208333333333333
eval-s20261014-reference-24-19093,20261014,reference,24,19093,cdc65877c0f33468ab3bdb751fb0c147b8e0daeedbf975ecaa51b385f01461dc,192,1,0,0,0,39,0,39,0,38,0,74,0,0.3854166666666667
eval-s20261014-reference-24-19094,20261014,reference,24,19094,8182accc81800bbc49b0ddf2522b642b510d77f24989eb7654afe42136da98a1,291,1,0,0,0,55,0,54,0,46,0,109,0,0.5677083333333334
eval-s20261014-reference-24-19095,20261014,reference,24,19095,409829e8ec9de37785dc8dc09acfbe8dca14367ed3731736bf9ef2cf922560d7,151,1,0,0,0,2,0,2,0,1,0,1,0,0.005208333333333333
eval-s20261014-reference-24-19096,20261014,reference,24,19096,be5a91aa86ea0aa0b42ae7f0e6f381baad6e509969cf251d3779b092769992a9,159,1,0,0,0,1,0,1,0,1,0,1,0,0.005208333333333333
eval-s20261014-reference-24-19097,20261014,reference,24,19097,c28c0edb0efa01dd3862c3f44eb77d4d08fbc47c007ed21c2ef76a67bc2696ac,148,1,0,0,0,39,0,39,0,38,0,74,0,0.3854166666666667
eval-s20261014-reference-24-19098,20261014,reference,24,19098,b4ea23560c79e87036dc871871acb32bff2522318a5e872a5d1a234a41781254,166,1,0,0,0,36,0,27,0,22,0,79,0,0.4114583333333333
eval-s20261014-reference-24-19099,20261014,reference,24,19099,ac1b26f22269c9fc160d9b7ca3f1ef031c67d4d9046fca9eadfa6211d43698f4,213,1,0,0,0,2,0,2,0,1,0,1,0,0.005208333333333333
eval-s20261014-reference-24-19100,20261014,reference,24,19100,f8c722cb5578c0c03eb192608bcbb044f524262f90ee5b8bde4336980b597fbe,205,1,0,0,0,2,0,2,0,1,0,1,0,0.005208333333333333
eval-s20261014-reference-24-19101,20261014,reference,24,19101,af51159fca72359573a71bf17902c98afbaac296e2d4be4e5791a57bd782b43f,108,1,0,0,0,96,1,57,1,57,1,192,1,1.0
eval-s20261014-reference-24-19102,20261014,reference,24,19102,26d37cb329e07d83bc49166e245b081127d53238b1aa5a0460473f9d7d702702,419,1,0,0,0,39,0,39,0,38,0,74,0,0.3854166666666667
eval-s20261014-reference-24-19103,20261014,reference,24,19103,d161280a0b1a9704203c81c9e1a5ec451b133432250644f916ab391e389a4acf,183,1,0,0,0,96,1,57,1,57,1,192,1,1.0
eval-s20261014-reference-24-19104,20261014,reference,24,19104,115d92b20a2555967f030aa55210bdf5b48968fee89b1f75ddcd5a79871de0d2,125,1,0,0,0,32,0,32,0,32,0,63,0,0.328125
eval-s20261014-reference-24-19105,20261014,reference,24,19105,ffdf9300953efadfbf377d25ac5d3f297875d7d850daa084843cc6515ddfb006,462,1,0,0,0,39,0,39,0,38,0,74,0,0.3854166666666667
eval-s20261014-reference-24-19106,20261014,reference,24,19106,8edde57476dc3b3ec0c43a894f2a857994eecf04c74827f67fb5475781780d3d,512,1,1,0,0,96,1,57,1,57,1,192,1,1.0
eval-s20261014-reference-24-19107,20261014,reference,24,19107,7d40ace23a7c0e9e91c5fa0531efbb95286acc213b109bab206e90193d07486e,512,1,1,0,0,96,1,57,1,57,1,192,1,1.0
eval-s20261014-reference-24-19108,20261014,reference,24,19108,0b2b2bd2383fc36b9c29218378f2a456a7be8786853fff4e908efa8b8af2f401,193,1,0,0,0,1,0,1,0,1,0,1,0,0.005208333333333333
eval-s20261014-reference-24-19109,20261014,reference,24,19109,09ca042a3c44abe8b2cd0426aa30c3569c29d98d789e24bd43025eb00c77bbde,208,1,0,0,0,96,1,57,1,57,1,192,1,1.0
eval-s20261014-reference-24-19110,20261014,reference,24,19110,ff101945727accbe86452a84e249cb589c262dcb75f12dc8dddd3877694c88f0,105,1,0,0,0,96,1,57,1,57,1,192,1,1.0
eval-s20261014-reference-24-19111,20261014,reference,24,19111,bb7f20eec015d418c5a724e0a5dc1b59ef514610b9a6d28620c68763c049f208,512,1,1,0,0,96,1,57,1,57,1,192,1,1.0
eval-s20261014-reference-24-19112,20261014,reference,24,19112,5b1ac0d1429286fa2627f24f278aab4c66cf7062f4e127d5363af51e17d94b9f,512,0,1,0,0,0,0,0,0,0,0,0,0,0.0
eval-s20261014-reference-24-19113,20261014,reference,24,19113,32a5729003ca7ae795aff8081f2b442ea682f39d0ea587c6721a24715ec2fd9e,168,1,0,0,0,28,0,18,0,12,0,58,0,0.3020833333333333
eval-s20261014-reference-24-19114,20261014,reference,24,19114,3f950f75568e9f6a95c317d2ec236cd90e7d85dffaf36da44d67edd77a51ce3e,452,1,0,0,0,1,0,1,0,1,0,1,0,0.005208333333333333
eval-s20261014-reference-24-19115,20261014,reference,24,19115,4297fd1e43497a7caf628341e551c8d376fbe9a7dc23a35f6c6329e211290262,512,1,1,0,0,46,0,42,0,43,0,96,0,0.5
eval-s20261014-reference-24-19116,20261014,reference,24,19116,dbb179a984513c56c62a3706ea434159244ccd39c4cb83c2686d453916b1c3d6,337,1,0,0,0,1,0,1,0,1,0,1,0,0.005208333333333333
eval-s20261014-reference-24-19117,20261014,reference,24,19117,1d8845043106127413c43f53b0d9d1a9e6f945cf1e81288b18825ea0bd142844,129,1,0,0,0,2,0,2,0,1,0,1,0,0.005208333333333333
eval-s20261014-reference-24-19118,20261014,reference,24,19118,8cffad385008db37c535a4e9f393b16c87a4570fbc858f3b8bd512a3c0d81efc,301,1,0,0,0,39,0,39,0,38,0,74,0,0.3854166666666667
eval-s20261014-reference-24-19119,20261014,reference,24,19119,bc7a578d4da8417de716d099b9672a54b2f8a803c90c0a0e1896e7c62fca0755,263,1,0,0,0,0,0,0,0,0,0,0,0,0.0
eval-s20261014-reference-24-19120,20261014,reference,24,19120,5b1ac0d1429286fa2627f24f278aab4c66cf7062f4e127d5363af51e17d94b9f,512,0,1,0,0,0,0,0,0,0,0,0,0,0.0
eval-s20261014-reference-24-19121,20261014,reference,24,19121,b33dbd8aece5315514e941dd4c7c5e035d20df2dcfcb3298ce6045758e5e99ac,332,1,0,0,0,96,1,57,1,57,1,192,1,1.0
eval-s20261014-reference-24-19122,20261014,reference,24,19122,37069f29e586770a4cc6da72800ea88234722da06f70eeadda3ca7e5a2c4fc5e,512,1,1,0,0,0,0,0,0,0,0,0,0,0.0
eval-s20261014-reference-24-19123,20261014,reference,24,19123,fa1c62c052403590c22b742a5c608b08708d05cb82bcbc342510f390750d9780,333,1,0,0,0,1,0,1,0,1,0,1,0,0.005208333333333333
eval-s20261014-reference-24-19124,20261014,reference,24,19124,7e2398d6f26eaed273658a5d0f7e00de0215605ac032aca31c4ea7087898e1ca,118,1,0,0,0,96,1,57,1,57,1,192,1,1.0
eval-s20261014-reference-24-19125,20261014,reference,24,19125,7434a76d9ea3b09e5bbe3fc7ffd49adb42323f1be481815dddf222ffe56295fb,106,1,0,0,0,11,0,7,0,9,0,21,0,0.109375
eval-s20261014-reference-24-19126,20261014,reference,24,19126,fe74754d7644adfa1ac3c072b90f03ec4d9956fb49ce3d108de2eb3246deaf90,106,1,0,0,0,36,0,27,0,22,0,79,0,0.4114583333333333
eval-s20261014-reference-24-19127,20261014,reference,24,19127,52af9db9cc70db32a40fe7a6a8d3fb00f0c595cbed01d89c0195c656d4283788,263,1,0,0,0,96,1,57,1,57,1,192,1,1.0
eval-s20261014-repaired-12-19000,20261014,repaired,12,19000,87b1033a82acdbe7216f5295c9ef438701ea8bbfba2e0f7e4510e229b75b82e3,406,1,0,0,0,96,1,57,1,57,1,192,1,1.0
eval-s20261014-repaired-12-19001,20261014,repaired,12,19001,4a57f3ef79029566cc09143eafe72cd1bf105d771e030d50d15fdb5e20c8aea3,288,1,0,0,0,1,0,1,0,1,0,1,0,0.005208333333333333
eval-s20261014-repaired-12-19002,20261014,repaired,12,19002,bd4aadc43ac118756e263def4594c01957b0dabe9831237c54a17f60e1561a6d,509,1,0,0,0,0,0,0,0,0,0,0,0,0.0
eval-s20261014-repaired-12-19003,20261014,repaired,12,19003,44438bc813608e3c4124cf06d0c3e8ceb46583b3444ea88b54bb311378596699,444,1,0,0,0,96,1,57,1,57,1,192,1,1.0
eval-s20261014-repaired-12-19004,20261014,repaired,12,19004,4f1dcee368462cb7e42ddddb58460850c149ffa2b5348652db2ec88de75d4b30,186,1,0,0,0,96,1,57,1,57,1,192,1,1.0
eval-s20261014-repaired-12-19005,20261014,repaired,12,19005,622c0ee409b129338c139a8643e7ae29962cb2d05a2409058b4544480a9cd03c,120,1,0,0,0,36,0,27,0,22,0,79,0,0.4114583333333333
eval-s20261014-repaired-12-19006,20261014,repaired,12,19006,f783cc7ab3f0130654fccb169143246c47392ea96f67bb23943deae2db4ae813,308,1,0,0,0,1,0,1,0,1,0,1,0,0.005208333333333333
eval-s20261014-repaired-12-19007,20261014,repaired,12,19007,bb0bfafe85db14cafd1e0a486c3acbd2f7a6ebb428ee78e883563b6833a1779a,291,1,0,0,0,28,0,18,0,12,0,58,0,0.3020833333333333
eval-s20261014-repaired-12-19008,20261014,repaired,12,19008,32beb837503c19d19f5b4e32de6345426dac4d4c1c338d66456aa851494a5cf8,118,1,0,0,0,72,0,54,0,54,0,141,0,0.734375
eval-s20261014-repaired-12-19009,20261014,repaired,12,19009,313d9faa9dcde241032606d1bb1ee28b0543a22e70bcc68b3221c501c8ec6bb2,115,1,0,0,0,2,0,2,0,1,0,1,0,0.005208333333333333
eval-s20261014-repaired-12-19010,20261014,repaired,12,19010,8fa5fa3a7544daec5de7c135d40178f85c24326cc223969fbf2be99e1cf109a3,409,1,0,1,1,64,0,57,1,49,0,127,0,0.6614583333333334
eval-s20261014-repaired-12-19011,20261014,repaired,12,19011,c598f02c6d40265cf31e9345eb088912d7db74b8bef35b08a52a4d6ea3a7729d,361,1,0,0,0,1,0,1,0,1,0,1,0,0.005208333333333333
eval-s20261014-repaired-12-19012,20261014,repaired,12,19012,b1177291d8921b2236a20a17b9ce15f62fa53fe1a412a46dd98e22b2173c2da1,209,1,0,1,1,64,0,57,1,49,0,127,0,0.6614583333333334
eval-s20261014-repaired-12-19013,20261014,repaired,12,19013,76f3bb568b90b5a2d11da2a419ef408bf42282ac2cab2283a6c297df07888bf3,184,1,0,0,0,72,0,54,0,54,0,141,0,0.734375
eval-s20261014-repaired-12-19014,20261014,repaired,12,19014,5396d67bba80fca1b7cc3e5216efda1e81f263c3a6ec3e8b31a373f771715486,99,1,0,0,0,39,0,39,0,38,0,74,0,0.3854166666666667
eval-s20261014-repaired-12-19015,20261014,repaired,12,19015,48a18a737c7dbc9e3221155051a4cb5faa43fa9605cbba9b0b9d64c3908530fd,427,1,0,0,0,28,0,18,0,12,0,58,0,0.3020833333333333
eval-s20261014-repaired-12-19016,20261014,repaired,12,19016,25bd656f56151683fd2e0eed54a513a66154e059d9ebbb9609db17828015c372,177,1,0,0,0,2,0,2,0,1,0,1,0,0.005208333333333333
eval-s20261014-repaired-12-19017,20261014,repaired,12,19017,135425a497cb6212dcd76b5a0b698aa1456ee5e1ea420ef5d7873be246ec7239,75,1,0,0,0,2,0,2,0,1,0,1,0,0.005208333333333333
eval-s20261014-repaired-12-19018,20261014,repaired,12,19018,5141d0286233bd0b13bebe3c2b21ddd514af7429f8ff907daf6c12b79b002040,247,1,0,0,0,28,0,18,0,12,0,58,0,0.3020833333333333
eval-s20261014-repaired-12-19019,20261014,repaired,12,19019,a8d2452f93f349c0b9168de3894deecf45f5cf51d570ecf1ca382245b6d847a8,177,1,0,0,0,1,0,1,0,0,0,0,0,0.0
eval-s20261014-repaired-12-19020,20261014,repaired,12,19020,a53209cc0d56a664c1e0e6a6ef17cc9757f6a7921916e301923145a9b77753bc,266,1,0,0,0,39,0,39,0,38,0,74,0,0.3854166666666667
eval-s20261014-repaired-12-19021,20261014,repaired,12,19021,3528202b394c62fcd4bcb4780e73c54b5b284b4b101845aceebc4227addf25ce,90,1,0,0,0,96,1,57,1,57,1,192,1,1.0
eval-s20261014-repaired-12-19022,20261014,repaired,12,19022,336e01880727df2af395395ac99fd166be2d57864141581132f5b6f052c3fd71,243,1,0,0,0,1,0,1,0,1,0,1,0,0.005208333333333333
eval-s20261014-repaired-12-19023,20261014,repaired,12,19023,9bb49497bbe63e07a05800d2ddc109171cc57df7ea1864d77c6aad504d5672c7,198,1,0,0,0,39,0,39,0,38,0,74,0,0.3854166666666667
eval-s20261014-repaired-12-19024,20261014,repaired,12,19024,4aee7eb06be19551274bc345fc521da03d75c3cd17103e61bd76e4f113ae4487,512,1,1,0,0,0,0,0,0,0,0,0,0,0.0
eval-s20261014-repaired-12-19025,20261014,repaired,12,19025,ac004e09ddfa2bd284ecb1148e09fb87dce27eded2c6cef3fa72084d7a9a43c5,78,1,0,0,0,39,0,39,0,38,0,74,0,0.3854166666666667
eval-s20261014-repaired-12-19026,20261014,repaired,12,19026,d0b3ad10e57a1c538fc52591ce05e183eef0f91de960bde11a81b1725782c2ae,285,1,0,0,0,55,0,54,0,46,0,108,0,0.5625
eval-s20261014-repaired-12-19027,20261014,repaired,12,19027,dd47470a741b710b0d76a2ea58536435d34162fd8a9cb346495b30f9f8348e22,307,1,0,0,0,96,1,57,1,57,1,192,1,1.0
eval-s20261014-repaired-12-19028,20261014,repaired,12,19028,2ddc4749d0a7b726656ce5995a718dbfe50c64773e5e36ca4596d7a5674f74ce,414,1,0,0,0,40,0,27,0,24,0,83,0,0.4322916666666667
eval-s20261014-repaired-12-19029,20261014,repaired,12,19029,a4212d3364996810736d0f32677441f10a06696f75a8043ecdfd0abad851aa26,216,1,0,0,0,1,0,1,0,1,0,1,0,0.005208333333333333
eval-s20261014-repaired-12-19030,20261014,repaired,12,19030,6af7f94c07882fe4607e35f957b54443db0047942aa1b392ab487ce608c2134f,197,1,0,0,0,1,0,1,0,1,0,1,0,0.005208333333333333
eval-s20261014-repaired-12-19031,20261014,repaired,12,19031,c1f1f5aceb0171427882ca9f6b524b28b3df3cf0e8a3dabf2e33286a3ceaa50e,257,1,0,0,0,21,0,8,0,6,0,34,0,0.17708333333333334
eval-s20261014-repaired-24-19000,20261014,repaired,24,19000,bb6b0731993f436d357230a3c0cb0004bac4c3d49f05369c00637df528aa9e9e,512,1,1,0,0,96,1,57,1,57,1,192,1,1.0
eval-s20261014-repaired-24-19001,20261014,repaired,24,19001,142774d74658f5f3023dab144364cccca2c0d41b427a547c96e4fc3af8ac6b06,314,1,0,0,0,1,0,1,0,1,0,1,0,0.005208333333333333
eval-s20261014-repaired-24-19002,20261014,repaired,24,19002,d34588584af7296777089d7b86a47cebf3a3e307fb8c4ac086a68b7c00031333,485,1,0,0,0,10,0,10,0,9,0,19,0,0.09895833333333333
eval-s20261014-repaired-24-19003,20261014,repaired,24,19003,44438bc813608e3c4124cf06d0c3e8ceb46583b3444ea88b54bb311378596699,325,1,0,0,0,96,1,57,1,57,1,192,1,1.0
eval-s20261014-repaired-24-19004,20261014,repaired,24,19004,e30f4c033d40d5ce1e65235045a19bd057981b3476b9f26cdc2d8962f03cf4c6,155,1,0,0,0,96,1,57,1,57,1,192,1,1.0
eval-s20261014-repaired-24-19005,20261014,repaired,24,19005,b5f9b3d212edca68fe63fb205aae8597e6ee81fbc9fecf2e46bfa284cd1b8ea6,92,1,0,0,0,40,0,27,0,24,0,83,0,0.4322916666666667
eval-s20261014-repaired-24-19006,20261014,repaired,24,19006,3861d18211bdf89550b8872109f8b3a22255e2e82e3142ab5886174d6a851365,241,1,0,0,0,18,0,17,0,16,0,40,0,0.20833333333333334
eval-s20261014-repaired-24-19007,20261014,repaired,24,19007,bb0bfafe85db14cafd1e0a486c3acbd2f7a6ebb428ee78e883563b6833a1779a,296,1,0,0,0,28,0,18,0,12,0,58,0,0.3020833333333333
eval-s20261014-repaired-24-19008,20261014,repaired,24,19008,2e086788dcdaf61e3ef22c93735d2db54714d94181f01ac60be82bffb71b1c5a,158,1,0,0,0,26,0,24,0,22,0,63,0,0.328125
eval-s20261014-repaired-24-19009,20261014,repaired,24,19009,3f21751674094063442d58b528a726db4008c9f02375425d1d39cefe3344971f,133,1,0,0,0,70,0,53,0,53,0,139,0,0.7239583333333334
eval-s20261014-repaired-24-19010,20261014,repaired,24,19010,f5a363576e33904dcf87845936e3d4413b3ba499ed6ebb0db86ac6dd0fca8400,397,1,0,0,0,42,0,42,0,40,0,83,0,0.4322916666666667
eval-s20261014-repaired-24-19011,20261014,repaired,24,19011,85820ba352952f7cb0037c72fd3740c63f582133b4b1ef35d9b3e71ea2ec9236,496,1,0,0,0,96,1,57,1,57,1,192,1,1.0
eval-s20261014-repaired-24-19012,20261014,repaired,24,19012,880fd10d6741a0e1aeee0502631048407a68fd1b4abe60d6fb439eb5980f0b43,412,1,0,0,0,39,0,39,0,38,0,74,0,0.3854166666666667
eval-s20261014-repaired-24-19013,20261014,repaired,24,19013,e96b1a2f6ee2c337b7cd69e36665607a4122c05e7857d8296740a5128e92eaed,242,1,0,0,0,1,0,1,0,1,0,1,0,0.005208333333333333
eval-s20261014-repaired-24-19014,20261014,repaired,24,19014,9ec93efbd016be1e0d730f64d51df2ab9756620e29f0341ca9f34f9c3689b784,104,1,0,0,0,39,0,39,0,38,0,74,0,0.3854166666666667
eval-s20261014-repaired-24-19015,20261014,repaired,24,19015,721de693e0930df82db39348e41af33846d5c400d77684549b936748f7ca786a,463,1,0,0,0,96,1,57,1,57,1,192,1,1.0
eval-s20261014-repaired-24-19016,20261014,repaired,24,19016,bab60efeb94e5ce5126522c6fd41cd96d04eeda8664678b0ecedb168854293db,96,1,0,0,0,39,0,39,0,38,0,74,0,0.3854166666666667
eval-s20261014-repaired-24-19017,20261014,repaired,24,19017,531bc0be1d51547bf9b4ddecae7113378dd924c7dbca2e0258cee7678039bf5b,76,1,0,0,0,2,0,2,0,1,0,1,0,0.005208333333333333
eval-s20261014-repaired-24-19018,20261014,repaired,24,19018,716b3a5fd4eb8833bde0a3908e61b57f3026f765f04532bf2254907b03be52bc,46,1,0,0,0,2,0,2,0,1,0,1,0,0.005208333333333333
eval-s20261014-repaired-24-19019,20261014,repaired,24,19019,a8d2452f93f349c0b9168de3894deecf45f5cf51d570ecf1ca382245b6d847a8,177,1,0,0,0,1,0,1,0,0,0,0,0,0.0
eval-s20261014-repaired-24-19020,20261014,repaired,24,19020,4b39e822aca1f31d358f8b57c2835fb0fc5d72c1f7d7ffede1363a13ac4333d4,91,1,0,0,0,96,1,57,1,57,1,192,1,1.0
eval-s20261014-repaired-24-19021,20261014,repaired,24,19021,6af69a0538af71fb121d3e0134548b1b24f18b7e4bfaf9fd6e7354c15467e6c0,100,1,0,0,0,96,1,57,1,57,1,192,1,1.0
eval-s20261014-repaired-24-19022,20261014,repaired,24,19022,680c34cbbd5ecb035abd8ca1a837df79b8b04d677b2a7d817631e41f2ca7f416,148,1,0,0,0,2,0,2,0,1,0,1,0,0.005208333333333333
eval-s20261014-repaired-24-19023,20261014,repaired,24,19023,4c9470fef9b6a44b6b008dddff61221262a88edcdf5eaf49fb95a6afbd7bf247,169,1,0,0,0,28,0,18,0,12,0,58,0,0.3020833333333333
eval-s20261014-repaired-24-19024,20261014,repaired,24,19024,0739a0a33bc28ce7bf8a5fb84f3436578c5131920b5ff5e4915a06377f6315f6,482,1,0,0,0,15,0,14,0,14,0,28,0,0.14583333333333334
eval-s20261014-repaired-24-19025,20261014,repaired,24,19025,ac004e09ddfa2bd284ecb1148e09fb87dce27eded2c6cef3fa72084d7a9a43c5,78,1,0,0,0,39,0,39,0,38,0,74,0,0.3854166666666667
eval-s20261014-repaired-24-19026,20261014,repaired,24,19026,66890a519c8a51b67f164a068c6ceb00e06c25540ba6638a772b601b0804d142,135,1,0,0,0,28,0,18,0,12,0,58,0,0.3020833333333333
eval-s20261014-repaired-24-19027,20261014,repaired,24,19027,a8e85d893aa40c4d28a4cfd890f0689adf065e44533b987f97d88532b44bff84,339,1,0,0,0,96,1,57,1,57,1,192,1,1.0
eval-s20261014-repaired-24-19028,20261014,repaired,24,19028,2ddc4749d0a7b726656ce5995a718dbfe50c64773e5e36ca4596d7a5674f74ce,420,1,0,0,0,40,0,27,0,24,0,83,0,0.4322916666666667
eval-s20261014-repaired-24-19029,20261014,repaired,24,19029,a98276fdbbb2e444166aa09dd3e2c612e5d5c747cf7d393cd004ff44e562c786,143,1,0,0,0,1,0,1,0,1,0,1,0,0.005208333333333333
eval-s20261014-repaired-24-19030,20261014,repaired,24,19030,90f53bcef376c053711b0a80c182329ff6df8b698905be2dcf372b393a809ef2,424,1,0,0,0,28,0,18,0,12,0,58,0,0.3020833333333333
eval-s20261014-repaired-24-19031,20261014,repaired,24,19031,035c33952fdebda234da35a25f71fa5d38ffd75e67073b0f50c0e4a0188450dd,103,1,0,0,0,39,0,39,0,38,0,74,0,0.3854166666666667
eval-s20261014-repaired-24-19032,20261014,repaired,24,19032,87334543f698dfa362ffbdc8a6e770caebbc6f7f41064064a566f5d6181aa8b8,370,1,0,0,0,1,0,1,0,1,0,1,0,0.005208333333333333
eval-s20261014-repaired-24-19033,20261014,repaired,24,19033,f663fe071c725612b5c0b861f578b6bb3fa993bf2434e8d4663c641831f89da1,319,1,0,0,0,95,0,56,0,56,0,191,0,0.9947916666666666
eval-s20261014-repaired-24-19034,20261014,repaired,24,19034,bca89301608fed16ef70b59a9454d8afcdbaea7931bd576691a8e9aae7103114,147,1,0,0,0,38,0,38,0,37,0,73,0,0.3802083333333333
eval-s20261014-repaired-24-19035,20261014,repaired,24,19035,920fca4ac65b6df1d01e8c24f4e793c8a5db59cb18157acc3d7cbe3020ae2e54,499,1,0,0,0,0,0,0,0,0,0,0,0,0.0
eval-s20261014-repaired-24-19036,20261014,repaired,24,19036,69fabe83df9bf1061180204e695ed6836c1586ee7c4892387b6dae62f8ebb50f,504,1,0,0,0,36,0,27,0,22,0,79,0,0.4114583333333333
eval-s20261014-repaired-24-19037,20261014,repaired,24,19037,5264e5c524bca770e8d52c8b306b1f5e0e8c9de56cc15663824c6202da8b0e75,504,1,0,0,0,1,0,1,0,1,0,1,0,0.005208333333333333
eval-s20261014-repaired-24-19038,20261014,repaired,24,19038,b6030383cf40dea3c712e40e01cee308c9265a4abf2c2d953978c1b8ded10ccc,108,1,0,0,0,1,0,1,0,1,0,1,0,0.005208333333333333
eval-s20261014-repaired-24-19039,20261014,repaired,24,19039,aa671f48b5bdc8a1cf9e65d4164c40799811fe764d8bff4254ed6af4cd7459d4,82,1,0,0,0,96,1,57,1,57,1,192,1,1.0
eval-s20261014-repaired-24-19040,20261014,repaired,24,19040,73fb3ff8d28d399ac5280d7e8b652def07259ad630eef6879164f2aa577698a9,312,1,0,0,0,1,0,1,0,1,0,1,0,0.005208333333333333
eval-s20261014-repaired-24-19041,20261014,repaired,24,19041,3d37f4393479a173fc971511d66b1ed8410dd4e65c4077fddc9526549352a902,204,1,0,0,0,10,0,5,0,7,0,19,0,0.09895833333333333
eval-s20261014-repaired-24-19042,20261014,repaired,24,19042,c83513bfb9811faf84c91c9431e03d625eb43d90c3b3106843e3c7be8a390253,170,1,0,0,0,1,0,1,0,1,0,1,0,0.005208333333333333
eval-s20261014-repaired-24-19043,20261014,repaired,24,19043,566be570209145ed34d7bd86533a8aa7fa92760140d78536871a960fb6d3d225,140,1,0,0,0,2,0,2,0,1,0,1,0,0.005208333333333333
eval-s20261014-repaired-24-19044,20261014,repaired,24,19044,55fdd0a40093ec00a77b483866e014f9238ac44e0205bcbe468d46ab2ef22b9b,437,1,0,0,0,96,1,57,1,57,1,192,1,1.0
eval-s20261014-repaired-24-19045,20261014,repaired,24,19045,20e6eb920511da2f0d496cbec88c01141e15552d63d4f1173678ee333a59fd72,512,1,1,0,0,96,1,57,1,57,1,192,1,1.0
eval-s20261014-repaired-24-19046,20261014,repaired,24,19046,c919909e2d64b369ec66f314fbab2a3981a66a4d373aeaa8bac6069a13031557,508,1,0,0,0,96,1,57,1,57,1,192,1,1.0
eval-s20261014-repaired-24-19047,20261014,repaired,24,19047,8f01f14c8b4751f42512517c7c161441feb0a67db8e663454fd4348ea1c07cea,174,1,0,0,0,96,1,57,1,57,1,192,1,1.0
eval-s20261014-repaired-24-19048,20261014,repaired,24,19048,0e3d52f961d17f020c6033187be969d826c3f5615048388303324227b3fde9da,160,1,0,0,0,1,0,1,0,1,0,1,0,0.005208333333333333
eval-s20261014-repaired-24-19049,20261014,repaired,24,19049,0a07ac7519e42eaec3b10011ad0c586f39601bb0dc0f0f2e2cf8c3fbfcaf468c,96,1,0,0,0,96,1,57,1,57,1,192,1,1.0
eval-s20261014-repaired-24-19050,20261014,repaired,24,19050,aff71cd37b7ef637df980289d7d98fbbaba1597fa6b43d28414da719ab0f9273,110,1,0,0,0,28,0,18,0,12,0,58,0,0.3020833333333333
eval-s20261014-repaired-24-19051,20261014,repaired,24,19051,cedbdbce8f2a518b6d4f244ff1fa7ef3ad5017051facf22aa954b139d4bcb1fc,118,1,0,0,0,96,1,57,1,57,1,192,1,1.0
eval-s20261014-repaired-24-19052,20261014,repaired,24,19052,18c902b2a404927dd33965cd5004df4fb81ee81df862e4b26f42657f3e1bca73,482,1,0,0,0,0,0,0,0,0,0,0,0,0.0
eval-s20261014-repaired-24-19053,20261014,repaired,24,19053,0e34ae9bc98a5c2d7947025cd3f595c0f5efe25dd62126ec1a09797fb5554522,467,1,0,1,1,64,0,57,1,49,0,127,0,0.6614583333333334
eval-s20261014-repaired-24-19054,20261014,repaired,24,19054,56f579aa3bc9bead1fb191d9812c28b16e8d2aaef1ee9ae159d5a6863526ead2,208,1,0,0,0,0,0,0,0,0,0,0,0,0.0
eval-s20261014-repaired-24-19055,20261014,repaired,24,19055,8fdb5008f07e187c135b54dffd8170cc70353c117498320d2f0c8c2cdb2d3d84,383,1,0,0,0,1,0,1,0,1,0,1,0,0.005208333333333333
eval-s20261014-repaired-24-19056,20261014,repaired,24,19056,5996524d6ea3c2924791397a7915c550003aed6e8b84acc6284a553b789e0ded,117,1,0,0,0,23,0,13,0,14,0,42,0,0.21875
eval-s20261014-repaired-24-19057,20261014,repaired,24,19057,877a373ba290a4ac65fbd5c4f570d8fe2d2560016e96e3b3ddcc02e531c4aae5,145,1,0,0,0,1,0,1,0,1,0,1,0,0.005208333333333333
eval-s20261014-repaired-24-19058,20261014,repaired,24,19058,8e11721bc1b4c6a090872a72310a9b4e55bba77777ac37bb1f9d7acb7335c83c,507,1,0,0,0,96,1,57,1,57,1,192,1,1.0
eval-s20261014-repaired-24-19059,20261014,repaired,24,19059,cd9a8959b539b8b7926232519497c28c08fd79792dc6484045fd1731e1eabeab,512,1,1,0,0,5,0,3,0,1,0,6,0,0.03125
eval-s20261014-repaired-24-19060,20261014,repaired,24,19060,1e4cef90a3d8067e4a09f517a214a96732579aef56a0e64938c90295a78d3fcb,394,1,0,0,0,96,1,57,1,57,1,192,1,1.0
eval-s20261014-repaired-24-19061,20261014,repaired,24,19061,253723c5179ed1e5d5c2a6a4983a4f39e9d61f6860fcae6f509bf7ee54b417ac,321,1,0,0,0,39,0,39,0,38,0,74,0,0.3854166666666667
eval-s20261014-repaired-24-19062,20261014,repaired,24,19062,d9d9b5f75490facf903f6450c2c9fbe1ba728bf09a92a05ad718888186ed1cbb,512,1,1,0,0,96,1,57,1,57,1,192,1,1.0
eval-s20261014-repaired-24-19063,20261014,repaired,24,19063,fd246707f85929b69403e54279a7a478324a183044e74003843c1ba10fdd5089,309,1,0,0,0,96,1,57,1,57,1,192,1,1.0
eval-s20261014-repaired-24-19064,20261014,repaired,24,19064,3cf22bb90e4d97258066e79097c557421c67e854bad7bb01e3c24339d79bae83,512,1,1,0,0,0,0,0,0,0,0,0,0,0.0
eval-s20261014-repaired-24-19065,20261014,repaired,24,19065,a482c60e9b8aa393aa1ef45a78f231b554c99d91ee20ce16526f543486432122,121,1,0,0,0,39,0,39,0,38,0,74,0,0.3854166666666667
eval-s20261014-repaired-24-19066,20261014,repaired,24,19066,454a90624afaabed2d6511ca50efb54f8c23dcbbb82c2c4e47bcce712c72009f,493,1,0,0,0,49,0,43,0,37,0,91,0,0.4739583333333333
eval-s20261014-repaired-24-19067,20261014,repaired,24,19067,c8b127256daf95343529b311cdc8ab3bfab0dbd64d59cc25329c279bc77e5de8,164,1,0,0,1,72,0,57,1,50,0,145,0,0.7552083333333334
eval-s20261014-repaired-24-19068,20261014,repaired,24,19068,328fdeafff702c070459fce57cd215cd3e7a66f69c8d8fc4307714e5c499bd76,458,1,0,0,0,2,0,2,0,1,0,1,0,0.005208333333333333
eval-s20261014-repaired-24-19069,20261014,repaired,24,19069,d273a5e3659e23d98d8e1b8aa2715159b217f8bc0fdfaf4747a0ffdb257de11a,512,1,1,0,0,96,1,57,1,57,1,192,1,1.0
eval-s20261014-repaired-24-19070,20261014,repaired,24,19070,5a2a4985cc0e3a50dc9df80027e83ec13b1d0ae4b208678a1dd67856fb1599ce,294,1,0,0,0,22,0,12,0,13,0,44,0,0.22916666666666666
eval-s20261014-repaired-24-19071,20261014,repaired,24,19071,102759e6bd3d0671f5ec0492b84a2e0e5bc67a987a431219446fea530e2147bb,192,1,0,0,0,96,1,57,1,57,1,192,1,1.0
eval-s20261014-repaired-24-19072,20261014,repaired,24,19072,2cd8c13afd52dcca3e6f615a2272c092c3ca66631f48e1cc5448a0c3ade5f414,95,1,0,0,0,58,0,39,0,43,0,112,0,0.5833333333333334
eval-s20261014-repaired-24-19073,20261014,repaired,24,19073,9a53990823b6e75cae3cfeda557def10fd33f57845c3ed6e73ccb8737770ab69,109,1,0,0,0,0,0,0,0,0,0,0,0,0.0
eval-s20261014-repaired-24-19074,20261014,repaired,24,19074,a98b2b9b520add66c4d7ac2d67bb1c8068444588a8596d350b2d06c68763b4ab,232,1,0,0,0,39,0,39,0,38,0,74,0,0.3854166666666667
eval-s20261014-repaired-24-19075,20261014,repaired,24,19075,812874ef3ff3106368f94332994dd15fd02c8c53fcaf25604d157dda20a8b5ac,493,1,0,0,0,1,0,1,0,1,0,1,0,0.005208333333333333
eval-s20261014-repaired-24-19076,20261014,repaired,24,19076,2bb0404140f5faa31656c8b6eba65ac25f6c38058ce869a8bd3c4fb1445ceb96,427,1,0,0,0,39,0,39,0,38,0,74,0,0.3854166666666667
eval-s20261014-repaired-24-19077,20261014,repaired,24,19077,827fc040386bbbcea8d95a003401ce2b882bfb96208463c99a8d401c0c6a8f49,95,1,0,0,0,96,1,57,1,57,1,192,1,1.0
eval-s20261014-repaired-24-19078,20261014,repaired,24,19078,0ce4d9d7efb943fdb28622454a64753bbf660eac83f3c7f3c3575580682ef5db,81,1,0,0,0,39,0,39,0,38,0,74,0,0.3854166666666667
eval-s20261014-repaired-24-19079,20261014,repaired,24,19079,e133cf539723e145af9ae5f66310375f97878e2d39708dcae9f022772f927e46,63,1,0,0,0,0,0,0,0,0,0,0,0,0.0
eval-s20261014-repaired-24-19080,20261014,repaired,24,19080,158a832876b7fe93697d7c424c14877c8b97b36cd7a0a092da32654dc4f3eeec,419,1,0,0,0,13,0,5,0,9,0,27,0,0.140625
eval-s20261014-repaired-24-19081,20261014,repaired,24,19081,98b4e7ff93601c44cf2f03f8c2b1ee6d6a4d42a7a89a924819d82bc0e16ed48a,423,1,0,0,0,75,0,53,0,53,0,151,0,0.7864583333333334
eval-s20261014-repaired-24-19082,20261014,repaired,24,19082,5a18e6b8dfddcf262f0930aa7b24101e2051e2bc359d5c7367bc341fe4e3083e,189,1,0,0,0,96,1,57,1,57,1,192,1,1.0
eval-s20261014-repaired-24-19083,20261014,repaired,24,19083,535b421d5af149696c23044687d5cd4c43e0c9b96fe6c7956cf8e7b3a67e725d,322,1,0,0,0,95,0,56,0,56,0,191,0,0.9947916666666666
eval-s20261014-repaired-24-19084,20261014,repaired,24,19084,3edaedf518fcfa4c5d4ce349348595af74ec275d26892023dd1eb1091f9aa04e,448,1,0,0,0,76,0,54,0,54,0,152,0,0.7916666666666666
eval-s20261014-repaired-24-19085,20261014,repaired,24,19085,50ae11f9861f6f6a31b7fc9a28f3933790f2423a16914ce950536dfaa2090220,485,1,0,0,0,96,1,57,1,57,1,192,1,1.0
eval-s20261014-repaired-24-19086,20261014,repaired,24,19086,227c29410406fbbce1fe50dc170ecfe174495a65f8a3118b1cf22d77f1800dd3,362,1,0,0,0,96,1,57,1,57,1,192,1,1.0
eval-s20261014-repaired-24-19087,20261014,repaired,24,19087,989987f70dbec0b64883cd2234e56e8f5a96b8996d41a4fd39c425804e5ccc37,95,1,0,0,0,96,1,57,1,57,1,192,1,1.0
eval-s20261014-repaired-24-19088,20261014,repaired,24,19088,a80d5da96a9fac8fc16b0862609b19a1628f7de0a19cff57241750c4548c45bc,123,1,0,0,0,96,1,57,1,57,1,192,1,1.0
eval-s20261014-repaired-24-19089,20261014,repaired,24,19089,5b53047c303deb5d5ea43b5ff36872828247474e8f39074cd0a2f7eb83cc4331,121,1,0,0,0,39,0,39,0,38,0,74,0,0.3854166666666667
eval-s20261014-repaired-24-19090,20261014,repaired,24,19090,92c73dd3dc6b607fd1122d83e46ecdd4b5d71f658c77575ccdf87fbcbc91f577,268,1,0,0,0,0,0,0,0,0,0,0,0,0.0
eval-s20261014-repaired-24-19091,20261014,repaired,24,19091,5b1ac0d1429286fa2627f24f278aab4c66cf7062f4e127d5363af51e17d94b9f,447,0,0,0,0,0,0,0,0,0,0,0,0,0.0
eval-s20261014-repaired-24-19092,20261014,repaired,24,19092,8c7d1ce64828e49455c39d4d0d4e7c8877132f82161272cfe31d7d5040ff6a42,305,1,0,0,0,72,0,54,0,54,0,141,0,0.734375
eval-s20261014-repaired-24-19093,20261014,repaired,24,19093,656d7b5665c44dae258dee3a8b7b849ab304b2da2c37ae1eab7b98705a7b9487,117,1,0,0,0,28,0,25,0,27,0,53,0,0.2760416666666667
eval-s20261014-repaired-24-19094,20261014,repaired,24,19094,8182accc81800bbc49b0ddf2522b642b510d77f24989eb7654afe42136da98a1,278,1,0,0,0,55,0,54,0,46,0,109,0,0.5677083333333334
eval-s20261014-repaired-24-19095,20261014,repaired,24,19095,2757eb2bc5ad02bfbb6d6247ca9d3d11a87d1577fb25d71d79e49a698c090009,144,1,0,0,0,28,0,18,0,12,0,58,0,0.3020833333333333
eval-s20261014-repaired-24-19096,20261014,repaired,24,19096,5224435026231c9568006e8a347057e9ed706e1495affd190399afa70421c6df,308,1,0,0,0,1,0,1,0,1,0,1,0,0.005208333333333333
eval-s20261014-repaired-24-19097,20261014,repaired,24,19097,3482da49ed8672ea20817e6ade990510fb6e38c511a8d756c7e89292fb86a5cb,88,1,0,0,0,5,0,3,0,1,0,6,0,0.03125
eval-s20261014-repaired-24-19098,20261014,repaired,24,19098,9e9969c5fb06df6d07041d0f90f9240759aa0207b828f7d672e1af985eb9c933,178,1,0,0,0,36,0,27,0,22,0,79,0,0.4114583333333333
eval-s20261014-repaired-24-19099,20261014,repaired,24,19099,16f949dee5e080db409e76a7b0a0c1bc2148bf4456ea980eb0a796e1deb90b9e,304,1,0,0,0,41,0,41,0,39,0,88,0,0.4583333333333333
eval-s20261014-repaired-24-19100,20261014,repaired,24,19100,669782f3123ad8802f78a8e0403c41e0752ba13104208f580fabd4b903b3652f,127,1,0,0,0,1,0,1,0,1,0,1,0,0.005208333333333333
eval-s20261014-repaired-24-19101,20261014,repaired,24,19101,05e4941b6ea6ab62c3f44d95aa1ab522130bccdb3b2b2807e014a6ffedf1929b,161,1,0,0,0,46,0,42,0,43,0,96,0,0.5
eval-s20261014-repaired-24-19102,20261014,repaired,24,19102,4f5c6a9f20ffabcb0ef2e8b7d03fd31c11a8120db43f135283c62a7a76feecef,146,1,0,0,0,39,0,39,0,38,0,74,0,0.3854166666666667
eval-s20261014-repaired-24-19103,20261014,repaired,24,19103,14e93931ca016b07c5ad5e00b6e90acc4af2f331adec6bc8a27e3a847e96ebc8,218,1,0,0,0,96,1,57,1,57,1,192,1,1.0
eval-s20261014-repaired-24-19104,20261014,repaired,24,19104,1efb140d2935b787b7fcec9fa403ae8bcdf73045e3cee0c6fda31261232ff281,383,1,0,0,0,73,0,50,0,50,0,146,0,0.7604166666666666
eval-s20261014-repaired-24-19105,20261014,repaired,24,19105,857d25e76fdbd548da4ab66e7d5a6a43e000d746395742f3257dcf8149a09f63,362,1,0,0,0,39,0,39,0,38,0,74,0,0.3854166666666667
eval-s20261014-repaired-24-19106,20261014,repaired,24,19106,52d8faa29cc45371b6e1d0d94f67da855dceb29d7014c4b15cb436538c5282dc,480,1,0,1,1,64,0,57,1,49,0,127,0,0.6614583333333334
eval-s20261014-repaired-24-19107,20261014,repaired,24,19107,320a56438ff9720246b8bdae2c23f3151022688e84bc58a07d8ac0e8f6b17734,464,1,0,0,0,27,0,25,0,25,0,49,0,0.2552083333333333
eval-s20261014-repaired-24-19108,20261014,repaired,24,19108,5312368a3ced7015761425e9f9cc29eaf93d92f7f3a3d0f089c0ce3dd7900bda,194,1,0,0,0,96,1,57,1,57,1,192,1,1.0
eval-s20261014-repaired-24-19109,20261014,repaired,24,19109,102b964917a606b6bc886839dc0083ffb4508be19595f5cd2752079b656fe884,206,1,0,0,0,0,0,0,0,0,0,0,0,0.0
eval-s20261014-repaired-24-19110,20261014,repaired,24,19110,a7db7c6144c6f539c6b7938b6352e898ee19f18281e1ae4bc2957ccfb6a9ccbe,102,1,0,0,0,96,1,57,1,57,1,192,1,1.0
eval-s20261014-repaired-24-19111,20261014,repaired,24,19111,52ddd6ef71de78e77709824c5ce61bac24fa3aab6db7ff3440d0bc5b30c09ab7,416,1,0,0,0,39,0,39,0,38,0,74,0,0.3854166666666667
eval-s20261014-repaired-24-19112,20261014,repaired,24,19112,7c83cf2853337b3ba7c805dc91ea9824000bc59538f87b1d18f22a1283c2c4b0,392,1,0,0,0,34,0,21,0,21,0,60,0,0.3125
eval-s20261014-repaired-24-19113,20261014,repaired,24,19113,182fce0e27a83190955849dbfe784f06993121430ebdc99913da3bb6f587b3d1,134,1,0,0,0,28,0,18,0,12,0,58,0,0.3020833333333333
eval-s20261014-repaired-24-19114,20261014,repaired,24,19114,3fc9c03a178b1204f460121f10ea8e99d99986b9543587976f6e90d03eae156f,512,1,1,0,0,46,0,32,0,34,0,90,0,0.46875
eval-s20261014-repaired-24-19115,20261014,repaired,24,19115,5b1ac0d1429286fa2627f24f278aab4c66cf7062f4e127d5363af51e17d94b9f,435,0,0,0,0,0,0,0,0,0,0,0,0,0.0
eval-s20261014-repaired-24-19116,20261014,repaired,24,19116,8b709275ec95348154479403df93dd0dd8bc94d058dfe437d6aa9de528d06f2a,135,1,0,0,0,1,0,1,0,1,0,1,0,0.005208333333333333
eval-s20261014-repaired-24-19117,20261014,repaired,24,19117,e2ea59241cfd110604397145c24b8c5e84b77611c807b97f7f15210a2ab68690,269,1,0,0,0,0,0,0,0,0,0,0,0,0.0
eval-s20261014-repaired-24-19118,20261014,repaired,24,19118,34db6db980070235ba8ee50023194664c0a8530430c4140360ba4d0c60d9aa5f,80,1,0,0,0,42,0,40,0,38,0,83,0,0.4322916666666667
eval-s20261014-repaired-24-19119,20261014,repaired,24,19119,999ba5faf48c3803ecf254766a83c9fbc87086263fda957daa073f9d4c7e79ed,307,1,0,0,0,27,0,17,0,11,0,57,0,0.296875
eval-s20261014-repaired-24-19120,20261014,repaired,24,19120,978b7e1349c2150f638fc30c909c8c89a78d3f151691955bd879df730be68a6b,512,1,1,0,0,96,1,57,1,57,1,192,1,1.0
eval-s20261014-repaired-24-19121,20261014,repaired,24,19121,981d0e79317c097579068fad0822194da631e496895e804ec9fe2aea7a0a41f7,268,1,0,0,0,96,1,57,1,57,1,192,1,1.0
eval-s20261014-repaired-24-19122,20261014,repaired,24,19122,fcbb8bd10038db7f0a64c3420b0c4dabfe7143cf2e2b7ccd2ff9e8ac370dc27d,496,1,0,0,0,1,0,1,0,1,0,1,0,0.005208333333333333
eval-s20261014-repaired-24-19123,20261014,repaired,24,19123,2769385a75519689648df3da012d4d9836d39ed19770c22c94a5ecec7e569fe8,395,1,0,1,1,64,0,57,1,49,0,127,0,0.6614583333333334
eval-s20261014-repaired-24-19124,20261014,repaired,24,19124,7e2398d6f26eaed273658a5d0f7e00de0215605ac032aca31c4ea7087898e1ca,118,1,0,0,0,96,1,57,1,57,1,192,1,1.0
eval-s20261014-repaired-24-19125,20261014,repaired,24,19125,7434a76d9ea3b09e5bbe3fc7ffd49adb42323f1be481815dddf222ffe56295fb,106,1,0,0,0,11,0,7,0,9,0,21,0,0.109375
eval-s20261014-repaired-24-19126,20261014,repaired,24,19126,72b19dc018f881b52cf2bc475f9eb9aa7fea62275fbc15c9fab3d6b65a3ceca7,103,1,0,0,0,25,0,25,0,24,0,58,0,0.3020833333333333
eval-s20261014-repaired-24-19127,20261014,repaired,24,19127,a8810de40dd41088e3e8fbfe8e35b9e8bb9630d50beb1399cd32e2b9cde33f02,117,1,0,0,0,96,1,57,1,57,1,192,1,1.0
